[{"model": "BiLSTM-CNN-CRF", "attack_results": {"ConcatSent_CrossCategory": {"ori": 82.1, "trans": 78.59, "sample_num": 2049, "ori_download_link": "https://www.textflint.com/static/Tasks/NER/trans_dataset/ACE 2005/ori_ConcatSent_CrossCategory.json", "trans_download_link": "https://www.textflint.com/static/Tasks/NER/trans_dataset/ACE 2005/trans_ConcatSent_CrossCategory.json", "contributor": {"name": "Yiding Tan", "github": "https://github.com/Tannidy"}}, "ConcatSent_EntTypos": {"ori": 83.17, "trans": 80.2, "sample_num": 1297, "ori_download_link": "https://www.textflint.com/static/Tasks/NER/trans_dataset/ACE 2005/ori_ConcatSent_EntTypos.json", "trans_download_link": "https://www.textflint.com/static/Tasks/NER/trans_dataset/ACE 2005/trans_ConcatSent_EntTypos.json", "contributor": {"name": "Yiding Tan", "github": "https://github.com/Tannidy"}}, "ConcatSent_OOV": {"ori": 82.1, "trans": 76.53, "sample_num": 2049, "ori_download_link": "https://www.textflint.com/static/Tasks/NER/trans_dataset/ACE 2005/ori_ConcatSent_OOV.json", "trans_download_link": "https://www.textflint.com/static/Tasks/NER/trans_dataset/ACE 2005/trans_ConcatSent_OOV.json", "contributor": {"name": "Yiding Tan", "github": "https://github.com/Tannidy"}}, "ConcatSent_SwapLonger": {"ori": 82.1, "trans": 77.45, "sample_num": 2049, "ori_download_link": "https://www.textflint.com/static/Tasks/NER/trans_dataset/ACE 2005/ori_ConcatSent_SwapLonger.json", "trans_download_link": "https://www.textflint.com/static/Tasks/NER/trans_dataset/ACE 2005/trans_ConcatSent_SwapLonger.json", "contributor": {"name": "Yiding Tan", "github": "https://github.com/Tannidy"}}, "CrossCategory_EntTypos": {"ori": 83.14, "trans": 74.16, "sample_num": 1327, "ori_download_link": "https://www.textflint.com/static/Tasks/NER/trans_dataset/ACE 2005/ori_CrossCategory_EntTypos.json", "trans_download_link": "https://www.textflint.com/static/Tasks/NER/trans_dataset/ACE 2005/trans_CrossCategory_EntTypos.json", "contributor": {"name": "Yiding Tan", "github": "https://github.com/Tannidy"}}, "CrossCategory_SwapLonger": {"ori": 82.08, "trans": 70.54, "sample_num": 2050, "ori_download_link": "https://www.textflint.com/static/Tasks/NER/trans_dataset/ACE 2005/ori_CrossCategory_SwapLonger.json", "trans_download_link": "https://www.textflint.com/static/Tasks/NER/trans_dataset/ACE 2005/trans_CrossCategory_SwapLonger.json", "contributor": {"name": "Yiding Tan", "github": "https://github.com/Tannidy"}}, "OOV_EntTypos": {"ori": 83.14, "trans": 65.77, "sample_num": 1326, "ori_download_link": "https://www.textflint.com/static/Tasks/NER/trans_dataset/ACE 2005/ori_OOV_EntTypos.json", "trans_download_link": "https://www.textflint.com/static/Tasks/NER/trans_dataset/ACE 2005/trans_OOV_EntTypos.json", "contributor": {"name": "Yiding Tan", "github": "https://github.com/Tannidy"}}, "OOV_SwapLonger": {"ori": 82.08, "trans": 71.2, "sample_num": 2050, "ori_download_link": "https://www.textflint.com/static/Tasks/NER/trans_dataset/ACE 2005/ori_OOV_SwapLonger.json", "trans_download_link": "https://www.textflint.com/static/Tasks/NER/trans_dataset/ACE 2005/trans_OOV_SwapLonger.json", "contributor": {"name": "Yiding Tan", "github": "https://github.com/Tannidy"}}, "SwapLonger_EntTypos": {"ori": 83.09, "trans": 70.18, "sample_num": 1315, "ori_download_link": "https://www.textflint.com/static/Tasks/NER/trans_dataset/ACE 2005/ori_SwapLonger_EntTypos.json", "trans_download_link": "https://www.textflint.com/static/Tasks/NER/trans_dataset/ACE 2005/trans_SwapLonger_EntTypos.json", "contributor": {"name": "Yiding Tan", "github": "https://github.com/Tannidy"}}}}, {"model": "BiLSTM-CRF", "attack_results": {"ConcatSent_CrossCategory": {"ori": 82.96, "trans": 79.24, "sample_num": 2049, "ori_download_link": "https://www.textflint.com/static/Tasks/NER/trans_dataset/ACE 2005/ori_ConcatSent_CrossCategory.json", "trans_download_link": "https://www.textflint.com/static/Tasks/NER/trans_dataset/ACE 2005/trans_ConcatSent_CrossCategory.json", "contributor": {"name": "Yiding Tan", "github": "https://github.com/Tannidy"}}, "ConcatSent_EntTypos": {"ori": 84.14, "trans": 81.18, "sample_num": 1297, "ori_download_link": "https://www.textflint.com/static/Tasks/NER/trans_dataset/ACE 2005/ori_ConcatSent_EntTypos.json", "trans_download_link": "https://www.textflint.com/static/Tasks/NER/trans_dataset/ACE 2005/trans_ConcatSent_EntTypos.json", "contributor": {"name": "Yiding Tan", "github": "https://github.com/Tannidy"}}, "ConcatSent_OOV": {"ori": 82.96, "trans": 76.16, "sample_num": 2049, "ori_download_link": "https://www.textflint.com/static/Tasks/NER/trans_dataset/ACE 2005/ori_ConcatSent_OOV.json", "trans_download_link": "https://www.textflint.com/static/Tasks/NER/trans_dataset/ACE 2005/trans_ConcatSent_OOV.json", "contributor": {"name": "Yiding Tan", "github": "https://github.com/Tannidy"}}, "ConcatSent_SwapLonger": {"ori": 82.96, "trans": 73.2, "sample_num": 2049, "ori_download_link": "https://www.textflint.com/static/Tasks/NER/trans_dataset/ACE 2005/ori_ConcatSent_SwapLonger.json", "trans_download_link": "https://www.textflint.com/static/Tasks/NER/trans_dataset/ACE 2005/trans_ConcatSent_SwapLonger.json", "contributor": {"name": "Yiding Tan", "github": "https://github.com/Tannidy"}}, "CrossCategory_EntTypos": {"ori": 84.07, "trans": 71.63, "sample_num": 1327, "ori_download_link": "https://www.textflint.com/static/Tasks/NER/trans_dataset/ACE 2005/ori_CrossCategory_EntTypos.json", "trans_download_link": "https://www.textflint.com/static/Tasks/NER/trans_dataset/ACE 2005/trans_CrossCategory_EntTypos.json", "contributor": {"name": "Yiding Tan", "github": "https://github.com/Tannidy"}}, "CrossCategory_SwapLonger": {"ori": 82.94, "trans": 56.72, "sample_num": 2050, "ori_download_link": "https://www.textflint.com/static/Tasks/NER/trans_dataset/ACE 2005/ori_CrossCategory_SwapLonger.json", "trans_download_link": "https://www.textflint.com/static/Tasks/NER/trans_dataset/ACE 2005/trans_CrossCategory_SwapLonger.json", "contributor": {"name": "Yiding Tan", "github": "https://github.com/Tannidy"}}, "OOV_EntTypos": {"ori": 84.07, "trans": 60.7, "sample_num": 1326, "ori_download_link": "https://www.textflint.com/static/Tasks/NER/trans_dataset/ACE 2005/ori_OOV_EntTypos.json", "trans_download_link": "https://www.textflint.com/static/Tasks/NER/trans_dataset/ACE 2005/trans_OOV_EntTypos.json", "contributor": {"name": "Yiding Tan", "github": "https://github.com/Tannidy"}}, "OOV_SwapLonger": {"ori": 82.94, "trans": 56.41, "sample_num": 2050, "ori_download_link": "https://www.textflint.com/static/Tasks/NER/trans_dataset/ACE 2005/ori_OOV_SwapLonger.json", "trans_download_link": "https://www.textflint.com/static/Tasks/NER/trans_dataset/ACE 2005/trans_OOV_SwapLonger.json", "contributor": {"name": "Yiding Tan", "github": "https://github.com/Tannidy"}}, "SwapLonger_EntTypos": {"ori": 84.01, "trans": 52.99, "sample_num": 1315, "ori_download_link": "https://www.textflint.com/static/Tasks/NER/trans_dataset/ACE 2005/ori_SwapLonger_EntTypos.json", "trans_download_link": "https://www.textflint.com/static/Tasks/NER/trans_dataset/ACE 2005/trans_SwapLonger_EntTypos.json", "contributor": {"name": "Yiding Tan", "github": "https://github.com/Tannidy"}}}}, {"model": "LM-LSTM-CRF", "attack_results": {"ConcatSent_CrossCategory": {"ori": 84.49, "trans": 81.64, "sample_num": 2049, "ori_download_link": "https://www.textflint.com/static/Tasks/NER/trans_dataset/ACE 2005/ori_ConcatSent_CrossCategory.json", "trans_download_link": "https://www.textflint.com/static/Tasks/NER/trans_dataset/ACE 2005/trans_ConcatSent_CrossCategory.json", "contributor": {"name": "Yiding Tan", "github": "https://github.com/Tannidy"}}, "ConcatSent_EntTypos": {"ori": 85.24, "trans": 82.53, "sample_num": 1297, "ori_download_link": "https://www.textflint.com/static/Tasks/NER/trans_dataset/ACE 2005/ori_ConcatSent_EntTypos.json", "trans_download_link": "https://www.textflint.com/static/Tasks/NER/trans_dataset/ACE 2005/trans_ConcatSent_EntTypos.json", "contributor": {"name": "Yiding Tan", "github": "https://github.com/Tannidy"}}, "ConcatSent_OOV": {"ori": 84.49, "trans": 81.37, "sample_num": 2049, "ori_download_link": "https://www.textflint.com/static/Tasks/NER/trans_dataset/ACE 2005/ori_ConcatSent_OOV.json", "trans_download_link": "https://www.textflint.com/static/Tasks/NER/trans_dataset/ACE 2005/trans_ConcatSent_OOV.json", "contributor": {"name": "Yiding Tan", "github": "https://github.com/Tannidy"}}, "ConcatSent_SwapLonger": {"ori": 84.49, "trans": 77.68, "sample_num": 2049, "ori_download_link": "https://www.textflint.com/static/Tasks/NER/trans_dataset/ACE 2005/ori_ConcatSent_SwapLonger.json", "trans_download_link": "https://www.textflint.com/static/Tasks/NER/trans_dataset/ACE 2005/trans_ConcatSent_SwapLonger.json", "contributor": {"name": "Yiding Tan", "github": "https://github.com/Tannidy"}}, "CrossCategory_EntTypos": {"ori": 85.2, "trans": 79.64, "sample_num": 1327, "ori_download_link": "https://www.textflint.com/static/Tasks/NER/trans_dataset/ACE 2005/ori_CrossCategory_EntTypos.json", "trans_download_link": "https://www.textflint.com/static/Tasks/NER/trans_dataset/ACE 2005/trans_CrossCategory_EntTypos.json", "contributor": {"name": "Yiding Tan", "github": "https://github.com/Tannidy"}}, "CrossCategory_SwapLonger": {"ori": 84.48, "trans": 67.22, "sample_num": 2050, "ori_download_link": "https://www.textflint.com/static/Tasks/NER/trans_dataset/ACE 2005/ori_CrossCategory_SwapLonger.json", "trans_download_link": "https://www.textflint.com/static/Tasks/NER/trans_dataset/ACE 2005/trans_CrossCategory_SwapLonger.json", "contributor": {"name": "Yiding Tan", "github": "https://github.com/Tannidy"}}, "OOV_EntTypos": {"ori": 85.2, "trans": 75.59, "sample_num": 1326, "ori_download_link": "https://www.textflint.com/static/Tasks/NER/trans_dataset/ACE 2005/ori_OOV_EntTypos.json", "trans_download_link": "https://www.textflint.com/static/Tasks/NER/trans_dataset/ACE 2005/trans_OOV_EntTypos.json", "contributor": {"name": "Yiding Tan", "github": "https://github.com/Tannidy"}}, "OOV_SwapLonger": {"ori": 84.48, "trans": 68.17, "sample_num": 2050, "ori_download_link": "https://www.textflint.com/static/Tasks/NER/trans_dataset/ACE 2005/ori_OOV_SwapLonger.json", "trans_download_link": "https://www.textflint.com/static/Tasks/NER/trans_dataset/ACE 2005/trans_OOV_SwapLonger.json", "contributor": {"name": "Yiding Tan", "github": "https://github.com/Tannidy"}}, "SwapLonger_EntTypos": {"ori": 85.19, "trans": 66.14, "sample_num": 1315, "ori_download_link": "https://www.textflint.com/static/Tasks/NER/trans_dataset/ACE 2005/ori_SwapLonger_EntTypos.json", "trans_download_link": "https://www.textflint.com/static/Tasks/NER/trans_dataset/ACE 2005/trans_SwapLonger_EntTypos.json", "contributor": {"name": "Yiding Tan", "github": "https://github.com/Tannidy"}}}}, {"model": "BERT-base(cased)", "attack_results": {"ConcatSent_CrossCategory": {"ori": 87.27, "trans": 83.08, "sample_num": 2049, "ori_download_link": "https://www.textflint.com/static/Tasks/NER/trans_dataset/ACE 2005/ori_ConcatSent_CrossCategory.json", "trans_download_link": "https://www.textflint.com/static/Tasks/NER/trans_dataset/ACE 2005/trans_ConcatSent_CrossCategory.json", "contributor": {"name": "Yiding Tan", "github": "https://github.com/Tannidy"}}, "ConcatSent_EntTypos": {"ori": 87.97, "trans": 85.74, "sample_num": 1297, "ori_download_link": "https://www.textflint.com/static/Tasks/NER/trans_dataset/ACE 2005/ori_ConcatSent_EntTypos.json", "trans_download_link": "https://www.textflint.com/static/Tasks/NER/trans_dataset/ACE 2005/trans_ConcatSent_EntTypos.json", "contributor": {"name": "Yiding Tan", "github": "https://github.com/Tannidy"}}, "ConcatSent_OOV": {"ori": 87.27, "trans": 82.52, "sample_num": 2049, "ori_download_link": "https://www.textflint.com/static/Tasks/NER/trans_dataset/ACE 2005/ori_ConcatSent_OOV.json", "trans_download_link": "https://www.textflint.com/static/Tasks/NER/trans_dataset/ACE 2005/trans_ConcatSent_OOV.json", "contributor": {"name": "Yiding Tan", "github": "https://github.com/Tannidy"}}, "ConcatSent_SwapLonger": {"ori": 87.27, "trans": 82.17, "sample_num": 2049, "ori_download_link": "https://www.textflint.com/static/Tasks/NER/trans_dataset/ACE 2005/ori_ConcatSent_SwapLonger.json", "trans_download_link": "https://www.textflint.com/static/Tasks/NER/trans_dataset/ACE 2005/trans_ConcatSent_SwapLonger.json", "contributor": {"name": "Yiding Tan", "github": "https://github.com/Tannidy"}}, "CrossCategory_EntTypos": {"ori": 87.88, "trans": 78.68, "sample_num": 1327, "ori_download_link": "https://www.textflint.com/static/Tasks/NER/trans_dataset/ACE 2005/ori_CrossCategory_EntTypos.json", "trans_download_link": "https://www.textflint.com/static/Tasks/NER/trans_dataset/ACE 2005/trans_CrossCategory_EntTypos.json", "contributor": {"name": "Yiding Tan", "github": "https://github.com/Tannidy"}}, "CrossCategory_SwapLonger": {"ori": 87.27, "trans": 80.97, "sample_num": 2050, "ori_download_link": "https://www.textflint.com/static/Tasks/NER/trans_dataset/ACE 2005/ori_CrossCategory_SwapLonger.json", "trans_download_link": "https://www.textflint.com/static/Tasks/NER/trans_dataset/ACE 2005/trans_CrossCategory_SwapLonger.json", "contributor": {"name": "Yiding Tan", "github": "https://github.com/Tannidy"}}, "OOV_EntTypos": {"ori": 87.87, "trans": 78.13, "sample_num": 1326, "ori_download_link": "https://www.textflint.com/static/Tasks/NER/trans_dataset/ACE 2005/ori_OOV_EntTypos.json", "trans_download_link": "https://www.textflint.com/static/Tasks/NER/trans_dataset/ACE 2005/trans_OOV_EntTypos.json", "contributor": {"name": "Yiding Tan", "github": "https://github.com/Tannidy"}}, "OOV_SwapLonger": {"ori": 87.27, "trans": 80.78, "sample_num": 2050, "ori_download_link": "https://www.textflint.com/static/Tasks/NER/trans_dataset/ACE 2005/ori_OOV_SwapLonger.json", "trans_download_link": "https://www.textflint.com/static/Tasks/NER/trans_dataset/ACE 2005/trans_OOV_SwapLonger.json", "contributor": {"name": "Yiding Tan", "github": "https://github.com/Tannidy"}}, "SwapLonger_EntTypos": {"ori": 87.89, "trans": 79.33, "sample_num": 1315, "ori_download_link": "https://www.textflint.com/static/Tasks/NER/trans_dataset/ACE 2005/ori_SwapLonger_EntTypos.json", "trans_download_link": "https://www.textflint.com/static/Tasks/NER/trans_dataset/ACE 2005/trans_SwapLonger_EntTypos.json", "contributor": {"name": "Yiding Tan", "github": "https://github.com/Tannidy"}}}}, {"model": "BERT-base(uncased)", "attack_results": {"ConcatSent_CrossCategory": {"ori": 88.75, "trans": 84.41, "sample_num": 2049, "ori_download_link": "https://www.textflint.com/static/Tasks/NER/trans_dataset/ACE 2005/ori_ConcatSent_CrossCategory.json", "trans_download_link": "https://www.textflint.com/static/Tasks/NER/trans_dataset/ACE 2005/trans_ConcatSent_CrossCategory.json", "contributor": {"name": "Yiding Tan", "github": "https://github.com/Tannidy"}}, "ConcatSent_EntTypos": {"ori": 89.34, "trans": 87.54, "sample_num": 1297, "ori_download_link": "https://www.textflint.com/static/Tasks/NER/trans_dataset/ACE 2005/ori_ConcatSent_EntTypos.json", "trans_download_link": "https://www.textflint.com/static/Tasks/NER/trans_dataset/ACE 2005/trans_ConcatSent_EntTypos.json", "contributor": {"name": "Yiding Tan", "github": "https://github.com/Tannidy"}}, "ConcatSent_OOV": {"ori": 88.75, "trans": 84.11, "sample_num": 2049, "ori_download_link": "https://www.textflint.com/static/Tasks/NER/trans_dataset/ACE 2005/ori_ConcatSent_OOV.json", "trans_download_link": "https://www.textflint.com/static/Tasks/NER/trans_dataset/ACE 2005/trans_ConcatSent_OOV.json", "contributor": {"name": "Yiding Tan", "github": "https://github.com/Tannidy"}}, "ConcatSent_SwapLonger": {"ori": 88.75, "trans": 84.56, "sample_num": 2049, "ori_download_link": "https://www.textflint.com/static/Tasks/NER/trans_dataset/ACE 2005/ori_ConcatSent_SwapLonger.json", "trans_download_link": "https://www.textflint.com/static/Tasks/NER/trans_dataset/ACE 2005/trans_ConcatSent_SwapLonger.json", "contributor": {"name": "Yiding Tan", "github": "https://github.com/Tannidy"}}, "CrossCategory_EntTypos": {"ori": 89.27, "trans": 75.87, "sample_num": 1327, "ori_download_link": "https://www.textflint.com/static/Tasks/NER/trans_dataset/ACE 2005/ori_CrossCategory_EntTypos.json", "trans_download_link": "https://www.textflint.com/static/Tasks/NER/trans_dataset/ACE 2005/trans_CrossCategory_EntTypos.json", "contributor": {"name": "Yiding Tan", "github": "https://github.com/Tannidy"}}, "CrossCategory_SwapLonger": {"ori": 88.75, "trans": 79.08, "sample_num": 2050, "ori_download_link": "https://www.textflint.com/static/Tasks/NER/trans_dataset/ACE 2005/ori_CrossCategory_SwapLonger.json", "trans_download_link": "https://www.textflint.com/static/Tasks/NER/trans_dataset/ACE 2005/trans_CrossCategory_SwapLonger.json", "contributor": {"name": "Yiding Tan", "github": "https://github.com/Tannidy"}}, "OOV_EntTypos": {"ori": 89.27, "trans": 73.85, "sample_num": 1326, "ori_download_link": "https://www.textflint.com/static/Tasks/NER/trans_dataset/ACE 2005/ori_OOV_EntTypos.json", "trans_download_link": "https://www.textflint.com/static/Tasks/NER/trans_dataset/ACE 2005/trans_OOV_EntTypos.json", "contributor": {"name": "Yiding Tan", "github": "https://github.com/Tannidy"}}, "OOV_SwapLonger": {"ori": 88.75, "trans": 79.36, "sample_num": 2050, "ori_download_link": "https://www.textflint.com/static/Tasks/NER/trans_dataset/ACE 2005/ori_OOV_SwapLonger.json", "trans_download_link": "https://www.textflint.com/static/Tasks/NER/trans_dataset/ACE 2005/trans_OOV_SwapLonger.json", "contributor": {"name": "Yiding Tan", "github": "https://github.com/Tannidy"}}, "SwapLonger_EntTypos": {"ori": 89.3, "trans": 76.74, "sample_num": 1315, "ori_download_link": "https://www.textflint.com/static/Tasks/NER/trans_dataset/ACE 2005/ori_SwapLonger_EntTypos.json", "trans_download_link": "https://www.textflint.com/static/Tasks/NER/trans_dataset/ACE 2005/trans_SwapLonger_EntTypos.json", "contributor": {"name": "Yiding Tan", "github": "https://github.com/Tannidy"}}}}, {"model": "TENER", "attack_results": {"ConcatSent_CrossCategory": {"ori": 84.18, "trans": 77.76, "sample_num": 2049, "ori_download_link": "https://www.textflint.com/static/Tasks/NER/trans_dataset/ACE 2005/ori_ConcatSent_CrossCategory.json", "trans_download_link": "https://www.textflint.com/static/Tasks/NER/trans_dataset/ACE 2005/trans_ConcatSent_CrossCategory.json", "contributor": {"name": "Yiding Tan", "github": "https://github.com/Tannidy"}}, "ConcatSent_EntTypos": {"ori": 84.9, "trans": 81.57, "sample_num": 1297, "ori_download_link": "https://www.textflint.com/static/Tasks/NER/trans_dataset/ACE 2005/ori_ConcatSent_EntTypos.json", "trans_download_link": "https://www.textflint.com/static/Tasks/NER/trans_dataset/ACE 2005/trans_ConcatSent_EntTypos.json", "contributor": {"name": "Yiding Tan", "github": "https://github.com/Tannidy"}}, "ConcatSent_OOV": {"ori": 84.18, "trans": 75.41, "sample_num": 2049, "ori_download_link": "https://www.textflint.com/static/Tasks/NER/trans_dataset/ACE 2005/ori_ConcatSent_OOV.json", "trans_download_link": "https://www.textflint.com/static/Tasks/NER/trans_dataset/ACE 2005/trans_ConcatSent_OOV.json", "contributor": {"name": "Yiding Tan", "github": "https://github.com/Tannidy"}}, "ConcatSent_SwapLonger": {"ori": 84.18, "trans": 69.06, "sample_num": 2049, "ori_download_link": "https://www.textflint.com/static/Tasks/NER/trans_dataset/ACE 2005/ori_ConcatSent_SwapLonger.json", "trans_download_link": "https://www.textflint.com/static/Tasks/NER/trans_dataset/ACE 2005/trans_ConcatSent_SwapLonger.json", "contributor": {"name": "Yiding Tan", "github": "https://github.com/Tannidy"}}, "CrossCategory_EntTypos": {"ori": 84.87, "trans": 60.25, "sample_num": 1327, "ori_download_link": "https://www.textflint.com/static/Tasks/NER/trans_dataset/ACE 2005/ori_CrossCategory_EntTypos.json", "trans_download_link": "https://www.textflint.com/static/Tasks/NER/trans_dataset/ACE 2005/trans_CrossCategory_EntTypos.json", "contributor": {"name": "Yiding Tan", "github": "https://github.com/Tannidy"}}, "CrossCategory_SwapLonger": {"ori": 84.18, "trans": 44.62, "sample_num": 2050, "ori_download_link": "https://www.textflint.com/static/Tasks/NER/trans_dataset/ACE 2005/ori_CrossCategory_SwapLonger.json", "trans_download_link": "https://www.textflint.com/static/Tasks/NER/trans_dataset/ACE 2005/trans_CrossCategory_SwapLonger.json", "contributor": {"name": "Yiding Tan", "github": "https://github.com/Tannidy"}}, "OOV_EntTypos": {"ori": 84.86, "trans": 57.72, "sample_num": 1326, "ori_download_link": "https://www.textflint.com/static/Tasks/NER/trans_dataset/ACE 2005/ori_OOV_EntTypos.json", "trans_download_link": "https://www.textflint.com/static/Tasks/NER/trans_dataset/ACE 2005/trans_OOV_EntTypos.json", "contributor": {"name": "Yiding Tan", "github": "https://github.com/Tannidy"}}, "OOV_SwapLonger": {"ori": 84.18, "trans": 44.48, "sample_num": 2050, "ori_download_link": "https://www.textflint.com/static/Tasks/NER/trans_dataset/ACE 2005/ori_OOV_SwapLonger.json", "trans_download_link": "https://www.textflint.com/static/Tasks/NER/trans_dataset/ACE 2005/trans_OOV_SwapLonger.json", "contributor": {"name": "Yiding Tan", "github": "https://github.com/Tannidy"}}, "SwapLonger_EntTypos": {"ori": 84.85, "trans": 39.55, "sample_num": 1315, "ori_download_link": "https://www.textflint.com/static/Tasks/NER/trans_dataset/ACE 2005/ori_SwapLonger_EntTypos.json", "trans_download_link": "https://www.textflint.com/static/Tasks/NER/trans_dataset/ACE 2005/trans_SwapLonger_EntTypos.json", "contributor": {"name": "Yiding Tan", "github": "https://github.com/Tannidy"}}}}, {"model": "GRN", "attack_results": {"ConcatSent_CrossCategory": {"ori": 83.68, "trans": 81.55, "sample_num": 2049, "ori_download_link": "https://www.textflint.com/static/Tasks/NER/trans_dataset/ACE 2005/ori_ConcatSent_CrossCategory.json", "trans_download_link": "https://www.textflint.com/static/Tasks/NER/trans_dataset/ACE 2005/trans_ConcatSent_CrossCategory.json", "contributor": {"name": "Yiding Tan", "github": "https://github.com/Tannidy"}}, "ConcatSent_EntTypos": {"ori": 84.73, "trans": 82.26, "sample_num": 1297, "ori_download_link": "https://www.textflint.com/static/Tasks/NER/trans_dataset/ACE 2005/ori_ConcatSent_EntTypos.json", "trans_download_link": "https://www.textflint.com/static/Tasks/NER/trans_dataset/ACE 2005/trans_ConcatSent_EntTypos.json", "contributor": {"name": "Yiding Tan", "github": "https://github.com/Tannidy"}}, "ConcatSent_OOV": {"ori": 83.68, "trans": 82.03, "sample_num": 2049, "ori_download_link": "https://www.textflint.com/static/Tasks/NER/trans_dataset/ACE 2005/ori_ConcatSent_OOV.json", "trans_download_link": "https://www.textflint.com/static/Tasks/NER/trans_dataset/ACE 2005/trans_ConcatSent_OOV.json", "contributor": {"name": "Yiding Tan", "github": "https://github.com/Tannidy"}}, "ConcatSent_SwapLonger": {"ori": 83.68, "trans": 79.35, "sample_num": 2049, "ori_download_link": "https://www.textflint.com/static/Tasks/NER/trans_dataset/ACE 2005/ori_ConcatSent_SwapLonger.json", "trans_download_link": "https://www.textflint.com/static/Tasks/NER/trans_dataset/ACE 2005/trans_ConcatSent_SwapLonger.json", "contributor": {"name": "Yiding Tan", "github": "https://github.com/Tannidy"}}, "CrossCategory_EntTypos": {"ori": 84.68, "trans": 78.77, "sample_num": 1327, "ori_download_link": "https://www.textflint.com/static/Tasks/NER/trans_dataset/ACE 2005/ori_CrossCategory_EntTypos.json", "trans_download_link": "https://www.textflint.com/static/Tasks/NER/trans_dataset/ACE 2005/trans_CrossCategory_EntTypos.json", "contributor": {"name": "Yiding Tan", "github": "https://github.com/Tannidy"}}, "CrossCategory_SwapLonger": {"ori": 83.68, "trans": 73.94, "sample_num": 2050, "ori_download_link": "https://www.textflint.com/static/Tasks/NER/trans_dataset/ACE 2005/ori_CrossCategory_SwapLonger.json", "trans_download_link": "https://www.textflint.com/static/Tasks/NER/trans_dataset/ACE 2005/trans_CrossCategory_SwapLonger.json", "contributor": {"name": "Yiding Tan", "github": "https://github.com/Tannidy"}}, "OOV_EntTypos": {"ori": 84.67, "trans": 76.03, "sample_num": 1326, "ori_download_link": "https://www.textflint.com/static/Tasks/NER/trans_dataset/ACE 2005/ori_OOV_EntTypos.json", "trans_download_link": "https://www.textflint.com/static/Tasks/NER/trans_dataset/ACE 2005/trans_OOV_EntTypos.json", "contributor": {"name": "Yiding Tan", "github": "https://github.com/Tannidy"}}, "OOV_SwapLonger": {"ori": 83.68, "trans": 74.43, "sample_num": 2050, "ori_download_link": "https://www.textflint.com/static/Tasks/NER/trans_dataset/ACE 2005/ori_OOV_SwapLonger.json", "trans_download_link": "https://www.textflint.com/static/Tasks/NER/trans_dataset/ACE 2005/trans_OOV_SwapLonger.json", "contributor": {"name": "Yiding Tan", "github": "https://github.com/Tannidy"}}, "SwapLonger_EntTypos": {"ori": 84.66, "trans": 71.63, "sample_num": 1315, "ori_download_link": "https://www.textflint.com/static/Tasks/NER/trans_dataset/ACE 2005/ori_SwapLonger_EntTypos.json", "trans_download_link": "https://www.textflint.com/static/Tasks/NER/trans_dataset/ACE 2005/trans_SwapLonger_EntTypos.json", "contributor": {"name": "Yiding Tan", "github": "https://github.com/Tannidy"}}}}, {"model": "flair embeddings", "attack_results": {"ConcatSent_CrossCategory": {"ori": 85.53, "trans": 83.49, "sample_num": 2049, "ori_download_link": "https://www.textflint.com/static/Tasks/NER/trans_dataset/ACE 2005/ori_ConcatSent_CrossCategory.json", "trans_download_link": "https://www.textflint.com/static/Tasks/NER/trans_dataset/ACE 2005/trans_ConcatSent_CrossCategory.json", "contributor": {"name": "Yiding Tan", "github": "https://github.com/Tannidy"}}, "ConcatSent_EntTypos": {"ori": 86.7, "trans": 84.82, "sample_num": 1297, "ori_download_link": "https://www.textflint.com/static/Tasks/NER/trans_dataset/ACE 2005/ori_ConcatSent_EntTypos.json", "trans_download_link": "https://www.textflint.com/static/Tasks/NER/trans_dataset/ACE 2005/trans_ConcatSent_EntTypos.json", "contributor": {"name": "Yiding Tan", "github": "https://github.com/Tannidy"}}, "ConcatSent_OOV": {"ori": 85.53, "trans": 83.62, "sample_num": 2049, "ori_download_link": "https://www.textflint.com/static/Tasks/NER/trans_dataset/ACE 2005/ori_ConcatSent_OOV.json", "trans_download_link": "https://www.textflint.com/static/Tasks/NER/trans_dataset/ACE 2005/trans_ConcatSent_OOV.json", "contributor": {"name": "Yiding Tan", "github": "https://github.com/Tannidy"}}, "ConcatSent_SwapLonger": {"ori": 85.53, "trans": 81.96, "sample_num": 2049, "ori_download_link": "https://www.textflint.com/static/Tasks/NER/trans_dataset/ACE 2005/ori_ConcatSent_SwapLonger.json", "trans_download_link": "https://www.textflint.com/static/Tasks/NER/trans_dataset/ACE 2005/trans_ConcatSent_SwapLonger.json", "contributor": {"name": "Yiding Tan", "github": "https://github.com/Tannidy"}}, "CrossCategory_EntTypos": {"ori": 86.62, "trans": 81.11, "sample_num": 1327, "ori_download_link": "https://www.textflint.com/static/Tasks/NER/trans_dataset/ACE 2005/ori_CrossCategory_EntTypos.json", "trans_download_link": "https://www.textflint.com/static/Tasks/NER/trans_dataset/ACE 2005/trans_CrossCategory_EntTypos.json", "contributor": {"name": "Yiding Tan", "github": "https://github.com/Tannidy"}}, "CrossCategory_SwapLonger": {"ori": 85.54, "trans": 75.2, "sample_num": 2050, "ori_download_link": "https://www.textflint.com/static/Tasks/NER/trans_dataset/ACE 2005/ori_CrossCategory_SwapLonger.json", "trans_download_link": "https://www.textflint.com/static/Tasks/NER/trans_dataset/ACE 2005/trans_CrossCategory_SwapLonger.json", "contributor": {"name": "Yiding Tan", "github": "https://github.com/Tannidy"}}, "OOV_EntTypos": {"ori": 86.62, "trans": 81.3, "sample_num": 1326, "ori_download_link": "https://www.textflint.com/static/Tasks/NER/trans_dataset/ACE 2005/ori_OOV_EntTypos.json", "trans_download_link": "https://www.textflint.com/static/Tasks/NER/trans_dataset/ACE 2005/trans_OOV_EntTypos.json", "contributor": {"name": "Yiding Tan", "github": "https://github.com/Tannidy"}}, "OOV_SwapLonger": {"ori": 85.54, "trans": 76.28, "sample_num": 2050, "ori_download_link": "https://www.textflint.com/static/Tasks/NER/trans_dataset/ACE 2005/ori_OOV_SwapLonger.json", "trans_download_link": "https://www.textflint.com/static/Tasks/NER/trans_dataset/ACE 2005/trans_OOV_SwapLonger.json", "contributor": {"name": "Yiding Tan", "github": "https://github.com/Tannidy"}}, "SwapLonger_EntTypos": {"ori": 86.61, "trans": 75.12, "sample_num": 1315, "ori_download_link": "https://www.textflint.com/static/Tasks/NER/trans_dataset/ACE 2005/ori_SwapLonger_EntTypos.json", "trans_download_link": "https://www.textflint.com/static/Tasks/NER/trans_dataset/ACE 2005/trans_SwapLonger_EntTypos.json", "contributor": {"name": "Yiding Tan", "github": "https://github.com/Tannidy"}}}}, {"model": "BiLSTM-CRF+ELMo", "attack_results": {"ConcatSent_CrossCategory": {"ori": 86.68, "trans": 84.56, "sample_num": 2049, "ori_download_link": "https://www.textflint.com/static/Tasks/NER/trans_dataset/ACE 2005/ori_ConcatSent_CrossCategory.json", "trans_download_link": "https://www.textflint.com/static/Tasks/NER/trans_dataset/ACE 2005/trans_ConcatSent_CrossCategory.json", "contributor": {"name": "Yiding Tan", "github": "https://github.com/Tannidy"}}, "ConcatSent_EntTypos": {"ori": 87.48, "trans": 85.97, "sample_num": 1297, "ori_download_link": "https://www.textflint.com/static/Tasks/NER/trans_dataset/ACE 2005/ori_ConcatSent_EntTypos.json", "trans_download_link": "https://www.textflint.com/static/Tasks/NER/trans_dataset/ACE 2005/trans_ConcatSent_EntTypos.json", "contributor": {"name": "Yiding Tan", "github": "https://github.com/Tannidy"}}, "ConcatSent_OOV": {"ori": 86.68, "trans": 84.86, "sample_num": 2049, "ori_download_link": "https://www.textflint.com/static/Tasks/NER/trans_dataset/ACE 2005/ori_ConcatSent_OOV.json", "trans_download_link": "https://www.textflint.com/static/Tasks/NER/trans_dataset/ACE 2005/trans_ConcatSent_OOV.json", "contributor": {"name": "Yiding Tan", "github": "https://github.com/Tannidy"}}, "ConcatSent_SwapLonger": {"ori": 86.68, "trans": 82.91, "sample_num": 2049, "ori_download_link": "https://www.textflint.com/static/Tasks/NER/trans_dataset/ACE 2005/ori_ConcatSent_SwapLonger.json", "trans_download_link": "https://www.textflint.com/static/Tasks/NER/trans_dataset/ACE 2005/trans_ConcatSent_SwapLonger.json", "contributor": {"name": "Yiding Tan", "github": "https://github.com/Tannidy"}}, "CrossCategory_EntTypos": {"ori": 87.39, "trans": 81.14, "sample_num": 1327, "ori_download_link": "https://www.textflint.com/static/Tasks/NER/trans_dataset/ACE 2005/ori_CrossCategory_EntTypos.json", "trans_download_link": "https://www.textflint.com/static/Tasks/NER/trans_dataset/ACE 2005/trans_CrossCategory_EntTypos.json", "contributor": {"name": "Yiding Tan", "github": "https://github.com/Tannidy"}}, "CrossCategory_SwapLonger": {"ori": 86.69, "trans": 77.86, "sample_num": 2050, "ori_download_link": "https://www.textflint.com/static/Tasks/NER/trans_dataset/ACE 2005/ori_CrossCategory_SwapLonger.json", "trans_download_link": "https://www.textflint.com/static/Tasks/NER/trans_dataset/ACE 2005/trans_CrossCategory_SwapLonger.json", "contributor": {"name": "Yiding Tan", "github": "https://github.com/Tannidy"}}, "OOV_EntTypos": {"ori": 87.41, "trans": 82.3, "sample_num": 1326, "ori_download_link": "https://www.textflint.com/static/Tasks/NER/trans_dataset/ACE 2005/ori_OOV_EntTypos.json", "trans_download_link": "https://www.textflint.com/static/Tasks/NER/trans_dataset/ACE 2005/trans_OOV_EntTypos.json", "contributor": {"name": "Yiding Tan", "github": "https://github.com/Tannidy"}}, "OOV_SwapLonger": {"ori": 86.69, "trans": 77.75, "sample_num": 2050, "ori_download_link": "https://www.textflint.com/static/Tasks/NER/trans_dataset/ACE 2005/ori_OOV_SwapLonger.json", "trans_download_link": "https://www.textflint.com/static/Tasks/NER/trans_dataset/ACE 2005/trans_OOV_SwapLonger.json", "contributor": {"name": "Yiding Tan", "github": "https://github.com/Tannidy"}}, "SwapLonger_EntTypos": {"ori": 87.43, "trans": 75.04, "sample_num": 1315, "ori_download_link": "https://www.textflint.com/static/Tasks/NER/trans_dataset/ACE 2005/ori_SwapLonger_EntTypos.json", "trans_download_link": "https://www.textflint.com/static/Tasks/NER/trans_dataset/ACE 2005/trans_SwapLonger_EntTypos.json", "contributor": {"name": "Yiding Tan", "github": "https://github.com/Tannidy"}}}}, {"model": "Flair embeddings + Pooling", "attack_results": {"ConcatSent_CrossCategory": {"ori": 84.3, "trans": 82.15, "sample_num": 2049, "ori_download_link": "https://www.textflint.com/static/Tasks/NER/trans_dataset/ACE 2005/ori_ConcatSent_CrossCategory.json", "trans_download_link": "https://www.textflint.com/static/Tasks/NER/trans_dataset/ACE 2005/trans_ConcatSent_CrossCategory.json", "contributor": {"name": "Yiding Tan", "github": "https://github.com/Tannidy"}}, "ConcatSent_EntTypos": {"ori": 85.27, "trans": 83.65, "sample_num": 1297, "ori_download_link": "https://www.textflint.com/static/Tasks/NER/trans_dataset/ACE 2005/ori_ConcatSent_EntTypos.json", "trans_download_link": "https://www.textflint.com/static/Tasks/NER/trans_dataset/ACE 2005/trans_ConcatSent_EntTypos.json", "contributor": {"name": "Yiding Tan", "github": "https://github.com/Tannidy"}}, "ConcatSent_OOV": {"ori": 84.3, "trans": 83.02, "sample_num": 2049, "ori_download_link": "https://www.textflint.com/static/Tasks/NER/trans_dataset/ACE 2005/ori_ConcatSent_OOV.json", "trans_download_link": "https://www.textflint.com/static/Tasks/NER/trans_dataset/ACE 2005/trans_ConcatSent_OOV.json", "contributor": {"name": "Yiding Tan", "github": "https://github.com/Tannidy"}}, "ConcatSent_SwapLonger": {"ori": 84.3, "trans": 80.38, "sample_num": 2049, "ori_download_link": "https://www.textflint.com/static/Tasks/NER/trans_dataset/ACE 2005/ori_ConcatSent_SwapLonger.json", "trans_download_link": "https://www.textflint.com/static/Tasks/NER/trans_dataset/ACE 2005/trans_ConcatSent_SwapLonger.json", "contributor": {"name": "Yiding Tan", "github": "https://github.com/Tannidy"}}, "CrossCategory_EntTypos": {"ori": 85.19, "trans": 80.0, "sample_num": 1327, "ori_download_link": "https://www.textflint.com/static/Tasks/NER/trans_dataset/ACE 2005/ori_CrossCategory_EntTypos.json", "trans_download_link": "https://www.textflint.com/static/Tasks/NER/trans_dataset/ACE 2005/trans_CrossCategory_EntTypos.json", "contributor": {"name": "Yiding Tan", "github": "https://github.com/Tannidy"}}, "CrossCategory_SwapLonger": {"ori": 84.31, "trans": 75.02, "sample_num": 2050, "ori_download_link": "https://www.textflint.com/static/Tasks/NER/trans_dataset/ACE 2005/ori_CrossCategory_SwapLonger.json", "trans_download_link": "https://www.textflint.com/static/Tasks/NER/trans_dataset/ACE 2005/trans_CrossCategory_SwapLonger.json", "contributor": {"name": "Yiding Tan", "github": "https://github.com/Tannidy"}}, "OOV_EntTypos": {"ori": 85.21, "trans": 81.49, "sample_num": 1326, "ori_download_link": "https://www.textflint.com/static/Tasks/NER/trans_dataset/ACE 2005/ori_OOV_EntTypos.json", "trans_download_link": "https://www.textflint.com/static/Tasks/NER/trans_dataset/ACE 2005/trans_OOV_EntTypos.json", "contributor": {"name": "Yiding Tan", "github": "https://github.com/Tannidy"}}, "OOV_SwapLonger": {"ori": 84.31, "trans": 75.43, "sample_num": 2050, "ori_download_link": "https://www.textflint.com/static/Tasks/NER/trans_dataset/ACE 2005/ori_OOV_SwapLonger.json", "trans_download_link": "https://www.textflint.com/static/Tasks/NER/trans_dataset/ACE 2005/trans_OOV_SwapLonger.json", "contributor": {"name": "Yiding Tan", "github": "https://github.com/Tannidy"}}, "SwapLonger_EntTypos": {"ori": 85.19, "trans": 75.58, "sample_num": 1315, "ori_download_link": "https://www.textflint.com/static/Tasks/NER/trans_dataset/ACE 2005/ori_SwapLonger_EntTypos.json", "trans_download_link": "https://www.textflint.com/static/Tasks/NER/trans_dataset/ACE 2005/trans_SwapLonger_EntTypos.json", "contributor": {"name": "Yiding Tan", "github": "https://github.com/Tannidy"}}}}]