[{"model": "BiLSTM-CNN-CRF", "attack_results": {"ConcatSent": {"ori": 82.1, "trans": 81.24, "sample_num": 2049, "ori_download_link": "https://www.textflint.com/static/Tasks/NER/trans_dataset/ACE 2005/ori_ConcatSent.json", "trans_download_link": "https://www.textflint.com/static/Tasks/NER/trans_dataset/ACE 2005/trans_ConcatSent.json", "contributor": {"name": "Yiding Tan", "github": "https://github.com/Tannidy"}}, "CrossCategory": {"ori": 82.85, "trans": 43.5, "sample_num": 1392, "ori_download_link": "https://www.textflint.com/static/Tasks/NER/trans_dataset/ACE 2005/ori_CrossCategory.json", "trans_download_link": "https://www.textflint.com/static/Tasks/NER/trans_dataset/ACE 2005/trans_CrossCategory.json", "contributor": {"name": "Yiding Tan", "github": "https://github.com/Tannidy"}}, "EntTypos": {"ori": 82.46, "trans": 73.52, "sample_num": 1405, "ori_download_link": "https://www.textflint.com/static/Tasks/NER/trans_dataset/ACE 2005/ori_EntTypos.json", "trans_download_link": "https://www.textflint.com/static/Tasks/NER/trans_dataset/ACE 2005/trans_EntTypos.json", "contributor": {"name": "Yiding Tan", "github": "https://github.com/Tannidy"}}, "OOV": {"ori": 82.85, "trans": 64.2, "sample_num": 1392, "ori_download_link": "https://www.textflint.com/static/Tasks/NER/trans_dataset/ACE 2005/ori_OOV.json", "trans_download_link": "https://www.textflint.com/static/Tasks/NER/trans_dataset/ACE 2005/trans_OOV.json", "contributor": {"name": "Yiding Tan", "github": "https://github.com/Tannidy"}}, "SwapLonger": {"ori": 82.85, "trans": 67.74, "sample_num": 1392, "ori_download_link": "https://www.textflint.com/static/Tasks/NER/trans_dataset/ACE 2005/ori_SwapLonger.json", "trans_download_link": "https://www.textflint.com/static/Tasks/NER/trans_dataset/ACE 2005/trans_SwapLonger.json", "contributor": {"name": "Yiding Tan", "github": "https://github.com/Tannidy"}}}}, {"model": "BiLSTM-CRF", "attack_results": {"ConcatSent": {"ori": 82.96, "trans": 82.23, "sample_num": 2049, "ori_download_link": "https://www.textflint.com/static/Tasks/NER/trans_dataset/ACE 2005/ori_ConcatSent.json", "trans_download_link": "https://www.textflint.com/static/Tasks/NER/trans_dataset/ACE 2005/trans_ConcatSent.json", "contributor": {"name": "Yiding Tan", "github": "https://github.com/Tannidy"}}, "CrossCategory": {"ori": 82.51, "trans": 38.84, "sample_num": 1392, "ori_download_link": "https://www.textflint.com/static/Tasks/NER/trans_dataset/ACE 2005/ori_CrossCategory.json", "trans_download_link": "https://www.textflint.com/static/Tasks/NER/trans_dataset/ACE 2005/trans_CrossCategory.json", "contributor": {"name": "Yiding Tan", "github": "https://github.com/Tannidy"}}, "EntTypos": {"ori": 83.66, "trans": 75.62, "sample_num": 1405, "ori_download_link": "https://www.textflint.com/static/Tasks/NER/trans_dataset/ACE 2005/ori_EntTypos.json", "trans_download_link": "https://www.textflint.com/static/Tasks/NER/trans_dataset/ACE 2005/trans_EntTypos.json", "contributor": {"name": "Yiding Tan", "github": "https://github.com/Tannidy"}}, "OOV": {"ori": 82.51, "trans": 50.97, "sample_num": 1392, "ori_download_link": "https://www.textflint.com/static/Tasks/NER/trans_dataset/ACE 2005/ori_OOV.json", "trans_download_link": "https://www.textflint.com/static/Tasks/NER/trans_dataset/ACE 2005/trans_OOV.json", "contributor": {"name": "Yiding Tan", "github": "https://github.com/Tannidy"}}, "SwapLonger": {"ori": 82.51, "trans": 46.13, "sample_num": 1392, "ori_download_link": "https://www.textflint.com/static/Tasks/NER/trans_dataset/ACE 2005/ori_SwapLonger.json", "trans_download_link": "https://www.textflint.com/static/Tasks/NER/trans_dataset/ACE 2005/trans_SwapLonger.json", "contributor": {"name": "Yiding Tan", "github": "https://github.com/Tannidy"}}}}, {"model": "LM-LSTM-CRF", "attack_results": {"ConcatSent": {"ori": 84.49, "trans": 83.56, "sample_num": 2049, "ori_download_link": "https://www.textflint.com/static/Tasks/NER/trans_dataset/ACE 2005/ori_ConcatSent.json", "trans_download_link": "https://www.textflint.com/static/Tasks/NER/trans_dataset/ACE 2005/trans_ConcatSent.json", "contributor": {"name": "Yiding Tan", "github": "https://github.com/Tannidy"}}, "CrossCategory": {"ori": 85.11, "trans": 40.18, "sample_num": 1392, "ori_download_link": "https://www.textflint.com/static/Tasks/NER/trans_dataset/ACE 2005/ori_CrossCategory.json", "trans_download_link": "https://www.textflint.com/static/Tasks/NER/trans_dataset/ACE 2005/trans_CrossCategory.json", "contributor": {"name": "Yiding Tan", "github": "https://github.com/Tannidy"}}, "EntTypos": {"ori": 84.74, "trans": 77.72, "sample_num": 1405, "ori_download_link": "https://www.textflint.com/static/Tasks/NER/trans_dataset/ACE 2005/ori_EntTypos.json", "trans_download_link": "https://www.textflint.com/static/Tasks/NER/trans_dataset/ACE 2005/trans_EntTypos.json", "contributor": {"name": "Yiding Tan", "github": "https://github.com/Tannidy"}}, "OOV": {"ori": 85.11, "trans": 79.18, "sample_num": 1392, "ori_download_link": "https://www.textflint.com/static/Tasks/NER/trans_dataset/ACE 2005/ori_OOV.json", "trans_download_link": "https://www.textflint.com/static/Tasks/NER/trans_dataset/ACE 2005/trans_OOV.json", "contributor": {"name": "Yiding Tan", "github": "https://github.com/Tannidy"}}, "SwapLonger": {"ori": 85.11, "trans": 62.93, "sample_num": 1392, "ori_download_link": "https://www.textflint.com/static/Tasks/NER/trans_dataset/ACE 2005/ori_SwapLonger.json", "trans_download_link": "https://www.textflint.com/static/Tasks/NER/trans_dataset/ACE 2005/trans_SwapLonger.json", "contributor": {"name": "Yiding Tan", "github": "https://github.com/Tannidy"}}}}, {"model": "BERT-base(cased)", "attack_results": {"ConcatSent": {"ori": 87.27, "trans": 86.23, "sample_num": 2049, "ori_download_link": "https://www.textflint.com/static/Tasks/NER/trans_dataset/ACE 2005/ori_ConcatSent.json", "trans_download_link": "https://www.textflint.com/static/Tasks/NER/trans_dataset/ACE 2005/trans_ConcatSent.json", "contributor": {"name": "Yiding Tan", "github": "https://github.com/Tannidy"}}, "CrossCategory": {"ori": 87.35, "trans": 48.08, "sample_num": 1392, "ori_download_link": "https://www.textflint.com/static/Tasks/NER/trans_dataset/ACE 2005/ori_CrossCategory.json", "trans_download_link": "https://www.textflint.com/static/Tasks/NER/trans_dataset/ACE 2005/trans_CrossCategory.json", "contributor": {"name": "Yiding Tan", "github": "https://github.com/Tannidy"}}, "EntTypos": {"ori": 87.53, "trans": 83.08, "sample_num": 1405, "ori_download_link": "https://www.textflint.com/static/Tasks/NER/trans_dataset/ACE 2005/ori_EntTypos.json", "trans_download_link": "https://www.textflint.com/static/Tasks/NER/trans_dataset/ACE 2005/trans_EntTypos.json", "contributor": {"name": "Yiding Tan", "github": "https://github.com/Tannidy"}}, "OOV": {"ori": 87.35, "trans": 78.95, "sample_num": 1392, "ori_download_link": "https://www.textflint.com/static/Tasks/NER/trans_dataset/ACE 2005/ori_OOV.json", "trans_download_link": "https://www.textflint.com/static/Tasks/NER/trans_dataset/ACE 2005/trans_OOV.json", "contributor": {"name": "Yiding Tan", "github": "https://github.com/Tannidy"}}, "SwapLonger": {"ori": 87.35, "trans": 82.12, "sample_num": 1392, "ori_download_link": "https://www.textflint.com/static/Tasks/NER/trans_dataset/ACE 2005/ori_SwapLonger.json", "trans_download_link": "https://www.textflint.com/static/Tasks/NER/trans_dataset/ACE 2005/trans_SwapLonger.json", "contributor": {"name": "Yiding Tan", "github": "https://github.com/Tannidy"}}}}, {"model": "BERT-base(uncased)", "attack_results": {"ConcatSent": {"ori": 88.75, "trans": 88.65, "sample_num": 2049, "ori_download_link": "https://www.textflint.com/static/Tasks/NER/trans_dataset/ACE 2005/ori_ConcatSent.json", "trans_download_link": "https://www.textflint.com/static/Tasks/NER/trans_dataset/ACE 2005/trans_ConcatSent.json", "contributor": {"name": "Yiding Tan", "github": "https://github.com/Tannidy"}}, "CrossCategory": {"ori": 88.68, "trans": 46.01, "sample_num": 1392, "ori_download_link": "https://www.textflint.com/static/Tasks/NER/trans_dataset/ACE 2005/ori_CrossCategory.json", "trans_download_link": "https://www.textflint.com/static/Tasks/NER/trans_dataset/ACE 2005/trans_CrossCategory.json", "contributor": {"name": "Yiding Tan", "github": "https://github.com/Tannidy"}}, "EntTypos": {"ori": 89.14, "trans": 82.95, "sample_num": 1405, "ori_download_link": "https://www.textflint.com/static/Tasks/NER/trans_dataset/ACE 2005/ori_EntTypos.json", "trans_download_link": "https://www.textflint.com/static/Tasks/NER/trans_dataset/ACE 2005/trans_EntTypos.json", "contributor": {"name": "Yiding Tan", "github": "https://github.com/Tannidy"}}, "OOV": {"ori": 88.68, "trans": 74.56, "sample_num": 1392, "ori_download_link": "https://www.textflint.com/static/Tasks/NER/trans_dataset/ACE 2005/ori_OOV.json", "trans_download_link": "https://www.textflint.com/static/Tasks/NER/trans_dataset/ACE 2005/trans_OOV.json", "contributor": {"name": "Yiding Tan", "github": "https://github.com/Tannidy"}}, "SwapLonger": {"ori": 88.68, "trans": 78.54, "sample_num": 1392, "ori_download_link": "https://www.textflint.com/static/Tasks/NER/trans_dataset/ACE 2005/ori_SwapLonger.json", "trans_download_link": "https://www.textflint.com/static/Tasks/NER/trans_dataset/ACE 2005/trans_SwapLonger.json", "contributor": {"name": "Yiding Tan", "github": "https://github.com/Tannidy"}}}}, {"model": "TENER", "attack_results": {"ConcatSent": {"ori": 84.18, "trans": 83.36, "sample_num": 2049, "ori_download_link": "https://www.textflint.com/static/Tasks/NER/trans_dataset/ACE 2005/ori_ConcatSent.json", "trans_download_link": "https://www.textflint.com/static/Tasks/NER/trans_dataset/ACE 2005/trans_ConcatSent.json", "contributor": {"name": "Yiding Tan", "github": "https://github.com/Tannidy"}}, "CrossCategory": {"ori": 84.68, "trans": 39.58, "sample_num": 1392, "ori_download_link": "https://www.textflint.com/static/Tasks/NER/trans_dataset/ACE 2005/ori_CrossCategory.json", "trans_download_link": "https://www.textflint.com/static/Tasks/NER/trans_dataset/ACE 2005/trans_CrossCategory.json", "contributor": {"name": "Yiding Tan", "github": "https://github.com/Tannidy"}}, "EntTypos": {"ori": 84.45, "trans": 76.58, "sample_num": 1405, "ori_download_link": "https://www.textflint.com/static/Tasks/NER/trans_dataset/ACE 2005/ori_EntTypos.json", "trans_download_link": "https://www.textflint.com/static/Tasks/NER/trans_dataset/ACE 2005/trans_EntTypos.json", "contributor": {"name": "Yiding Tan", "github": "https://github.com/Tannidy"}}, "OOV": {"ori": 84.68, "trans": 51.47, "sample_num": 1392, "ori_download_link": "https://www.textflint.com/static/Tasks/NER/trans_dataset/ACE 2005/ori_OOV.json", "trans_download_link": "https://www.textflint.com/static/Tasks/NER/trans_dataset/ACE 2005/trans_OOV.json", "contributor": {"name": "Yiding Tan", "github": "https://github.com/Tannidy"}}, "SwapLonger": {"ori": 84.68, "trans": 31.05, "sample_num": 1392, "ori_download_link": "https://www.textflint.com/static/Tasks/NER/trans_dataset/ACE 2005/ori_SwapLonger.json", "trans_download_link": "https://www.textflint.com/static/Tasks/NER/trans_dataset/ACE 2005/trans_SwapLonger.json", "contributor": {"name": "Yiding Tan", "github": "https://github.com/Tannidy"}}}}, {"model": "GRN", "attack_results": {"ConcatSent": {"ori": 83.68, "trans": 83.3, "sample_num": 2049, "ori_download_link": "https://www.textflint.com/static/Tasks/NER/trans_dataset/ACE 2005/ori_ConcatSent.json", "trans_download_link": "https://www.textflint.com/static/Tasks/NER/trans_dataset/ACE 2005/trans_ConcatSent.json", "contributor": {"name": "Yiding Tan", "github": "https://github.com/Tannidy"}}, "CrossCategory": {"ori": 83.97, "trans": 39.04, "sample_num": 1392, "ori_download_link": "https://www.textflint.com/static/Tasks/NER/trans_dataset/ACE 2005/ori_CrossCategory.json", "trans_download_link": "https://www.textflint.com/static/Tasks/NER/trans_dataset/ACE 2005/trans_CrossCategory.json", "contributor": {"name": "Yiding Tan", "github": "https://github.com/Tannidy"}}, "EntTypos": {"ori": 84.15, "trans": 76.86, "sample_num": 1405, "ori_download_link": "https://www.textflint.com/static/Tasks/NER/trans_dataset/ACE 2005/ori_EntTypos.json", "trans_download_link": "https://www.textflint.com/static/Tasks/NER/trans_dataset/ACE 2005/trans_EntTypos.json", "contributor": {"name": "Yiding Tan", "github": "https://github.com/Tannidy"}}, "OOV": {"ori": 83.97, "trans": 79.61, "sample_num": 1392, "ori_download_link": "https://www.textflint.com/static/Tasks/NER/trans_dataset/ACE 2005/ori_OOV.json", "trans_download_link": "https://www.textflint.com/static/Tasks/NER/trans_dataset/ACE 2005/trans_OOV.json", "contributor": {"name": "Yiding Tan", "github": "https://github.com/Tannidy"}}, "SwapLonger": {"ori": 83.97, "trans": 70.89, "sample_num": 1392, "ori_download_link": "https://www.textflint.com/static/Tasks/NER/trans_dataset/ACE 2005/ori_SwapLonger.json", "trans_download_link": "https://www.textflint.com/static/Tasks/NER/trans_dataset/ACE 2005/trans_SwapLonger.json", "contributor": {"name": "Yiding Tan", "github": "https://github.com/Tannidy"}}}}, {"model": "flair embeddings", "attack_results": {"ConcatSent": {"ori": 85.53, "trans": 85.21, "sample_num": 2049, "ori_download_link": "https://www.textflint.com/static/Tasks/NER/trans_dataset/ACE 2005/ori_ConcatSent.json", "trans_download_link": "https://www.textflint.com/static/Tasks/NER/trans_dataset/ACE 2005/trans_ConcatSent.json", "contributor": {"name": "Yiding Tan", "github": "https://github.com/Tannidy"}}, "CrossCategory": {"ori": 84.57, "trans": 44.94, "sample_num": 1392, "ori_download_link": "https://www.textflint.com/static/Tasks/NER/trans_dataset/ACE 2005/ori_CrossCategory.json", "trans_download_link": "https://www.textflint.com/static/Tasks/NER/trans_dataset/ACE 2005/trans_CrossCategory.json", "contributor": {"name": "Yiding Tan", "github": "https://github.com/Tannidy"}}, "EntTypos": {"ori": 86.07, "trans": 81.54, "sample_num": 1405, "ori_download_link": "https://www.textflint.com/static/Tasks/NER/trans_dataset/ACE 2005/ori_EntTypos.json", "trans_download_link": "https://www.textflint.com/static/Tasks/NER/trans_dataset/ACE 2005/trans_EntTypos.json", "contributor": {"name": "Yiding Tan", "github": "https://github.com/Tannidy"}}, "OOV": {"ori": 84.57, "trans": 81.26, "sample_num": 1392, "ori_download_link": "https://www.textflint.com/static/Tasks/NER/trans_dataset/ACE 2005/ori_OOV.json", "trans_download_link": "https://www.textflint.com/static/Tasks/NER/trans_dataset/ACE 2005/trans_OOV.json", "contributor": {"name": "Yiding Tan", "github": "https://github.com/Tannidy"}}, "SwapLonger": {"ori": 84.57, "trans": 73.14, "sample_num": 1392, "ori_download_link": "https://www.textflint.com/static/Tasks/NER/trans_dataset/ACE 2005/ori_SwapLonger.json", "trans_download_link": "https://www.textflint.com/static/Tasks/NER/trans_dataset/ACE 2005/trans_SwapLonger.json", "contributor": {"name": "Yiding Tan", "github": "https://github.com/Tannidy"}}}}, {"model": "BiLSTM-CRF+ELMo", "attack_results": {"ConcatSent": {"ori": 86.68, "trans": 86.38, "sample_num": 2049, "ori_download_link": "https://www.textflint.com/static/Tasks/NER/trans_dataset/ACE 2005/ori_ConcatSent.json", "trans_download_link": "https://www.textflint.com/static/Tasks/NER/trans_dataset/ACE 2005/trans_ConcatSent.json", "contributor": {"name": "Yiding Tan", "github": "https://github.com/Tannidy"}}, "CrossCategory": {"ori": 86.06, "trans": 44.21, "sample_num": 1392, "ori_download_link": "https://www.textflint.com/static/Tasks/NER/trans_dataset/ACE 2005/ori_CrossCategory.json", "trans_download_link": "https://www.textflint.com/static/Tasks/NER/trans_dataset/ACE 2005/trans_CrossCategory.json", "contributor": {"name": "Yiding Tan", "github": "https://github.com/Tannidy"}}, "EntTypos": {"ori": 86.96, "trans": 82.24, "sample_num": 1405, "ori_download_link": "https://www.textflint.com/static/Tasks/NER/trans_dataset/ACE 2005/ori_EntTypos.json", "trans_download_link": "https://www.textflint.com/static/Tasks/NER/trans_dataset/ACE 2005/trans_EntTypos.json", "contributor": {"name": "Yiding Tan", "github": "https://github.com/Tannidy"}}, "OOV": {"ori": 86.06, "trans": 84.71, "sample_num": 1392, "ori_download_link": "https://www.textflint.com/static/Tasks/NER/trans_dataset/ACE 2005/ori_OOV.json", "trans_download_link": "https://www.textflint.com/static/Tasks/NER/trans_dataset/ACE 2005/trans_OOV.json", "contributor": {"name": "Yiding Tan", "github": "https://github.com/Tannidy"}}, "SwapLonger": {"ori": 86.06, "trans": 75.5, "sample_num": 1392, "ori_download_link": "https://www.textflint.com/static/Tasks/NER/trans_dataset/ACE 2005/ori_SwapLonger.json", "trans_download_link": "https://www.textflint.com/static/Tasks/NER/trans_dataset/ACE 2005/trans_SwapLonger.json", "contributor": {"name": "Yiding Tan", "github": "https://github.com/Tannidy"}}}}, {"model": "Flair embeddings + Pooling", "attack_results": {"ConcatSent": {"ori": 84.77, "trans": 84.19, "sample_num": 2049, "ori_download_link": "https://www.textflint.com/static/Tasks/NER/trans_dataset/ACE 2005/ori_ConcatSent.json", "trans_download_link": "https://www.textflint.com/static/Tasks/NER/trans_dataset/ACE 2005/trans_ConcatSent.json", "contributor": {"name": "Yiding Tan", "github": "https://github.com/Tannidy"}}, "CrossCategory": {"ori": 83.95, "trans": 43.06, "sample_num": 1392, "ori_download_link": "https://www.textflint.com/static/Tasks/NER/trans_dataset/ACE 2005/ori_CrossCategory.json", "trans_download_link": "https://www.textflint.com/static/Tasks/NER/trans_dataset/ACE 2005/trans_CrossCategory.json", "contributor": {"name": "Yiding Tan", "github": "https://github.com/Tannidy"}}, "EntTypos": {"ori": 85.19, "trans": 80.76, "sample_num": 1405, "ori_download_link": "https://www.textflint.com/static/Tasks/NER/trans_dataset/ACE 2005/ori_EntTypos.json", "trans_download_link": "https://www.textflint.com/static/Tasks/NER/trans_dataset/ACE 2005/trans_EntTypos.json", "contributor": {"name": "Yiding Tan", "github": "https://github.com/Tannidy"}}, "OOV": {"ori": 83.95, "trans": 81.7, "sample_num": 1392, "ori_download_link": "https://www.textflint.com/static/Tasks/NER/trans_dataset/ACE 2005/ori_OOV.json", "trans_download_link": "https://www.textflint.com/static/Tasks/NER/trans_dataset/ACE 2005/trans_OOV.json", "contributor": {"name": "Yiding Tan", "github": "https://github.com/Tannidy"}}, "SwapLonger": {"ori": 83.95, "trans": 72.45, "sample_num": 1392, "ori_download_link": "https://www.textflint.com/static/Tasks/NER/trans_dataset/ACE 2005/ori_SwapLonger.json", "trans_download_link": "https://www.textflint.com/static/Tasks/NER/trans_dataset/ACE 2005/trans_SwapLonger.json", "contributor": {"name": "Yiding Tan", "github": "https://github.com/Tannidy"}}}}]