[{"model": "BiLSTM-CNN-CRF", "attack_results": {"LMSubpopulation_0%-20%": {"trans": 82.73, "sample_num": 406, "ori_download_link": "https://www.textflint.com/static/Tasks/NER/trans_dataset/ACE 2005/ori_LMSubpopulation_0%-20%.json", "trans_download_link": "https://www.textflint.com/static/Tasks/NER/trans_dataset/ACE 2005/trans_LMSubpopulation_0%-20%.json", "contributor": {"name": "Yiding Tan", "github": "https://github.com/Tannidy"}}, "LMSubPopulation_80%-100%": {"trans": 81.25, "sample_num": 406, "ori_download_link": "https://www.textflint.com/static/Tasks/NER/trans_dataset/ACE 2005/ori_LMSubPopulation_80%-100%.json", "trans_download_link": "https://www.textflint.com/static/Tasks/NER/trans_dataset/ACE 2005/trans_LMSubPopulation_80%-100%.json", "contributor": {"name": "Yiding Tan", "github": "https://github.com/Tannidy"}}, "PhraseSubPopulation-negation": {"trans": "92.23", "sample_num": 161, "ori_download_link": "https://www.textflint.com/static/Tasks/NER/trans_dataset/ACE 2005/ori_PhraseSubPopulation-negation.json", "trans_download_link": "https://www.textflint.com/static/Tasks/NER/trans_dataset/ACE 2005/trans_PhraseSubPopulation-negation.json", "contributor": {"name": "Yiding Tan", "github": "https://github.com/Tannidy"}}, "PhraseSubPopulation-question": {"trans": 82.89, "sample_num": 214, "ori_download_link": "https://www.textflint.com/static/Tasks/NER/trans_dataset/ACE 2005/ori_PhraseSubPopulation-question.json", "trans_download_link": "https://www.textflint.com/static/Tasks/NER/trans_dataset/ACE 2005/trans_PhraseSubPopulation-question.json", "contributor": {"name": "Yiding Tan", "github": "https://github.com/Tannidy"}}, "LengthSubPopulation_0%-20%": {"trans": 84.47, "sample_num": 406, "ori_download_link": "https://www.textflint.com/static/Tasks/NER/trans_dataset/ACE 2005/ori_LengthSubPopulation_0%-20%.json", "trans_download_link": "https://www.textflint.com/static/Tasks/NER/trans_dataset/ACE 2005/trans_LengthSubPopulation_0%-20%.json", "contributor": {"name": "Yiding Tan", "github": "https://github.com/Tannidy"}}, "LengthSubPopulation_80%-100%": {"trans": 83.29, "sample_num": 407, "ori_download_link": "https://www.textflint.com/static/Tasks/NER/trans_dataset/ACE 2005/ori_LengthSubPopulation_80%-100%.json", "trans_download_link": "https://www.textflint.com/static/Tasks/NER/trans_dataset/ACE 2005/trans_LengthSubPopulation_80%-100%.json", "contributor": {"name": "Yiding Tan", "github": "https://github.com/Tannidy"}}, "PrejudiceSubPopulation-man": {"trans": 86.01, "sample_num": 301, "ori_download_link": "https://www.textflint.com/static/Tasks/NER/trans_dataset/ACE 2005/ori_PrejudiceSubPopulation-man.json", "trans_download_link": "https://www.textflint.com/static/Tasks/NER/trans_dataset/ACE 2005/trans_PrejudiceSubPopulation-man.json", "contributor": {"name": "Yiding Tan", "github": "https://github.com/Tannidy"}}, "PrejudiceSubPopulation-woman": {"trans": 86.22, "sample_num": 139, "ori_download_link": "https://www.textflint.com/static/Tasks/NER/trans_dataset/ACE 2005/ori_PrejudiceSubPopulation-woman.json", "trans_download_link": "https://www.textflint.com/static/Tasks/NER/trans_dataset/ACE 2005/trans_PrejudiceSubPopulation-woman.json", "contributor": {"name": "Yiding Tan", "github": "https://github.com/Tannidy"}}}}, {"model": "BiLSTM-CRF", "attack_results": {"LMSubpopulation_0%-20%": {"trans": 83.19, "sample_num": 406, "ori_download_link": "https://www.textflint.com/static/Tasks/NER/trans_dataset/ACE 2005/ori_LMSubpopulation_0%-20%.json", "trans_download_link": "https://www.textflint.com/static/Tasks/NER/trans_dataset/ACE 2005/trans_LMSubpopulation_0%-20%.json", "contributor": {"name": "Yiding Tan", "github": "https://github.com/Tannidy"}}, "LMSubPopulation_80%-100%": {"trans": 82.28, "sample_num": 406, "ori_download_link": "https://www.textflint.com/static/Tasks/NER/trans_dataset/ACE 2005/ori_LMSubPopulation_80%-100%.json", "trans_download_link": "https://www.textflint.com/static/Tasks/NER/trans_dataset/ACE 2005/trans_LMSubPopulation_80%-100%.json", "contributor": {"name": "Yiding Tan", "github": "https://github.com/Tannidy"}}, "PhraseSubPopulation-negation": {"trans": "88.17", "sample_num": 161, "ori_download_link": "https://www.textflint.com/static/Tasks/NER/trans_dataset/ACE 2005/ori_PhraseSubPopulation-negation.json", "trans_download_link": "https://www.textflint.com/static/Tasks/NER/trans_dataset/ACE 2005/trans_PhraseSubPopulation-negation.json", "contributor": {"name": "Yiding Tan", "github": "https://github.com/Tannidy"}}, "PhraseSubPopulation-question": {"trans": 83.94, "sample_num": 214, "ori_download_link": "https://www.textflint.com/static/Tasks/NER/trans_dataset/ACE 2005/ori_PhraseSubPopulation-question.json", "trans_download_link": "https://www.textflint.com/static/Tasks/NER/trans_dataset/ACE 2005/trans_PhraseSubPopulation-question.json", "contributor": {"name": "Yiding Tan", "github": "https://github.com/Tannidy"}}, "LengthSubPopulation_0%-20%": {"trans": 84.23, "sample_num": 406, "ori_download_link": "https://www.textflint.com/static/Tasks/NER/trans_dataset/ACE 2005/ori_LengthSubPopulation_0%-20%.json", "trans_download_link": "https://www.textflint.com/static/Tasks/NER/trans_dataset/ACE 2005/trans_LengthSubPopulation_0%-20%.json", "contributor": {"name": "Yiding Tan", "github": "https://github.com/Tannidy"}}, "LengthSubPopulation_80%-100%": {"trans": 84.04, "sample_num": 407, "ori_download_link": "https://www.textflint.com/static/Tasks/NER/trans_dataset/ACE 2005/ori_LengthSubPopulation_80%-100%.json", "trans_download_link": "https://www.textflint.com/static/Tasks/NER/trans_dataset/ACE 2005/trans_LengthSubPopulation_80%-100%.json", "contributor": {"name": "Yiding Tan", "github": "https://github.com/Tannidy"}}, "PrejudiceSubPopulation-man": {"trans": 87.32, "sample_num": 301, "ori_download_link": "https://www.textflint.com/static/Tasks/NER/trans_dataset/ACE 2005/ori_PrejudiceSubPopulation-man.json", "trans_download_link": "https://www.textflint.com/static/Tasks/NER/trans_dataset/ACE 2005/trans_PrejudiceSubPopulation-man.json", "contributor": {"name": "Yiding Tan", "github": "https://github.com/Tannidy"}}, "PrejudiceSubPopulation-woman": {"trans": 85.71, "sample_num": 139, "ori_download_link": "https://www.textflint.com/static/Tasks/NER/trans_dataset/ACE 2005/ori_PrejudiceSubPopulation-woman.json", "trans_download_link": "https://www.textflint.com/static/Tasks/NER/trans_dataset/ACE 2005/trans_PrejudiceSubPopulation-woman.json", "contributor": {"name": "Yiding Tan", "github": "https://github.com/Tannidy"}}}}, {"model": "LM-LSTM-CRF", "attack_results": {"LMSubpopulation_0%-20%": {"trans": 85.01, "sample_num": 406, "ori_download_link": "https://www.textflint.com/static/Tasks/NER/trans_dataset/ACE 2005/ori_LMSubpopulation_0%-20%.json", "trans_download_link": "https://www.textflint.com/static/Tasks/NER/trans_dataset/ACE 2005/trans_LMSubpopulation_0%-20%.json", "contributor": {"name": "Yiding Tan", "github": "https://github.com/Tannidy"}}, "LMSubPopulation_80%-100%": {"trans": 83.54, "sample_num": 406, "ori_download_link": "https://www.textflint.com/static/Tasks/NER/trans_dataset/ACE 2005/ori_LMSubPopulation_80%-100%.json", "trans_download_link": "https://www.textflint.com/static/Tasks/NER/trans_dataset/ACE 2005/trans_LMSubPopulation_80%-100%.json", "contributor": {"name": "Yiding Tan", "github": "https://github.com/Tannidy"}}, "PhraseSubPopulation-negation": {"trans": "-", "sample_num": 161, "ori_download_link": "https://www.textflint.com/static/Tasks/NER/trans_dataset/ACE 2005/ori_PhraseSubPopulation-negation.json", "trans_download_link": "https://www.textflint.com/static/Tasks/NER/trans_dataset/ACE 2005/trans_PhraseSubPopulation-negation.json", "contributor": {"name": "Yiding Tan", "github": "https://github.com/Tannidy"}}, "PhraseSubPopulation-question": {"trans": 85.39, "sample_num": 214, "ori_download_link": "https://www.textflint.com/static/Tasks/NER/trans_dataset/ACE 2005/ori_PhraseSubPopulation-question.json", "trans_download_link": "https://www.textflint.com/static/Tasks/NER/trans_dataset/ACE 2005/trans_PhraseSubPopulation-question.json", "contributor": {"name": "Yiding Tan", "github": "https://github.com/Tannidy"}}, "LengthSubPopulation_0%-20%": {"trans": 85.25, "sample_num": 406, "ori_download_link": "https://www.textflint.com/static/Tasks/NER/trans_dataset/ACE 2005/ori_LengthSubPopulation_0%-20%.json", "trans_download_link": "https://www.textflint.com/static/Tasks/NER/trans_dataset/ACE 2005/trans_LengthSubPopulation_0%-20%.json", "contributor": {"name": "Yiding Tan", "github": "https://github.com/Tannidy"}}, "LengthSubPopulation_80%-100%": {"trans": 85.21, "sample_num": 407, "ori_download_link": "https://www.textflint.com/static/Tasks/NER/trans_dataset/ACE 2005/ori_LengthSubPopulation_80%-100%.json", "trans_download_link": "https://www.textflint.com/static/Tasks/NER/trans_dataset/ACE 2005/trans_LengthSubPopulation_80%-100%.json", "contributor": {"name": "Yiding Tan", "github": "https://github.com/Tannidy"}}, "PrejudiceSubPopulation-man": {"trans": 88.53, "sample_num": 301, "ori_download_link": "https://www.textflint.com/static/Tasks/NER/trans_dataset/ACE 2005/ori_PrejudiceSubPopulation-man.json", "trans_download_link": "https://www.textflint.com/static/Tasks/NER/trans_dataset/ACE 2005/trans_PrejudiceSubPopulation-man.json", "contributor": {"name": "Yiding Tan", "github": "https://github.com/Tannidy"}}, "PrejudiceSubPopulation-woman": {"trans": 88.43, "sample_num": 139, "ori_download_link": "https://www.textflint.com/static/Tasks/NER/trans_dataset/ACE 2005/ori_PrejudiceSubPopulation-woman.json", "trans_download_link": "https://www.textflint.com/static/Tasks/NER/trans_dataset/ACE 2005/trans_PrejudiceSubPopulation-woman.json", "contributor": {"name": "Yiding Tan", "github": "https://github.com/Tannidy"}}}}, {"model": "BERT-base(cased)", "attack_results": {"LMSubpopulation_0%-20%": {"trans": 87.92, "sample_num": 406, "ori_download_link": "https://www.textflint.com/static/Tasks/NER/trans_dataset/ACE 2005/ori_LMSubpopulation_0%-20%.json", "trans_download_link": "https://www.textflint.com/static/Tasks/NER/trans_dataset/ACE 2005/trans_LMSubpopulation_0%-20%.json", "contributor": {"name": "Yiding Tan", "github": "https://github.com/Tannidy"}}, "LMSubPopulation_80%-100%": {"trans": 84.98, "sample_num": 406, "ori_download_link": "https://www.textflint.com/static/Tasks/NER/trans_dataset/ACE 2005/ori_LMSubPopulation_80%-100%.json", "trans_download_link": "https://www.textflint.com/static/Tasks/NER/trans_dataset/ACE 2005/trans_LMSubPopulation_80%-100%.json", "contributor": {"name": "Yiding Tan", "github": "https://github.com/Tannidy"}}, "PhraseSubPopulation-negation": {"trans": "93.4", "sample_num": 161, "ori_download_link": "https://www.textflint.com/static/Tasks/NER/trans_dataset/ACE 2005/ori_PhraseSubPopulation-negation.json", "trans_download_link": "https://www.textflint.com/static/Tasks/NER/trans_dataset/ACE 2005/trans_PhraseSubPopulation-negation.json", "contributor": {"name": "Yiding Tan", "github": "https://github.com/Tannidy"}}, "PhraseSubPopulation-question": {"trans": 88.6, "sample_num": 214, "ori_download_link": "https://www.textflint.com/static/Tasks/NER/trans_dataset/ACE 2005/ori_PhraseSubPopulation-question.json", "trans_download_link": "https://www.textflint.com/static/Tasks/NER/trans_dataset/ACE 2005/trans_PhraseSubPopulation-question.json", "contributor": {"name": "Yiding Tan", "github": "https://github.com/Tannidy"}}, "LengthSubPopulation_0%-20%": {"trans": 86.65, "sample_num": 406, "ori_download_link": "https://www.textflint.com/static/Tasks/NER/trans_dataset/ACE 2005/ori_LengthSubPopulation_0%-20%.json", "trans_download_link": "https://www.textflint.com/static/Tasks/NER/trans_dataset/ACE 2005/trans_LengthSubPopulation_0%-20%.json", "contributor": {"name": "Yiding Tan", "github": "https://github.com/Tannidy"}}, "LengthSubPopulation_80%-100%": {"trans": 88.49, "sample_num": 407, "ori_download_link": "https://www.textflint.com/static/Tasks/NER/trans_dataset/ACE 2005/ori_LengthSubPopulation_80%-100%.json", "trans_download_link": "https://www.textflint.com/static/Tasks/NER/trans_dataset/ACE 2005/trans_LengthSubPopulation_80%-100%.json", "contributor": {"name": "Yiding Tan", "github": "https://github.com/Tannidy"}}, "PrejudiceSubPopulation-man": {"trans": 91.28, "sample_num": 301, "ori_download_link": "https://www.textflint.com/static/Tasks/NER/trans_dataset/ACE 2005/ori_PrejudiceSubPopulation-man.json", "trans_download_link": "https://www.textflint.com/static/Tasks/NER/trans_dataset/ACE 2005/trans_PrejudiceSubPopulation-man.json", "contributor": {"name": "Yiding Tan", "github": "https://github.com/Tannidy"}}, "PrejudiceSubPopulation-woman": {"trans": 90.89, "sample_num": 139, "ori_download_link": "https://www.textflint.com/static/Tasks/NER/trans_dataset/ACE 2005/ori_PrejudiceSubPopulation-woman.json", "trans_download_link": "https://www.textflint.com/static/Tasks/NER/trans_dataset/ACE 2005/trans_PrejudiceSubPopulation-woman.json", "contributor": {"name": "Yiding Tan", "github": "https://github.com/Tannidy"}}}}, {"model": "BERT-base(uncased)", "attack_results": {"LMSubpopulation_0%-20%": {"trans": 88.63, "sample_num": 406, "ori_download_link": "https://www.textflint.com/static/Tasks/NER/trans_dataset/ACE 2005/ori_LMSubpopulation_0%-20%.json", "trans_download_link": "https://www.textflint.com/static/Tasks/NER/trans_dataset/ACE 2005/trans_LMSubpopulation_0%-20%.json", "contributor": {"name": "Yiding Tan", "github": "https://github.com/Tannidy"}}, "LMSubPopulation_80%-100%": {"trans": 86.56, "sample_num": 406, "ori_download_link": "https://www.textflint.com/static/Tasks/NER/trans_dataset/ACE 2005/ori_LMSubPopulation_80%-100%.json", "trans_download_link": "https://www.textflint.com/static/Tasks/NER/trans_dataset/ACE 2005/trans_LMSubPopulation_80%-100%.json", "contributor": {"name": "Yiding Tan", "github": "https://github.com/Tannidy"}}, "PhraseSubPopulation-negation": {"trans": "91.04", "sample_num": 161, "ori_download_link": "https://www.textflint.com/static/Tasks/NER/trans_dataset/ACE 2005/ori_PhraseSubPopulation-negation.json", "trans_download_link": "https://www.textflint.com/static/Tasks/NER/trans_dataset/ACE 2005/trans_PhraseSubPopulation-negation.json", "contributor": {"name": "Yiding Tan", "github": "https://github.com/Tannidy"}}, "PhraseSubPopulation-question": {"trans": 89.62, "sample_num": 214, "ori_download_link": "https://www.textflint.com/static/Tasks/NER/trans_dataset/ACE 2005/ori_PhraseSubPopulation-question.json", "trans_download_link": "https://www.textflint.com/static/Tasks/NER/trans_dataset/ACE 2005/trans_PhraseSubPopulation-question.json", "contributor": {"name": "Yiding Tan", "github": "https://github.com/Tannidy"}}, "LengthSubPopulation_0%-20%": {"trans": 87.96, "sample_num": 406, "ori_download_link": "https://www.textflint.com/static/Tasks/NER/trans_dataset/ACE 2005/ori_LengthSubPopulation_0%-20%.json", "trans_download_link": "https://www.textflint.com/static/Tasks/NER/trans_dataset/ACE 2005/trans_LengthSubPopulation_0%-20%.json", "contributor": {"name": "Yiding Tan", "github": "https://github.com/Tannidy"}}, "LengthSubPopulation_80%-100%": {"trans": 90.06, "sample_num": 407, "ori_download_link": "https://www.textflint.com/static/Tasks/NER/trans_dataset/ACE 2005/ori_LengthSubPopulation_80%-100%.json", "trans_download_link": "https://www.textflint.com/static/Tasks/NER/trans_dataset/ACE 2005/trans_LengthSubPopulation_80%-100%.json", "contributor": {"name": "Yiding Tan", "github": "https://github.com/Tannidy"}}, "PrejudiceSubPopulation-man": {"trans": 92.08, "sample_num": 301, "ori_download_link": "https://www.textflint.com/static/Tasks/NER/trans_dataset/ACE 2005/ori_PrejudiceSubPopulation-man.json", "trans_download_link": "https://www.textflint.com/static/Tasks/NER/trans_dataset/ACE 2005/trans_PrejudiceSubPopulation-man.json", "contributor": {"name": "Yiding Tan", "github": "https://github.com/Tannidy"}}, "PrejudiceSubPopulation-woman": {"trans": 93.28, "sample_num": 139, "ori_download_link": "https://www.textflint.com/static/Tasks/NER/trans_dataset/ACE 2005/ori_PrejudiceSubPopulation-woman.json", "trans_download_link": "https://www.textflint.com/static/Tasks/NER/trans_dataset/ACE 2005/trans_PrejudiceSubPopulation-woman.json", "contributor": {"name": "Yiding Tan", "github": "https://github.com/Tannidy"}}}}, {"model": "TENER", "attack_results": {"LMSubpopulation_0%-20%": {"trans": 84.75, "sample_num": 406, "ori_download_link": "https://www.textflint.com/static/Tasks/NER/trans_dataset/ACE 2005/ori_LMSubpopulation_0%-20%.json", "trans_download_link": "https://www.textflint.com/static/Tasks/NER/trans_dataset/ACE 2005/trans_LMSubpopulation_0%-20%.json", "contributor": {"name": "Yiding Tan", "github": "https://github.com/Tannidy"}}, "LMSubPopulation_80%-100%": {"trans": 84.0, "sample_num": 406, "ori_download_link": "https://www.textflint.com/static/Tasks/NER/trans_dataset/ACE 2005/ori_LMSubPopulation_80%-100%.json", "trans_download_link": "https://www.textflint.com/static/Tasks/NER/trans_dataset/ACE 2005/trans_LMSubPopulation_80%-100%.json", "contributor": {"name": "Yiding Tan", "github": "https://github.com/Tannidy"}}, "PhraseSubPopulation-negation": {"trans": "91.84", "sample_num": 161, "ori_download_link": "https://www.textflint.com/static/Tasks/NER/trans_dataset/ACE 2005/ori_PhraseSubPopulation-negation.json", "trans_download_link": "https://www.textflint.com/static/Tasks/NER/trans_dataset/ACE 2005/trans_PhraseSubPopulation-negation.json", "contributor": {"name": "Yiding Tan", "github": "https://github.com/Tannidy"}}, "PhraseSubPopulation-question": {"trans": 84.86, "sample_num": 214, "ori_download_link": "https://www.textflint.com/static/Tasks/NER/trans_dataset/ACE 2005/ori_PhraseSubPopulation-question.json", "trans_download_link": "https://www.textflint.com/static/Tasks/NER/trans_dataset/ACE 2005/trans_PhraseSubPopulation-question.json", "contributor": {"name": "Yiding Tan", "github": "https://github.com/Tannidy"}}, "LengthSubPopulation_0%-20%": {"trans": 84.75, "sample_num": 406, "ori_download_link": "https://www.textflint.com/static/Tasks/NER/trans_dataset/ACE 2005/ori_LengthSubPopulation_0%-20%.json", "trans_download_link": "https://www.textflint.com/static/Tasks/NER/trans_dataset/ACE 2005/trans_LengthSubPopulation_0%-20%.json", "contributor": {"name": "Yiding Tan", "github": "https://github.com/Tannidy"}}, "LengthSubPopulation_80%-100%": {"trans": 84.72, "sample_num": 407, "ori_download_link": "https://www.textflint.com/static/Tasks/NER/trans_dataset/ACE 2005/ori_LengthSubPopulation_80%-100%.json", "trans_download_link": "https://www.textflint.com/static/Tasks/NER/trans_dataset/ACE 2005/trans_LengthSubPopulation_80%-100%.json", "contributor": {"name": "Yiding Tan", "github": "https://github.com/Tannidy"}}, "PrejudiceSubPopulation-man": {"trans": 88.8, "sample_num": 301, "ori_download_link": "https://www.textflint.com/static/Tasks/NER/trans_dataset/ACE 2005/ori_PrejudiceSubPopulation-man.json", "trans_download_link": "https://www.textflint.com/static/Tasks/NER/trans_dataset/ACE 2005/trans_PrejudiceSubPopulation-man.json", "contributor": {"name": "Yiding Tan", "github": "https://github.com/Tannidy"}}, "PrejudiceSubPopulation-woman": {"trans": 87.91, "sample_num": 139, "ori_download_link": "https://www.textflint.com/static/Tasks/NER/trans_dataset/ACE 2005/ori_PrejudiceSubPopulation-woman.json", "trans_download_link": "https://www.textflint.com/static/Tasks/NER/trans_dataset/ACE 2005/trans_PrejudiceSubPopulation-woman.json", "contributor": {"name": "Yiding Tan", "github": "https://github.com/Tannidy"}}}}, {"model": "GRN", "attack_results": {"LMSubpopulation_0%-20%": {"trans": 83.76, "sample_num": 406, "ori_download_link": "https://www.textflint.com/static/Tasks/NER/trans_dataset/ACE 2005/ori_LMSubpopulation_0%-20%.json", "trans_download_link": "https://www.textflint.com/static/Tasks/NER/trans_dataset/ACE 2005/trans_LMSubpopulation_0%-20%.json", "contributor": {"name": "Yiding Tan", "github": "https://github.com/Tannidy"}}, "LMSubPopulation_80%-100%": {"trans": 83.19, "sample_num": 406, "ori_download_link": "https://www.textflint.com/static/Tasks/NER/trans_dataset/ACE 2005/ori_LMSubPopulation_80%-100%.json", "trans_download_link": "https://www.textflint.com/static/Tasks/NER/trans_dataset/ACE 2005/trans_LMSubPopulation_80%-100%.json", "contributor": {"name": "Yiding Tan", "github": "https://github.com/Tannidy"}}, "PhraseSubPopulation-negation": {"trans": "85.86", "sample_num": 161, "ori_download_link": "https://www.textflint.com/static/Tasks/NER/trans_dataset/ACE 2005/ori_PhraseSubPopulation-negation.json", "trans_download_link": "https://www.textflint.com/static/Tasks/NER/trans_dataset/ACE 2005/trans_PhraseSubPopulation-negation.json", "contributor": {"name": "Yiding Tan", "github": "https://github.com/Tannidy"}}, "PhraseSubPopulation-question": {"trans": 84.72, "sample_num": 214, "ori_download_link": "https://www.textflint.com/static/Tasks/NER/trans_dataset/ACE 2005/ori_PhraseSubPopulation-question.json", "trans_download_link": "https://www.textflint.com/static/Tasks/NER/trans_dataset/ACE 2005/trans_PhraseSubPopulation-question.json", "contributor": {"name": "Yiding Tan", "github": "https://github.com/Tannidy"}}, "LengthSubPopulation_0%-20%": {"trans": 93.33, "sample_num": 406, "ori_download_link": "https://www.textflint.com/static/Tasks/NER/trans_dataset/ACE 2005/ori_LengthSubPopulation_0%-20%.json", "trans_download_link": "https://www.textflint.com/static/Tasks/NER/trans_dataset/ACE 2005/trans_LengthSubPopulation_0%-20%.json", "contributor": {"name": "Yiding Tan", "github": "https://github.com/Tannidy"}}, "LengthSubPopulation_80%-100%": {"trans": 84.45, "sample_num": 407, "ori_download_link": "https://www.textflint.com/static/Tasks/NER/trans_dataset/ACE 2005/ori_LengthSubPopulation_80%-100%.json", "trans_download_link": "https://www.textflint.com/static/Tasks/NER/trans_dataset/ACE 2005/trans_LengthSubPopulation_80%-100%.json", "contributor": {"name": "Yiding Tan", "github": "https://github.com/Tannidy"}}, "PrejudiceSubPopulation-man": {"trans": 88.01, "sample_num": 301, "ori_download_link": "https://www.textflint.com/static/Tasks/NER/trans_dataset/ACE 2005/ori_PrejudiceSubPopulation-man.json", "trans_download_link": "https://www.textflint.com/static/Tasks/NER/trans_dataset/ACE 2005/trans_PrejudiceSubPopulation-man.json", "contributor": {"name": "Yiding Tan", "github": "https://github.com/Tannidy"}}, "PrejudiceSubPopulation-woman": {"trans": 87.78, "sample_num": 139, "ori_download_link": "https://www.textflint.com/static/Tasks/NER/trans_dataset/ACE 2005/ori_PrejudiceSubPopulation-woman.json", "trans_download_link": "https://www.textflint.com/static/Tasks/NER/trans_dataset/ACE 2005/trans_PrejudiceSubPopulation-woman.json", "contributor": {"name": "Yiding Tan", "github": "https://github.com/Tannidy"}}}}, {"model": "flair embeddings", "attack_results": {"LMSubpopulation_0%-20%": {"trans": 86.02, "sample_num": 406, "ori_download_link": "https://www.textflint.com/static/Tasks/NER/trans_dataset/ACE 2005/ori_LMSubpopulation_0%-20%.json", "trans_download_link": "https://www.textflint.com/static/Tasks/NER/trans_dataset/ACE 2005/trans_LMSubpopulation_0%-20%.json", "contributor": {"name": "Yiding Tan", "github": "https://github.com/Tannidy"}}, "LMSubPopulation_80%-100%": {"trans": 83.94, "sample_num": 406, "ori_download_link": "https://www.textflint.com/static/Tasks/NER/trans_dataset/ACE 2005/ori_LMSubPopulation_80%-100%.json", "trans_download_link": "https://www.textflint.com/static/Tasks/NER/trans_dataset/ACE 2005/trans_LMSubPopulation_80%-100%.json", "contributor": {"name": "Yiding Tan", "github": "https://github.com/Tannidy"}}, "PhraseSubPopulation-negation": {"trans": "86.9", "sample_num": 161, "ori_download_link": "https://www.textflint.com/static/Tasks/NER/trans_dataset/ACE 2005/ori_PhraseSubPopulation-negation.json", "trans_download_link": "https://www.textflint.com/static/Tasks/NER/trans_dataset/ACE 2005/trans_PhraseSubPopulation-negation.json", "contributor": {"name": "Yiding Tan", "github": "https://github.com/Tannidy"}}, "PhraseSubPopulation-question": {"trans": 86.52, "sample_num": 214, "ori_download_link": "https://www.textflint.com/static/Tasks/NER/trans_dataset/ACE 2005/ori_PhraseSubPopulation-question.json", "trans_download_link": "https://www.textflint.com/static/Tasks/NER/trans_dataset/ACE 2005/trans_PhraseSubPopulation-question.json", "contributor": {"name": "Yiding Tan", "github": "https://github.com/Tannidy"}}, "LengthSubPopulation_0%-20%": {"trans": 92.78, "sample_num": 406, "ori_download_link": "https://www.textflint.com/static/Tasks/NER/trans_dataset/ACE 2005/ori_LengthSubPopulation_0%-20%.json", "trans_download_link": "https://www.textflint.com/static/Tasks/NER/trans_dataset/ACE 2005/trans_LengthSubPopulation_0%-20%.json", "contributor": {"name": "Yiding Tan", "github": "https://github.com/Tannidy"}}, "LengthSubPopulation_80%-100%": {"trans": 86.79, "sample_num": 407, "ori_download_link": "https://www.textflint.com/static/Tasks/NER/trans_dataset/ACE 2005/ori_LengthSubPopulation_80%-100%.json", "trans_download_link": "https://www.textflint.com/static/Tasks/NER/trans_dataset/ACE 2005/trans_LengthSubPopulation_80%-100%.json", "contributor": {"name": "Yiding Tan", "github": "https://github.com/Tannidy"}}, "PrejudiceSubPopulation-man": {"trans": 89.83, "sample_num": 301, "ori_download_link": "https://www.textflint.com/static/Tasks/NER/trans_dataset/ACE 2005/ori_PrejudiceSubPopulation-man.json", "trans_download_link": "https://www.textflint.com/static/Tasks/NER/trans_dataset/ACE 2005/trans_PrejudiceSubPopulation-man.json", "contributor": {"name": "Yiding Tan", "github": "https://github.com/Tannidy"}}, "PrejudiceSubPopulation-woman": {"trans": 88.06, "sample_num": 139, "ori_download_link": "https://www.textflint.com/static/Tasks/NER/trans_dataset/ACE 2005/ori_PrejudiceSubPopulation-woman.json", "trans_download_link": "https://www.textflint.com/static/Tasks/NER/trans_dataset/ACE 2005/trans_PrejudiceSubPopulation-woman.json", "contributor": {"name": "Yiding Tan", "github": "https://github.com/Tannidy"}}}}, {"model": "BiLSTM-CRF+ELMo", "attack_results": {"LMSubpopulation_0%-20%": {"trans": 86.65, "sample_num": 406, "ori_download_link": "https://www.textflint.com/static/Tasks/NER/trans_dataset/ACE 2005/ori_LMSubpopulation_0%-20%.json", "trans_download_link": "https://www.textflint.com/static/Tasks/NER/trans_dataset/ACE 2005/trans_LMSubpopulation_0%-20%.json", "contributor": {"name": "Yiding Tan", "github": "https://github.com/Tannidy"}}, "LMSubPopulation_80%-100%": {"trans": 84.71, "sample_num": 406, "ori_download_link": "https://www.textflint.com/static/Tasks/NER/trans_dataset/ACE 2005/ori_LMSubPopulation_80%-100%.json", "trans_download_link": "https://www.textflint.com/static/Tasks/NER/trans_dataset/ACE 2005/trans_LMSubPopulation_80%-100%.json", "contributor": {"name": "Yiding Tan", "github": "https://github.com/Tannidy"}}, "PhraseSubPopulation-negation": {"trans": "86.8", "sample_num": 161, "ori_download_link": "https://www.textflint.com/static/Tasks/NER/trans_dataset/ACE 2005/ori_PhraseSubPopulation-negation.json", "trans_download_link": "https://www.textflint.com/static/Tasks/NER/trans_dataset/ACE 2005/trans_PhraseSubPopulation-negation.json", "contributor": {"name": "Yiding Tan", "github": "https://github.com/Tannidy"}}, "PhraseSubPopulation-question": {"trans": 88.17, "sample_num": 214, "ori_download_link": "https://www.textflint.com/static/Tasks/NER/trans_dataset/ACE 2005/ori_PhraseSubPopulation-question.json", "trans_download_link": "https://www.textflint.com/static/Tasks/NER/trans_dataset/ACE 2005/trans_PhraseSubPopulation-question.json", "contributor": {"name": "Yiding Tan", "github": "https://github.com/Tannidy"}}, "LengthSubPopulation_0%-20%": {"trans": 93.94, "sample_num": 406, "ori_download_link": "https://www.textflint.com/static/Tasks/NER/trans_dataset/ACE 2005/ori_LengthSubPopulation_0%-20%.json", "trans_download_link": "https://www.textflint.com/static/Tasks/NER/trans_dataset/ACE 2005/trans_LengthSubPopulation_0%-20%.json", "contributor": {"name": "Yiding Tan", "github": "https://github.com/Tannidy"}}, "LengthSubPopulation_80%-100%": {"trans": 87.51, "sample_num": 407, "ori_download_link": "https://www.textflint.com/static/Tasks/NER/trans_dataset/ACE 2005/ori_LengthSubPopulation_80%-100%.json", "trans_download_link": "https://www.textflint.com/static/Tasks/NER/trans_dataset/ACE 2005/trans_LengthSubPopulation_80%-100%.json", "contributor": {"name": "Yiding Tan", "github": "https://github.com/Tannidy"}}, "PrejudiceSubPopulation-man": {"trans": 90.55, "sample_num": 301, "ori_download_link": "https://www.textflint.com/static/Tasks/NER/trans_dataset/ACE 2005/ori_PrejudiceSubPopulation-man.json", "trans_download_link": "https://www.textflint.com/static/Tasks/NER/trans_dataset/ACE 2005/trans_PrejudiceSubPopulation-man.json", "contributor": {"name": "Yiding Tan", "github": "https://github.com/Tannidy"}}, "PrejudiceSubPopulation-woman": {"trans": 90.66, "sample_num": 139, "ori_download_link": "https://www.textflint.com/static/Tasks/NER/trans_dataset/ACE 2005/ori_PrejudiceSubPopulation-woman.json", "trans_download_link": "https://www.textflint.com/static/Tasks/NER/trans_dataset/ACE 2005/trans_PrejudiceSubPopulation-woman.json", "contributor": {"name": "Yiding Tan", "github": "https://github.com/Tannidy"}}}}, {"model": "Flair embeddings + Pooling", "attack_results": {"LMSubpopulation_0%-20%": {"trans": 83.75, "sample_num": 406, "ori_download_link": "https://www.textflint.com/static/Tasks/NER/trans_dataset/ACE 2005/ori_LMSubpopulation_0%-20%.json", "trans_download_link": "https://www.textflint.com/static/Tasks/NER/trans_dataset/ACE 2005/trans_LMSubpopulation_0%-20%.json", "contributor": {"name": "Yiding Tan", "github": "https://github.com/Tannidy"}}, "LMSubPopulation_80%-100%": {"trans": 83.99, "sample_num": 406, "ori_download_link": "https://www.textflint.com/static/Tasks/NER/trans_dataset/ACE 2005/ori_LMSubPopulation_80%-100%.json", "trans_download_link": "https://www.textflint.com/static/Tasks/NER/trans_dataset/ACE 2005/trans_LMSubPopulation_80%-100%.json", "contributor": {"name": "Yiding Tan", "github": "https://github.com/Tannidy"}}, "PhraseSubPopulation-negation": {"trans": "85.35", "sample_num": 161, "ori_download_link": "https://www.textflint.com/static/Tasks/NER/trans_dataset/ACE 2005/ori_PhraseSubPopulation-negation.json", "trans_download_link": "https://www.textflint.com/static/Tasks/NER/trans_dataset/ACE 2005/trans_PhraseSubPopulation-negation.json", "contributor": {"name": "Yiding Tan", "github": "https://github.com/Tannidy"}}, "PhraseSubPopulation-question": {"trans": 85.74, "sample_num": 214, "ori_download_link": "https://www.textflint.com/static/Tasks/NER/trans_dataset/ACE 2005/ori_PhraseSubPopulation-question.json", "trans_download_link": "https://www.textflint.com/static/Tasks/NER/trans_dataset/ACE 2005/trans_PhraseSubPopulation-question.json", "contributor": {"name": "Yiding Tan", "github": "https://github.com/Tannidy"}}, "LengthSubPopulation_0%-20%": {"trans": 92.31, "sample_num": 406, "ori_download_link": "https://www.textflint.com/static/Tasks/NER/trans_dataset/ACE 2005/ori_LengthSubPopulation_0%-20%.json", "trans_download_link": "https://www.textflint.com/static/Tasks/NER/trans_dataset/ACE 2005/trans_LengthSubPopulation_0%-20%.json", "contributor": {"name": "Yiding Tan", "github": "https://github.com/Tannidy"}}, "LengthSubPopulation_80%-100%": {"trans": 86.22, "sample_num": 407, "ori_download_link": "https://www.textflint.com/static/Tasks/NER/trans_dataset/ACE 2005/ori_LengthSubPopulation_80%-100%.json", "trans_download_link": "https://www.textflint.com/static/Tasks/NER/trans_dataset/ACE 2005/trans_LengthSubPopulation_80%-100%.json", "contributor": {"name": "Yiding Tan", "github": "https://github.com/Tannidy"}}, "PrejudiceSubPopulation-man": {"trans": 89.28, "sample_num": 301, "ori_download_link": "https://www.textflint.com/static/Tasks/NER/trans_dataset/ACE 2005/ori_PrejudiceSubPopulation-man.json", "trans_download_link": "https://www.textflint.com/static/Tasks/NER/trans_dataset/ACE 2005/trans_PrejudiceSubPopulation-man.json", "contributor": {"name": "Yiding Tan", "github": "https://github.com/Tannidy"}}, "PrejudiceSubPopulation-woman": {"trans": 87.07, "sample_num": 139, "ori_download_link": "https://www.textflint.com/static/Tasks/NER/trans_dataset/ACE 2005/ori_PrejudiceSubPopulation-woman.json", "trans_download_link": "https://www.textflint.com/static/Tasks/NER/trans_dataset/ACE 2005/trans_PrejudiceSubPopulation-woman.json", "contributor": {"name": "Yiding Tan", "github": "https://github.com/Tannidy"}}}}]