[{"model": "BiLSTM-CNN-CRF", "attack_results": {"WordCase-title": {"ori": 82.09, "trans": 43.08, "sample_num": 2030, "ori_download_link": "https://www.textflint.com/static/Tasks/NER/trans_dataset/ACE 2005/ori_WordCase-title.json", "trans_download_link": "https://www.textflint.com/static/Tasks/NER/trans_dataset/ACE 2005/trans_WordCase-title.json", "contributor": {"name": "Yiding Tan", "github": "https://github.com/Tannidy"}}, "WordCase-upper": {"ori": 82.3, "trans": 76.9, "sample_num": 2030, "ori_download_link": "https://www.textflint.com/static/Tasks/NER/trans_dataset/ACE 2005/ori_WordCase-upper.json", "trans_download_link": "https://www.textflint.com/static/Tasks/NER/trans_dataset/ACE 2005/trans_WordCase-upper.json", "contributor": {"name": "Yiding Tan", "github": "https://github.com/Tannidy"}}, "Keyboard": {"ori": 82.09, "trans": 7.65, "sample_num": 2029, "ori_download_link": "https://www.textflint.com/static/Tasks/NER/trans_dataset/ACE 2005/ori_Keyboard.json", "trans_download_link": "https://www.textflint.com/static/Tasks/NER/trans_dataset/ACE 2005/trans_Keyboard.json", "contributor": {"name": "Yiding Tan", "github": "https://github.com/Tannidy"}}, "MLMSuggestion": {"ori": 82.09, "trans": 59.49, "sample_num": 1878, "ori_download_link": "https://www.textflint.com/static/Tasks/NER/trans_dataset/ACE 2005/ori_MLMSuggestion.json", "trans_download_link": "https://www.textflint.com/static/Tasks/NER/trans_dataset/ACE 2005/trans_MLMSuggestion.json", "contributor": {"name": "Yiding Tan", "github": "https://github.com/Tannidy"}}, "SwapNum": {"ori": 81.42, "trans": 81.18, "sample_num": 175, "ori_download_link": "https://www.textflint.com/static/Tasks/NER/trans_dataset/ACE 2005/ori_SwapNum.json", "trans_download_link": "https://www.textflint.com/static/Tasks/NER/trans_dataset/ACE 2005/trans_SwapNum.json", "contributor": {"name": "Yiding Tan", "github": "https://github.com/Tannidy"}}, "Ocr": {"ori": 82.09, "trans": 62.28, "sample_num": 2024, "ori_download_link": "https://www.textflint.com/static/Tasks/NER/trans_dataset/ACE 2005/ori_Ocr.json", "trans_download_link": "https://www.textflint.com/static/Tasks/NER/trans_dataset/ACE 2005/trans_Ocr.json", "contributor": {"name": "Yiding Tan", "github": "https://github.com/Tannidy"}}, "RevNeg": {"ori": 81.63, "trans": 81.58, "sample_num": 1269, "ori_download_link": "https://www.textflint.com/static/Tasks/NER/trans_dataset/ACE 2005/ori_RevNeg.json", "trans_download_link": "https://www.textflint.com/static/Tasks/NER/trans_dataset/ACE 2005/trans_RevNeg.json", "contributor": {"name": "Yiding Tan", "github": "https://github.com/Tannidy"}}, "SpellingError": {"ori": 82.02, "trans": 59.44, "sample_num": 1605, "ori_download_link": "https://www.textflint.com/static/Tasks/NER/trans_dataset/ACE 2005/ori_SpellingError.json", "trans_download_link": "https://www.textflint.com/static/Tasks/NER/trans_dataset/ACE 2005/trans_SpellingError.json", "contributor": {"name": "Yiding Tan", "github": "https://github.com/Tannidy"}}, "Tense": {"ori": 82.65, "trans": 82.17, "sample_num": 1248, "ori_download_link": "https://www.textflint.com/static/Tasks/NER/trans_dataset/ACE 2005/ori_Tense.json", "trans_download_link": "https://www.textflint.com/static/Tasks/NER/trans_dataset/ACE 2005/trans_Tense.json", "contributor": {"name": "Yiding Tan", "github": "https://github.com/Tannidy"}}, "SwapSyn-WordNet": {"ori": 81.33, "trans": 80.24, "sample_num": 1749, "ori_download_link": "https://www.textflint.com/static/Tasks/NER/trans_dataset/ACE 2005/ori_SwapSyn-WordNet.json", "trans_download_link": "https://www.textflint.com/static/Tasks/NER/trans_dataset/ACE 2005/trans_SwapSyn-WordNet.json", "contributor": {"name": "Yiding Tan", "github": "https://github.com/Tannidy"}}, "SwapAnt-WordNet": {"ori": 81.96, "trans": 76.86, "sample_num": 781, "ori_download_link": "https://www.textflint.com/static/Tasks/NER/trans_dataset/ACE 2005/ori_SwapAnt-WordNet.json", "trans_download_link": "https://www.textflint.com/static/Tasks/NER/trans_dataset/ACE 2005/trans_SwapAnt-WordNet.json", "contributor": {"name": "Yiding Tan", "github": "https://github.com/Tannidy"}}, "TwitterType": {"ori": 82.09, "trans": 73.63, "sample_num": 2030, "ori_download_link": "https://www.textflint.com/static/Tasks/NER/trans_dataset/ACE 2005/ori_TwitterType.json", "trans_download_link": "https://www.textflint.com/static/Tasks/NER/trans_dataset/ACE 2005/trans_TwitterType.json", "contributor": {"name": "Yiding Tan", "github": "https://github.com/Tannidy"}}, "Typos-random": {"ori": 82.07, "trans": 55.5, "sample_num": 2016, "ori_download_link": "https://www.textflint.com/static/Tasks/NER/trans_dataset/ACE 2005/ori_Typos-random.json", "trans_download_link": "https://www.textflint.com/static/Tasks/NER/trans_dataset/ACE 2005/trans_Typos-random.json", "contributor": {"name": "Yiding Tan", "github": "https://github.com/Tannidy"}}, "SwapSyn-WordEmbedding": {"ori": 81.96, "trans": 78.72, "sample_num": 1515, "ori_download_link": "https://www.textflint.com/static/Tasks/NER/trans_dataset/ACE 2005/ori_SwapSyn-WordEmbedding.json", "trans_download_link": "https://www.textflint.com/static/Tasks/NER/trans_dataset/ACE 2005/trans_SwapSyn-WordEmbedding.json", "contributor": {"name": "Yiding Tan", "github": "https://github.com/Tannidy"}}, "InsertAdv": {"ori": 82.01, "trans": 78.24, "sample_num": 1443, "ori_download_link": "https://www.textflint.com/static/Tasks/NER/trans_dataset/ACE 2005/ori_InsertAdv.json", "trans_download_link": "https://www.textflint.com/static/Tasks/NER/trans_dataset/ACE 2005/trans_InsertAdv.json", "contributor": {"name": "Yiding Tan", "github": "https://github.com/Tannidy"}}, "AppendIrr": {"ori": 82.09, "trans": 66.8, "sample_num": 2030, "ori_download_link": "https://www.textflint.com/static/Tasks/NER/trans_dataset/ACE 2005/ori_AppendIrr.json", "trans_download_link": "https://www.textflint.com/static/Tasks/NER/trans_dataset/ACE 2005/trans_AppendIrr.json", "contributor": {"name": "Yiding Tan", "github": "https://github.com/Tannidy"}}, "Contraction": {"ori": 82.09, "trans": 76.02, "sample_num": 419, "ori_download_link": "https://www.textflint.com/static/Tasks/NER/trans_dataset/ACE 2005/ori_Contraction.json", "trans_download_link": "https://www.textflint.com/static/Tasks/NER/trans_dataset/ACE 2005/trans_Contraction.json", "contributor": {"name": "Yiding Tan", "github": "https://github.com/Tannidy"}}, "AddRmvPunc": {"ori": 82.09, "trans": 78.83, "sample_num": 2029, "ori_download_link": "https://www.textflint.com/static/Tasks/NER/trans_dataset/ACE 2005/ori_AddRmvPunc.json", "trans_download_link": "https://www.textflint.com/static/Tasks/NER/trans_dataset/ACE 2005/trans_AddRmvPunc.json", "contributor": {"name": "Yiding Tan", "github": "https://github.com/Tannidy"}}, "WordCase-lower": {"ori": 81.86, "trans": 78.43, "sample_num": 2050, "ori_download_link": "https://www.textflint.com/static/Tasks/NER/trans_dataset/ACE 2005/ori_WordCase-lower.json", "trans_download_link": "https://www.textflint.com/static/Tasks/NER/trans_dataset/ACE 2005/trans_WordCase-lower.json", "contributor": {"name": "Yiding Tan", "github": "https://github.com/Tannidy"}}}}, {"model": "BiLSTM-CRF", "attack_results": {"WordCase-title": {"ori": 83.02, "trans": 64.2, "sample_num": 2030, "ori_download_link": "https://www.textflint.com/static/Tasks/NER/trans_dataset/ACE 2005/ori_WordCase-title.json", "trans_download_link": "https://www.textflint.com/static/Tasks/NER/trans_dataset/ACE 2005/trans_WordCase-title.json", "contributor": {"name": "Yiding Tan", "github": "https://github.com/Tannidy"}}, "WordCase-upper": {"ori": 83.23, "trans": 77.99, "sample_num": 2030, "ori_download_link": "https://www.textflint.com/static/Tasks/NER/trans_dataset/ACE 2005/ori_WordCase-upper.json", "trans_download_link": "https://www.textflint.com/static/Tasks/NER/trans_dataset/ACE 2005/trans_WordCase-upper.json", "contributor": {"name": "Yiding Tan", "github": "https://github.com/Tannidy"}}, "Keyboard": {"ori": 83.02, "trans": 34.91, "sample_num": 2029, "ori_download_link": "https://www.textflint.com/static/Tasks/NER/trans_dataset/ACE 2005/ori_Keyboard.json", "trans_download_link": "https://www.textflint.com/static/Tasks/NER/trans_dataset/ACE 2005/trans_Keyboard.json", "contributor": {"name": "Yiding Tan", "github": "https://github.com/Tannidy"}}, "MLMSuggestion": {"ori": 83.02, "trans": 69.05, "sample_num": 1878, "ori_download_link": "https://www.textflint.com/static/Tasks/NER/trans_dataset/ACE 2005/ori_MLMSuggestion.json", "trans_download_link": "https://www.textflint.com/static/Tasks/NER/trans_dataset/ACE 2005/trans_MLMSuggestion.json", "contributor": {"name": "Yiding Tan", "github": "https://github.com/Tannidy"}}, "SwapNum": {"ori": 82.49, "trans": 81.6, "sample_num": 175, "ori_download_link": "https://www.textflint.com/static/Tasks/NER/trans_dataset/ACE 2005/ori_SwapNum.json", "trans_download_link": "https://www.textflint.com/static/Tasks/NER/trans_dataset/ACE 2005/trans_SwapNum.json", "contributor": {"name": "Yiding Tan", "github": "https://github.com/Tannidy"}}, "Ocr": {"ori": 83.02, "trans": 69.73, "sample_num": 2024, "ori_download_link": "https://www.textflint.com/static/Tasks/NER/trans_dataset/ACE 2005/ori_Ocr.json", "trans_download_link": "https://www.textflint.com/static/Tasks/NER/trans_dataset/ACE 2005/trans_Ocr.json", "contributor": {"name": "Yiding Tan", "github": "https://github.com/Tannidy"}}, "RevNeg": {"ori": 82.8, "trans": 82.69, "sample_num": 1269, "ori_download_link": "https://www.textflint.com/static/Tasks/NER/trans_dataset/ACE 2005/ori_RevNeg.json", "trans_download_link": "https://www.textflint.com/static/Tasks/NER/trans_dataset/ACE 2005/trans_RevNeg.json", "contributor": {"name": "Yiding Tan", "github": "https://github.com/Tannidy"}}, "SpellingError": {"ori": 83.07, "trans": 68.22, "sample_num": 1605, "ori_download_link": "https://www.textflint.com/static/Tasks/NER/trans_dataset/ACE 2005/ori_SpellingError.json", "trans_download_link": "https://www.textflint.com/static/Tasks/NER/trans_dataset/ACE 2005/trans_SpellingError.json", "contributor": {"name": "Yiding Tan", "github": "https://github.com/Tannidy"}}, "Tense": {"ori": 83.76, "trans": 83.48, "sample_num": 1248, "ori_download_link": "https://www.textflint.com/static/Tasks/NER/trans_dataset/ACE 2005/ori_Tense.json", "trans_download_link": "https://www.textflint.com/static/Tasks/NER/trans_dataset/ACE 2005/trans_Tense.json", "contributor": {"name": "Yiding Tan", "github": "https://github.com/Tannidy"}}, "SwapSyn-WordNet": {"ori": 82.33, "trans": 81.35, "sample_num": 1749, "ori_download_link": "https://www.textflint.com/static/Tasks/NER/trans_dataset/ACE 2005/ori_SwapSyn-WordNet.json", "trans_download_link": "https://www.textflint.com/static/Tasks/NER/trans_dataset/ACE 2005/trans_SwapSyn-WordNet.json", "contributor": {"name": "Yiding Tan", "github": "https://github.com/Tannidy"}}, "SwapAnt-WordNet": {"ori": 82.9, "trans": 78.53, "sample_num": 781, "ori_download_link": "https://www.textflint.com/static/Tasks/NER/trans_dataset/ACE 2005/ori_SwapAnt-WordNet.json", "trans_download_link": "https://www.textflint.com/static/Tasks/NER/trans_dataset/ACE 2005/trans_SwapAnt-WordNet.json", "contributor": {"name": "Yiding Tan", "github": "https://github.com/Tannidy"}}, "TwitterType": {"ori": 83.02, "trans": 80.32, "sample_num": 2030, "ori_download_link": "https://www.textflint.com/static/Tasks/NER/trans_dataset/ACE 2005/ori_TwitterType.json", "trans_download_link": "https://www.textflint.com/static/Tasks/NER/trans_dataset/ACE 2005/trans_TwitterType.json", "contributor": {"name": "Yiding Tan", "github": "https://github.com/Tannidy"}}, "Typos-random": {"ori": 83.0, "trans": 64.14, "sample_num": 2016, "ori_download_link": "https://www.textflint.com/static/Tasks/NER/trans_dataset/ACE 2005/ori_Typos-random.json", "trans_download_link": "https://www.textflint.com/static/Tasks/NER/trans_dataset/ACE 2005/trans_Typos-random.json", "contributor": {"name": "Yiding Tan", "github": "https://github.com/Tannidy"}}, "SwapSyn-WordEmbedding": {"ori": 83.16, "trans": 79.59, "sample_num": 1515, "ori_download_link": "https://www.textflint.com/static/Tasks/NER/trans_dataset/ACE 2005/ori_SwapSyn-WordEmbedding.json", "trans_download_link": "https://www.textflint.com/static/Tasks/NER/trans_dataset/ACE 2005/trans_SwapSyn-WordEmbedding.json", "contributor": {"name": "Yiding Tan", "github": "https://github.com/Tannidy"}}, "InsertAdv": {"ori": 83.1, "trans": 80.05, "sample_num": 1443, "ori_download_link": "https://www.textflint.com/static/Tasks/NER/trans_dataset/ACE 2005/ori_InsertAdv.json", "trans_download_link": "https://www.textflint.com/static/Tasks/NER/trans_dataset/ACE 2005/trans_InsertAdv.json", "contributor": {"name": "Yiding Tan", "github": "https://github.com/Tannidy"}}, "AppendIrr": {"ori": 83.02, "trans": 70.12, "sample_num": 2030, "ori_download_link": "https://www.textflint.com/static/Tasks/NER/trans_dataset/ACE 2005/ori_AppendIrr.json", "trans_download_link": "https://www.textflint.com/static/Tasks/NER/trans_dataset/ACE 2005/trans_AppendIrr.json", "contributor": {"name": "Yiding Tan", "github": "https://github.com/Tannidy"}}, "Contraction": {"ori": 82.26, "trans": 77.17, "sample_num": 419, "ori_download_link": "https://www.textflint.com/static/Tasks/NER/trans_dataset/ACE 2005/ori_Contraction.json", "trans_download_link": "https://www.textflint.com/static/Tasks/NER/trans_dataset/ACE 2005/trans_Contraction.json", "contributor": {"name": "Yiding Tan", "github": "https://github.com/Tannidy"}}, "AddRmvPunc": {"ori": 83.02, "trans": 81.89, "sample_num": 2029, "ori_download_link": "https://www.textflint.com/static/Tasks/NER/trans_dataset/ACE 2005/ori_AddRmvPunc.json", "trans_download_link": "https://www.textflint.com/static/Tasks/NER/trans_dataset/ACE 2005/trans_AddRmvPunc.json", "contributor": {"name": "Yiding Tan", "github": "https://github.com/Tannidy"}}, "WordCase-lower": {"ori": 82.75, "trans": 34.93, "sample_num": 2050, "ori_download_link": "https://www.textflint.com/static/Tasks/NER/trans_dataset/ACE 2005/ori_WordCase-lower.json", "trans_download_link": "https://www.textflint.com/static/Tasks/NER/trans_dataset/ACE 2005/trans_WordCase-lower.json", "contributor": {"name": "Yiding Tan", "github": "https://github.com/Tannidy"}}}}, {"model": "LM-LSTM-CRF", "attack_results": {"WordCase-title": {"ori": 84.54, "trans": 77.48, "sample_num": 2030, "ori_download_link": "https://www.textflint.com/static/Tasks/NER/trans_dataset/ACE 2005/ori_WordCase-title.json", "trans_download_link": "https://www.textflint.com/static/Tasks/NER/trans_dataset/ACE 2005/trans_WordCase-title.json", "contributor": {"name": "Yiding Tan", "github": "https://github.com/Tannidy"}}, "WordCase-upper": {"ori": 84.73, "trans": 79.41, "sample_num": 2030, "ori_download_link": "https://www.textflint.com/static/Tasks/NER/trans_dataset/ACE 2005/ori_WordCase-upper.json", "trans_download_link": "https://www.textflint.com/static/Tasks/NER/trans_dataset/ACE 2005/trans_WordCase-upper.json", "contributor": {"name": "Yiding Tan", "github": "https://github.com/Tannidy"}}, "Keyboard": {"ori": 84.54, "trans": 73.41, "sample_num": 2029, "ori_download_link": "https://www.textflint.com/static/Tasks/NER/trans_dataset/ACE 2005/ori_Keyboard.json", "trans_download_link": "https://www.textflint.com/static/Tasks/NER/trans_dataset/ACE 2005/trans_Keyboard.json", "contributor": {"name": "Yiding Tan", "github": "https://github.com/Tannidy"}}, "MLMSuggestion": {"ori": 84.54, "trans": 70.04, "sample_num": 1878, "ori_download_link": "https://www.textflint.com/static/Tasks/NER/trans_dataset/ACE 2005/ori_MLMSuggestion.json", "trans_download_link": "https://www.textflint.com/static/Tasks/NER/trans_dataset/ACE 2005/trans_MLMSuggestion.json", "contributor": {"name": "Yiding Tan", "github": "https://github.com/Tannidy"}}, "SwapNum": {"ori": 84.16, "trans": 83.85, "sample_num": 175, "ori_download_link": "https://www.textflint.com/static/Tasks/NER/trans_dataset/ACE 2005/ori_SwapNum.json", "trans_download_link": "https://www.textflint.com/static/Tasks/NER/trans_dataset/ACE 2005/trans_SwapNum.json", "contributor": {"name": "Yiding Tan", "github": "https://github.com/Tannidy"}}, "Ocr": {"ori": 84.53, "trans": 71.9, "sample_num": 2024, "ori_download_link": "https://www.textflint.com/static/Tasks/NER/trans_dataset/ACE 2005/ori_Ocr.json", "trans_download_link": "https://www.textflint.com/static/Tasks/NER/trans_dataset/ACE 2005/trans_Ocr.json", "contributor": {"name": "Yiding Tan", "github": "https://github.com/Tannidy"}}, "RevNeg": {"ori": 84.48, "trans": 84.28, "sample_num": 1269, "ori_download_link": "https://www.textflint.com/static/Tasks/NER/trans_dataset/ACE 2005/ori_RevNeg.json", "trans_download_link": "https://www.textflint.com/static/Tasks/NER/trans_dataset/ACE 2005/trans_RevNeg.json", "contributor": {"name": "Yiding Tan", "github": "https://github.com/Tannidy"}}, "SpellingError": {"ori": 84.6, "trans": 69.48, "sample_num": 1605, "ori_download_link": "https://www.textflint.com/static/Tasks/NER/trans_dataset/ACE 2005/ori_SpellingError.json", "trans_download_link": "https://www.textflint.com/static/Tasks/NER/trans_dataset/ACE 2005/trans_SpellingError.json", "contributor": {"name": "Yiding Tan", "github": "https://github.com/Tannidy"}}, "Tense": {"ori": 84.9, "trans": 84.89, "sample_num": 1248, "ori_download_link": "https://www.textflint.com/static/Tasks/NER/trans_dataset/ACE 2005/ori_Tense.json", "trans_download_link": "https://www.textflint.com/static/Tasks/NER/trans_dataset/ACE 2005/trans_Tense.json", "contributor": {"name": "Yiding Tan", "github": "https://github.com/Tannidy"}}, "SwapSyn-WordNet": {"ori": 83.91, "trans": 82.39, "sample_num": 1749, "ori_download_link": "https://www.textflint.com/static/Tasks/NER/trans_dataset/ACE 2005/ori_SwapSyn-WordNet.json", "trans_download_link": "https://www.textflint.com/static/Tasks/NER/trans_dataset/ACE 2005/trans_SwapSyn-WordNet.json", "contributor": {"name": "Yiding Tan", "github": "https://github.com/Tannidy"}}, "SwapAnt-WordNet": {"ori": 84.41, "trans": 81.17, "sample_num": 781, "ori_download_link": "https://www.textflint.com/static/Tasks/NER/trans_dataset/ACE 2005/ori_SwapAnt-WordNet.json", "trans_download_link": "https://www.textflint.com/static/Tasks/NER/trans_dataset/ACE 2005/trans_SwapAnt-WordNet.json", "contributor": {"name": "Yiding Tan", "github": "https://github.com/Tannidy"}}, "TwitterType": {"ori": 84.54, "trans": 77.76, "sample_num": 2030, "ori_download_link": "https://www.textflint.com/static/Tasks/NER/trans_dataset/ACE 2005/ori_TwitterType.json", "trans_download_link": "https://www.textflint.com/static/Tasks/NER/trans_dataset/ACE 2005/trans_TwitterType.json", "contributor": {"name": "Yiding Tan", "github": "https://github.com/Tannidy"}}, "Typos-random": {"ori": 84.52, "trans": 65.99, "sample_num": 2016, "ori_download_link": "https://www.textflint.com/static/Tasks/NER/trans_dataset/ACE 2005/ori_Typos-random.json", "trans_download_link": "https://www.textflint.com/static/Tasks/NER/trans_dataset/ACE 2005/trans_Typos-random.json", "contributor": {"name": "Yiding Tan", "github": "https://github.com/Tannidy"}}, "SwapSyn-WordEmbedding": {"ori": 84.48, "trans": 81.67, "sample_num": 1515, "ori_download_link": "https://www.textflint.com/static/Tasks/NER/trans_dataset/ACE 2005/ori_SwapSyn-WordEmbedding.json", "trans_download_link": "https://www.textflint.com/static/Tasks/NER/trans_dataset/ACE 2005/trans_SwapSyn-WordEmbedding.json", "contributor": {"name": "Yiding Tan", "github": "https://github.com/Tannidy"}}, "InsertAdv": {"ori": 84.49, "trans": 82.84, "sample_num": 1443, "ori_download_link": "https://www.textflint.com/static/Tasks/NER/trans_dataset/ACE 2005/ori_InsertAdv.json", "trans_download_link": "https://www.textflint.com/static/Tasks/NER/trans_dataset/ACE 2005/trans_InsertAdv.json", "contributor": {"name": "Yiding Tan", "github": "https://github.com/Tannidy"}}, "AppendIrr": {"ori": 84.54, "trans": 71.4, "sample_num": 2030, "ori_download_link": "https://www.textflint.com/static/Tasks/NER/trans_dataset/ACE 2005/ori_AppendIrr.json", "trans_download_link": "https://www.textflint.com/static/Tasks/NER/trans_dataset/ACE 2005/trans_AppendIrr.json", "contributor": {"name": "Yiding Tan", "github": "https://github.com/Tannidy"}}, "Contraction": {"ori": 83.09, "trans": 78.21, "sample_num": 419, "ori_download_link": "https://www.textflint.com/static/Tasks/NER/trans_dataset/ACE 2005/ori_Contraction.json", "trans_download_link": "https://www.textflint.com/static/Tasks/NER/trans_dataset/ACE 2005/trans_Contraction.json", "contributor": {"name": "Yiding Tan", "github": "https://github.com/Tannidy"}}, "AddRmvPunc": {"ori": 84.54, "trans": 83.15, "sample_num": 2029, "ori_download_link": "https://www.textflint.com/static/Tasks/NER/trans_dataset/ACE 2005/ori_AddRmvPunc.json", "trans_download_link": "https://www.textflint.com/static/Tasks/NER/trans_dataset/ACE 2005/trans_AddRmvPunc.json", "contributor": {"name": "Yiding Tan", "github": "https://github.com/Tannidy"}}, "WordCase-lower": {"ori": 82.29, "trans": 73.23, "sample_num": 2050, "ori_download_link": "https://www.textflint.com/static/Tasks/NER/trans_dataset/ACE 2005/ori_WordCase-lower.json", "trans_download_link": "https://www.textflint.com/static/Tasks/NER/trans_dataset/ACE 2005/trans_WordCase-lower.json", "contributor": {"name": "Yiding Tan", "github": "https://github.com/Tannidy"}}}}, {"model": "BERT-base(cased)", "attack_results": {"WordCase-title": {"ori": 87.3, "trans": 47.42, "sample_num": 2030, "ori_download_link": "https://www.textflint.com/static/Tasks/NER/trans_dataset/ACE 2005/ori_WordCase-title.json", "trans_download_link": "https://www.textflint.com/static/Tasks/NER/trans_dataset/ACE 2005/trans_WordCase-title.json", "contributor": {"name": "Yiding Tan", "github": "https://github.com/Tannidy"}}, "WordCase-upper": {"ori": 87.41, "trans": 81.54, "sample_num": 2030, "ori_download_link": "https://www.textflint.com/static/Tasks/NER/trans_dataset/ACE 2005/ori_WordCase-upper.json", "trans_download_link": "https://www.textflint.com/static/Tasks/NER/trans_dataset/ACE 2005/trans_WordCase-upper.json", "contributor": {"name": "Yiding Tan", "github": "https://github.com/Tannidy"}}, "Keyboard": {"ori": 87.3, "trans": 18.48, "sample_num": 2029, "ori_download_link": "https://www.textflint.com/static/Tasks/NER/trans_dataset/ACE 2005/ori_Keyboard.json", "trans_download_link": "https://www.textflint.com/static/Tasks/NER/trans_dataset/ACE 2005/trans_Keyboard.json", "contributor": {"name": "Yiding Tan", "github": "https://github.com/Tannidy"}}, "MLMSuggestion": {"ori": 87.3, "trans": 72.19, "sample_num": 1878, "ori_download_link": "https://www.textflint.com/static/Tasks/NER/trans_dataset/ACE 2005/ori_MLMSuggestion.json", "trans_download_link": "https://www.textflint.com/static/Tasks/NER/trans_dataset/ACE 2005/trans_MLMSuggestion.json", "contributor": {"name": "Yiding Tan", "github": "https://github.com/Tannidy"}}, "SwapNum": {"ori": 88.46, "trans": 88.93, "sample_num": 175, "ori_download_link": "https://www.textflint.com/static/Tasks/NER/trans_dataset/ACE 2005/ori_SwapNum.json", "trans_download_link": "https://www.textflint.com/static/Tasks/NER/trans_dataset/ACE 2005/trans_SwapNum.json", "contributor": {"name": "Yiding Tan", "github": "https://github.com/Tannidy"}}, "Ocr": {"ori": 87.29, "trans": 74.75, "sample_num": 2024, "ori_download_link": "https://www.textflint.com/static/Tasks/NER/trans_dataset/ACE 2005/ori_Ocr.json", "trans_download_link": "https://www.textflint.com/static/Tasks/NER/trans_dataset/ACE 2005/trans_Ocr.json", "contributor": {"name": "Yiding Tan", "github": "https://github.com/Tannidy"}}, "RevNeg": {"ori": 87.35, "trans": 86.82, "sample_num": 1269, "ori_download_link": "https://www.textflint.com/static/Tasks/NER/trans_dataset/ACE 2005/ori_RevNeg.json", "trans_download_link": "https://www.textflint.com/static/Tasks/NER/trans_dataset/ACE 2005/trans_RevNeg.json", "contributor": {"name": "Yiding Tan", "github": "https://github.com/Tannidy"}}, "SpellingError": {"ori": 87.36, "trans": 70.39, "sample_num": 1605, "ori_download_link": "https://www.textflint.com/static/Tasks/NER/trans_dataset/ACE 2005/ori_SpellingError.json", "trans_download_link": "https://www.textflint.com/static/Tasks/NER/trans_dataset/ACE 2005/trans_SpellingError.json", "contributor": {"name": "Yiding Tan", "github": "https://github.com/Tannidy"}}, "Tense": {"ori": 87.73, "trans": 87.54, "sample_num": 1248, "ori_download_link": "https://www.textflint.com/static/Tasks/NER/trans_dataset/ACE 2005/ori_Tense.json", "trans_download_link": "https://www.textflint.com/static/Tasks/NER/trans_dataset/ACE 2005/trans_Tense.json", "contributor": {"name": "Yiding Tan", "github": "https://github.com/Tannidy"}}, "SwapSyn-WordNet": {"ori": 87.2, "trans": 86.03, "sample_num": 1749, "ori_download_link": "https://www.textflint.com/static/Tasks/NER/trans_dataset/ACE 2005/ori_SwapSyn-WordNet.json", "trans_download_link": "https://www.textflint.com/static/Tasks/NER/trans_dataset/ACE 2005/trans_SwapSyn-WordNet.json", "contributor": {"name": "Yiding Tan", "github": "https://github.com/Tannidy"}}, "SwapAnt-WordNet": {"ori": 87.18, "trans": 83.37, "sample_num": 781, "ori_download_link": "https://www.textflint.com/static/Tasks/NER/trans_dataset/ACE 2005/ori_SwapAnt-WordNet.json", "trans_download_link": "https://www.textflint.com/static/Tasks/NER/trans_dataset/ACE 2005/trans_SwapAnt-WordNet.json", "contributor": {"name": "Yiding Tan", "github": "https://github.com/Tannidy"}}, "TwitterType": {"ori": 87.3, "trans": 86.4, "sample_num": 2030, "ori_download_link": "https://www.textflint.com/static/Tasks/NER/trans_dataset/ACE 2005/ori_TwitterType.json", "trans_download_link": "https://www.textflint.com/static/Tasks/NER/trans_dataset/ACE 2005/trans_TwitterType.json", "contributor": {"name": "Yiding Tan", "github": "https://github.com/Tannidy"}}, "Typos-random": {"ori": 87.3, "trans": 65.26, "sample_num": 2016, "ori_download_link": "https://www.textflint.com/static/Tasks/NER/trans_dataset/ACE 2005/ori_Typos-random.json", "trans_download_link": "https://www.textflint.com/static/Tasks/NER/trans_dataset/ACE 2005/trans_Typos-random.json", "contributor": {"name": "Yiding Tan", "github": "https://github.com/Tannidy"}}, "SwapSyn-WordEmbedding": {"ori": 87.29, "trans": 83.73, "sample_num": 1515, "ori_download_link": "https://www.textflint.com/static/Tasks/NER/trans_dataset/ACE 2005/ori_SwapSyn-WordEmbedding.json", "trans_download_link": "https://www.textflint.com/static/Tasks/NER/trans_dataset/ACE 2005/trans_SwapSyn-WordEmbedding.json", "contributor": {"name": "Yiding Tan", "github": "https://github.com/Tannidy"}}, "InsertAdv": {"ori": 87.42, "trans": 85.51, "sample_num": 1443, "ori_download_link": "https://www.textflint.com/static/Tasks/NER/trans_dataset/ACE 2005/ori_InsertAdv.json", "trans_download_link": "https://www.textflint.com/static/Tasks/NER/trans_dataset/ACE 2005/trans_InsertAdv.json", "contributor": {"name": "Yiding Tan", "github": "https://github.com/Tannidy"}}, "AppendIrr": {"ori": 87.3, "trans": 75.4, "sample_num": 2030, "ori_download_link": "https://www.textflint.com/static/Tasks/NER/trans_dataset/ACE 2005/ori_AppendIrr.json", "trans_download_link": "https://www.textflint.com/static/Tasks/NER/trans_dataset/ACE 2005/trans_AppendIrr.json", "contributor": {"name": "Yiding Tan", "github": "https://github.com/Tannidy"}}, "Contraction": {"ori": 85.88, "trans": 79.13, "sample_num": 419, "ori_download_link": "https://www.textflint.com/static/Tasks/NER/trans_dataset/ACE 2005/ori_Contraction.json", "trans_download_link": "https://www.textflint.com/static/Tasks/NER/trans_dataset/ACE 2005/trans_Contraction.json", "contributor": {"name": "Yiding Tan", "github": "https://github.com/Tannidy"}}, "AddRmvPunc": {"ori": 87.3, "trans": 86.09, "sample_num": 2029, "ori_download_link": "https://www.textflint.com/static/Tasks/NER/trans_dataset/ACE 2005/ori_AddRmvPunc.json", "trans_download_link": "https://www.textflint.com/static/Tasks/NER/trans_dataset/ACE 2005/trans_AddRmvPunc.json", "contributor": {"name": "Yiding Tan", "github": "https://github.com/Tannidy"}}, "WordCase-lower": {"ori": 86.35, "trans": 18.37, "sample_num": 2050, "ori_download_link": "https://www.textflint.com/static/Tasks/NER/trans_dataset/ACE 2005/ori_WordCase-lower.json", "trans_download_link": "https://www.textflint.com/static/Tasks/NER/trans_dataset/ACE 2005/trans_WordCase-lower.json", "contributor": {"name": "Yiding Tan", "github": "https://github.com/Tannidy"}}}}, {"model": "BERT-base(uncased)", "attack_results": {"WordCase-title": {"ori": 88.75, "trans": 88.75, "sample_num": 2030, "ori_download_link": "https://www.textflint.com/static/Tasks/NER/trans_dataset/ACE 2005/ori_WordCase-title.json", "trans_download_link": "https://www.textflint.com/static/Tasks/NER/trans_dataset/ACE 2005/trans_WordCase-title.json", "contributor": {"name": "Yiding Tan", "github": "https://github.com/Tannidy"}}, "WordCase-upper": {"ori": 88.98, "trans": 82.73, "sample_num": 2030, "ori_download_link": "https://www.textflint.com/static/Tasks/NER/trans_dataset/ACE 2005/ori_WordCase-upper.json", "trans_download_link": "https://www.textflint.com/static/Tasks/NER/trans_dataset/ACE 2005/trans_WordCase-upper.json", "contributor": {"name": "Yiding Tan", "github": "https://github.com/Tannidy"}}, "Keyboard": {"ori": 88.75, "trans": 88.75, "sample_num": 2029, "ori_download_link": "https://www.textflint.com/static/Tasks/NER/trans_dataset/ACE 2005/ori_Keyboard.json", "trans_download_link": "https://www.textflint.com/static/Tasks/NER/trans_dataset/ACE 2005/trans_Keyboard.json", "contributor": {"name": "Yiding Tan", "github": "https://github.com/Tannidy"}}, "MLMSuggestion": {"ori": 88.75, "trans": 74.87, "sample_num": 1878, "ori_download_link": "https://www.textflint.com/static/Tasks/NER/trans_dataset/ACE 2005/ori_MLMSuggestion.json", "trans_download_link": "https://www.textflint.com/static/Tasks/NER/trans_dataset/ACE 2005/trans_MLMSuggestion.json", "contributor": {"name": "Yiding Tan", "github": "https://github.com/Tannidy"}}, "SwapNum": {"ori": 89.2, "trans": 89.36, "sample_num": 175, "ori_download_link": "https://www.textflint.com/static/Tasks/NER/trans_dataset/ACE 2005/ori_SwapNum.json", "trans_download_link": "https://www.textflint.com/static/Tasks/NER/trans_dataset/ACE 2005/trans_SwapNum.json", "contributor": {"name": "Yiding Tan", "github": "https://github.com/Tannidy"}}, "Ocr": {"ori": 88.75, "trans": 76.51, "sample_num": 2024, "ori_download_link": "https://www.textflint.com/static/Tasks/NER/trans_dataset/ACE 2005/ori_Ocr.json", "trans_download_link": "https://www.textflint.com/static/Tasks/NER/trans_dataset/ACE 2005/trans_Ocr.json", "contributor": {"name": "Yiding Tan", "github": "https://github.com/Tannidy"}}, "RevNeg": {"ori": 89.06, "trans": 87.71, "sample_num": 1269, "ori_download_link": "https://www.textflint.com/static/Tasks/NER/trans_dataset/ACE 2005/ori_RevNeg.json", "trans_download_link": "https://www.textflint.com/static/Tasks/NER/trans_dataset/ACE 2005/trans_RevNeg.json", "contributor": {"name": "Yiding Tan", "github": "https://github.com/Tannidy"}}, "SpellingError": {"ori": 88.88, "trans": 73.31, "sample_num": 1605, "ori_download_link": "https://www.textflint.com/static/Tasks/NER/trans_dataset/ACE 2005/ori_SpellingError.json", "trans_download_link": "https://www.textflint.com/static/Tasks/NER/trans_dataset/ACE 2005/trans_SpellingError.json", "contributor": {"name": "Yiding Tan", "github": "https://github.com/Tannidy"}}, "Tense": {"ori": 89.11, "trans": 88.87, "sample_num": 1248, "ori_download_link": "https://www.textflint.com/static/Tasks/NER/trans_dataset/ACE 2005/ori_Tense.json", "trans_download_link": "https://www.textflint.com/static/Tasks/NER/trans_dataset/ACE 2005/trans_Tense.json", "contributor": {"name": "Yiding Tan", "github": "https://github.com/Tannidy"}}, "SwapSyn-WordNet": {"ori": 88.59, "trans": 87.01, "sample_num": 1749, "ori_download_link": "https://www.textflint.com/static/Tasks/NER/trans_dataset/ACE 2005/ori_SwapSyn-WordNet.json", "trans_download_link": "https://www.textflint.com/static/Tasks/NER/trans_dataset/ACE 2005/trans_SwapSyn-WordNet.json", "contributor": {"name": "Yiding Tan", "github": "https://github.com/Tannidy"}}, "SwapAnt-WordNet": {"ori": 88.69, "trans": 85.39, "sample_num": 781, "ori_download_link": "https://www.textflint.com/static/Tasks/NER/trans_dataset/ACE 2005/ori_SwapAnt-WordNet.json", "trans_download_link": "https://www.textflint.com/static/Tasks/NER/trans_dataset/ACE 2005/trans_SwapAnt-WordNet.json", "contributor": {"name": "Yiding Tan", "github": "https://github.com/Tannidy"}}, "TwitterType": {"ori": 88.75, "trans": 88.3, "sample_num": 2030, "ori_download_link": "https://www.textflint.com/static/Tasks/NER/trans_dataset/ACE 2005/ori_TwitterType.json", "trans_download_link": "https://www.textflint.com/static/Tasks/NER/trans_dataset/ACE 2005/trans_TwitterType.json", "contributor": {"name": "Yiding Tan", "github": "https://github.com/Tannidy"}}, "Typos-random": {"ori": 88.74, "trans": 69.82, "sample_num": 2016, "ori_download_link": "https://www.textflint.com/static/Tasks/NER/trans_dataset/ACE 2005/ori_Typos-random.json", "trans_download_link": "https://www.textflint.com/static/Tasks/NER/trans_dataset/ACE 2005/trans_Typos-random.json", "contributor": {"name": "Yiding Tan", "github": "https://github.com/Tannidy"}}, "SwapSyn-WordEmbedding": {"ori": 88.9, "trans": 84.69, "sample_num": 1515, "ori_download_link": "https://www.textflint.com/static/Tasks/NER/trans_dataset/ACE 2005/ori_SwapSyn-WordEmbedding.json", "trans_download_link": "https://www.textflint.com/static/Tasks/NER/trans_dataset/ACE 2005/trans_SwapSyn-WordEmbedding.json", "contributor": {"name": "Yiding Tan", "github": "https://github.com/Tannidy"}}, "InsertAdv": {"ori": 88.97, "trans": 86.21, "sample_num": 1443, "ori_download_link": "https://www.textflint.com/static/Tasks/NER/trans_dataset/ACE 2005/ori_InsertAdv.json", "trans_download_link": "https://www.textflint.com/static/Tasks/NER/trans_dataset/ACE 2005/trans_InsertAdv.json", "contributor": {"name": "Yiding Tan", "github": "https://github.com/Tannidy"}}, "AppendIrr": {"ori": 88.75, "trans": 77.28, "sample_num": 2030, "ori_download_link": "https://www.textflint.com/static/Tasks/NER/trans_dataset/ACE 2005/ori_AppendIrr.json", "trans_download_link": "https://www.textflint.com/static/Tasks/NER/trans_dataset/ACE 2005/trans_AppendIrr.json", "contributor": {"name": "Yiding Tan", "github": "https://github.com/Tannidy"}}, "Contraction": {"ori": 87.05, "trans": 80.37, "sample_num": 419, "ori_download_link": "https://www.textflint.com/static/Tasks/NER/trans_dataset/ACE 2005/ori_Contraction.json", "trans_download_link": "https://www.textflint.com/static/Tasks/NER/trans_dataset/ACE 2005/trans_Contraction.json", "contributor": {"name": "Yiding Tan", "github": "https://github.com/Tannidy"}}, "AddRmvPunc": {"ori": 88.75, "trans": 87.66, "sample_num": 2029, "ori_download_link": "https://www.textflint.com/static/Tasks/NER/trans_dataset/ACE 2005/ori_AddRmvPunc.json", "trans_download_link": "https://www.textflint.com/static/Tasks/NER/trans_dataset/ACE 2005/trans_AddRmvPunc.json", "contributor": {"name": "Yiding Tan", "github": "https://github.com/Tannidy"}}, "WordCase-lower": {"ori": 87.44, "trans": 88.75, "sample_num": 2050, "ori_download_link": "https://www.textflint.com/static/Tasks/NER/trans_dataset/ACE 2005/ori_WordCase-lower.json", "trans_download_link": "https://www.textflint.com/static/Tasks/NER/trans_dataset/ACE 2005/trans_WordCase-lower.json", "contributor": {"name": "Yiding Tan", "github": "https://github.com/Tannidy"}}}}, {"model": "TENER", "attack_results": {"WordCase-title": {"ori": 84.2, "trans": 69.76, "sample_num": 2030, "ori_download_link": "https://www.textflint.com/static/Tasks/NER/trans_dataset/ACE 2005/ori_WordCase-title.json", "trans_download_link": "https://www.textflint.com/static/Tasks/NER/trans_dataset/ACE 2005/trans_WordCase-title.json", "contributor": {"name": "Yiding Tan", "github": "https://github.com/Tannidy"}}, "WordCase-upper": {"ori": 84.35, "trans": 78.96, "sample_num": 2030, "ori_download_link": "https://www.textflint.com/static/Tasks/NER/trans_dataset/ACE 2005/ori_WordCase-upper.json", "trans_download_link": "https://www.textflint.com/static/Tasks/NER/trans_dataset/ACE 2005/trans_WordCase-upper.json", "contributor": {"name": "Yiding Tan", "github": "https://github.com/Tannidy"}}, "Keyboard": {"ori": 84.2, "trans": 40.73, "sample_num": 2029, "ori_download_link": "https://www.textflint.com/static/Tasks/NER/trans_dataset/ACE 2005/ori_Keyboard.json", "trans_download_link": "https://www.textflint.com/static/Tasks/NER/trans_dataset/ACE 2005/trans_Keyboard.json", "contributor": {"name": "Yiding Tan", "github": "https://github.com/Tannidy"}}, "MLMSuggestion": {"ori": 84.2, "trans": 71.46, "sample_num": 1878, "ori_download_link": "https://www.textflint.com/static/Tasks/NER/trans_dataset/ACE 2005/ori_MLMSuggestion.json", "trans_download_link": "https://www.textflint.com/static/Tasks/NER/trans_dataset/ACE 2005/trans_MLMSuggestion.json", "contributor": {"name": "Yiding Tan", "github": "https://github.com/Tannidy"}}, "SwapNum": {"ori": 83.08, "trans": 82.43, "sample_num": 175, "ori_download_link": "https://www.textflint.com/static/Tasks/NER/trans_dataset/ACE 2005/ori_SwapNum.json", "trans_download_link": "https://www.textflint.com/static/Tasks/NER/trans_dataset/ACE 2005/trans_SwapNum.json", "contributor": {"name": "Yiding Tan", "github": "https://github.com/Tannidy"}}, "Ocr": {"ori": 84.2, "trans": 71.73, "sample_num": 2024, "ori_download_link": "https://www.textflint.com/static/Tasks/NER/trans_dataset/ACE 2005/ori_Ocr.json", "trans_download_link": "https://www.textflint.com/static/Tasks/NER/trans_dataset/ACE 2005/trans_Ocr.json", "contributor": {"name": "Yiding Tan", "github": "https://github.com/Tannidy"}}, "RevNeg": {"ori": 84.18, "trans": 83.87, "sample_num": 1269, "ori_download_link": "https://www.textflint.com/static/Tasks/NER/trans_dataset/ACE 2005/ori_RevNeg.json", "trans_download_link": "https://www.textflint.com/static/Tasks/NER/trans_dataset/ACE 2005/trans_RevNeg.json", "contributor": {"name": "Yiding Tan", "github": "https://github.com/Tannidy"}}, "SpellingError": {"ori": 84.17, "trans": 70.56, "sample_num": 1605, "ori_download_link": "https://www.textflint.com/static/Tasks/NER/trans_dataset/ACE 2005/ori_SpellingError.json", "trans_download_link": "https://www.textflint.com/static/Tasks/NER/trans_dataset/ACE 2005/trans_SpellingError.json", "contributor": {"name": "Yiding Tan", "github": "https://github.com/Tannidy"}}, "Tense": {"ori": 84.52, "trans": 84.61, "sample_num": 1248, "ori_download_link": "https://www.textflint.com/static/Tasks/NER/trans_dataset/ACE 2005/ori_Tense.json", "trans_download_link": "https://www.textflint.com/static/Tasks/NER/trans_dataset/ACE 2005/trans_Tense.json", "contributor": {"name": "Yiding Tan", "github": "https://github.com/Tannidy"}}, "SwapSyn-WordNet": {"ori": 83.8, "trans": 82.91, "sample_num": 1749, "ori_download_link": "https://www.textflint.com/static/Tasks/NER/trans_dataset/ACE 2005/ori_SwapSyn-WordNet.json", "trans_download_link": "https://www.textflint.com/static/Tasks/NER/trans_dataset/ACE 2005/trans_SwapSyn-WordNet.json", "contributor": {"name": "Yiding Tan", "github": "https://github.com/Tannidy"}}, "SwapAnt-WordNet": {"ori": 84.1, "trans": 79.66, "sample_num": 781, "ori_download_link": "https://www.textflint.com/static/Tasks/NER/trans_dataset/ACE 2005/ori_SwapAnt-WordNet.json", "trans_download_link": "https://www.textflint.com/static/Tasks/NER/trans_dataset/ACE 2005/trans_SwapAnt-WordNet.json", "contributor": {"name": "Yiding Tan", "github": "https://github.com/Tannidy"}}, "TwitterType": {"ori": 84.2, "trans": 81.66, "sample_num": 2030, "ori_download_link": "https://www.textflint.com/static/Tasks/NER/trans_dataset/ACE 2005/ori_TwitterType.json", "trans_download_link": "https://www.textflint.com/static/Tasks/NER/trans_dataset/ACE 2005/trans_TwitterType.json", "contributor": {"name": "Yiding Tan", "github": "https://github.com/Tannidy"}}, "Typos-random": {"ori": 84.18, "trans": 66.12, "sample_num": 2016, "ori_download_link": "https://www.textflint.com/static/Tasks/NER/trans_dataset/ACE 2005/ori_Typos-random.json", "trans_download_link": "https://www.textflint.com/static/Tasks/NER/trans_dataset/ACE 2005/trans_Typos-random.json", "contributor": {"name": "Yiding Tan", "github": "https://github.com/Tannidy"}}, "SwapSyn-WordEmbedding": {"ori": 84.07, "trans": 80.33, "sample_num": 1515, "ori_download_link": "https://www.textflint.com/static/Tasks/NER/trans_dataset/ACE 2005/ori_SwapSyn-WordEmbedding.json", "trans_download_link": "https://www.textflint.com/static/Tasks/NER/trans_dataset/ACE 2005/trans_SwapSyn-WordEmbedding.json", "contributor": {"name": "Yiding Tan", "github": "https://github.com/Tannidy"}}, "InsertAdv": {"ori": 84.09, "trans": 82.4, "sample_num": 1443, "ori_download_link": "https://www.textflint.com/static/Tasks/NER/trans_dataset/ACE 2005/ori_InsertAdv.json", "trans_download_link": "https://www.textflint.com/static/Tasks/NER/trans_dataset/ACE 2005/trans_InsertAdv.json", "contributor": {"name": "Yiding Tan", "github": "https://github.com/Tannidy"}}, "AppendIrr": {"ori": 84.2, "trans": 71.21, "sample_num": 2030, "ori_download_link": "https://www.textflint.com/static/Tasks/NER/trans_dataset/ACE 2005/ori_AppendIrr.json", "trans_download_link": "https://www.textflint.com/static/Tasks/NER/trans_dataset/ACE 2005/trans_AppendIrr.json", "contributor": {"name": "Yiding Tan", "github": "https://github.com/Tannidy"}}, "Contraction": {"ori": 81.85, "trans": 78.23, "sample_num": 419, "ori_download_link": "https://www.textflint.com/static/Tasks/NER/trans_dataset/ACE 2005/ori_Contraction.json", "trans_download_link": "https://www.textflint.com/static/Tasks/NER/trans_dataset/ACE 2005/trans_Contraction.json", "contributor": {"name": "Yiding Tan", "github": "https://github.com/Tannidy"}}, "AddRmvPunc": {"ori": 84.2, "trans": 83.01, "sample_num": 2029, "ori_download_link": "https://www.textflint.com/static/Tasks/NER/trans_dataset/ACE 2005/ori_AddRmvPunc.json", "trans_download_link": "https://www.textflint.com/static/Tasks/NER/trans_dataset/ACE 2005/trans_AddRmvPunc.json", "contributor": {"name": "Yiding Tan", "github": "https://github.com/Tannidy"}}, "WordCase-lower": {"ori": 84.18, "trans": 34.93, "sample_num": 2050, "ori_download_link": "https://www.textflint.com/static/Tasks/NER/trans_dataset/ACE 2005/ori_WordCase-lower.json", "trans_download_link": "https://www.textflint.com/static/Tasks/NER/trans_dataset/ACE 2005/trans_WordCase-lower.json", "contributor": {"name": "Yiding Tan", "github": "https://github.com/Tannidy"}}}}, {"model": "GRN", "attack_results": {"WordCase-title": {"ori": 83.68, "trans": 19.61, "sample_num": 2030, "ori_download_link": "https://www.textflint.com/static/Tasks/NER/trans_dataset/ACE 2005/ori_WordCase-title.json", "trans_download_link": "https://www.textflint.com/static/Tasks/NER/trans_dataset/ACE 2005/trans_WordCase-title.json", "contributor": {"name": "Yiding Tan", "github": "https://github.com/Tannidy"}}, "WordCase-upper": {"ori": 83.68, "trans": 20.87, "sample_num": 2030, "ori_download_link": "https://www.textflint.com/static/Tasks/NER/trans_dataset/ACE 2005/ori_WordCase-upper.json", "trans_download_link": "https://www.textflint.com/static/Tasks/NER/trans_dataset/ACE 2005/trans_WordCase-upper.json", "contributor": {"name": "Yiding Tan", "github": "https://github.com/Tannidy"}}, "Keyboard": {"ori": 83.68, "trans": 68.98, "sample_num": 2029, "ori_download_link": "https://www.textflint.com/static/Tasks/NER/trans_dataset/ACE 2005/ori_Keyboard.json", "trans_download_link": "https://www.textflint.com/static/Tasks/NER/trans_dataset/ACE 2005/trans_Keyboard.json", "contributor": {"name": "Yiding Tan", "github": "https://github.com/Tannidy"}}, "MLMSuggestion": {"ori": 83.88, "trans": 78.41, "sample_num": 1878, "ori_download_link": "https://www.textflint.com/static/Tasks/NER/trans_dataset/ACE 2005/ori_MLMSuggestion.json", "trans_download_link": "https://www.textflint.com/static/Tasks/NER/trans_dataset/ACE 2005/trans_MLMSuggestion.json", "contributor": {"name": "Yiding Tan", "github": "https://github.com/Tannidy"}}, "SwapNum": {"ori": 82.53, "trans": 82.4, "sample_num": 175, "ori_download_link": "https://www.textflint.com/static/Tasks/NER/trans_dataset/ACE 2005/ori_SwapNum.json", "trans_download_link": "https://www.textflint.com/static/Tasks/NER/trans_dataset/ACE 2005/trans_SwapNum.json", "contributor": {"name": "Yiding Tan", "github": "https://github.com/Tannidy"}}, "Ocr": {"ori": 83.69, "trans": 72.52, "sample_num": 2024, "ori_download_link": "https://www.textflint.com/static/Tasks/NER/trans_dataset/ACE 2005/ori_Ocr.json", "trans_download_link": "https://www.textflint.com/static/Tasks/NER/trans_dataset/ACE 2005/trans_Ocr.json", "contributor": {"name": "Yiding Tan", "github": "https://github.com/Tannidy"}}, "RevNeg": {"ori": 83.48, "trans": 83.62, "sample_num": 1269, "ori_download_link": "https://www.textflint.com/static/Tasks/NER/trans_dataset/ACE 2005/ori_RevNeg.json", "trans_download_link": "https://www.textflint.com/static/Tasks/NER/trans_dataset/ACE 2005/trans_RevNeg.json", "contributor": {"name": "Yiding Tan", "github": "https://github.com/Tannidy"}}, "SpellingError": {"ori": 83.64, "trans": 70.67, "sample_num": 1605, "ori_download_link": "https://www.textflint.com/static/Tasks/NER/trans_dataset/ACE 2005/ori_SpellingError.json", "trans_download_link": "https://www.textflint.com/static/Tasks/NER/trans_dataset/ACE 2005/trans_SpellingError.json", "contributor": {"name": "Yiding Tan", "github": "https://github.com/Tannidy"}}, "Tense": {"ori": 84.15, "trans": 84.07, "sample_num": 1248, "ori_download_link": "https://www.textflint.com/static/Tasks/NER/trans_dataset/ACE 2005/ori_Tense.json", "trans_download_link": "https://www.textflint.com/static/Tasks/NER/trans_dataset/ACE 2005/trans_Tense.json", "contributor": {"name": "Yiding Tan", "github": "https://github.com/Tannidy"}}, "SwapSyn-WordNet": {"ori": 83.13, "trans": 82.19, "sample_num": 1749, "ori_download_link": "https://www.textflint.com/static/Tasks/NER/trans_dataset/ACE 2005/ori_SwapSyn-WordNet.json", "trans_download_link": "https://www.textflint.com/static/Tasks/NER/trans_dataset/ACE 2005/trans_SwapSyn-WordNet.json", "contributor": {"name": "Yiding Tan", "github": "https://github.com/Tannidy"}}, "SwapAnt-WordNet": {"ori": 83.54, "trans": 80.02, "sample_num": 781, "ori_download_link": "https://www.textflint.com/static/Tasks/NER/trans_dataset/ACE 2005/ori_SwapAnt-WordNet.json", "trans_download_link": "https://www.textflint.com/static/Tasks/NER/trans_dataset/ACE 2005/trans_SwapAnt-WordNet.json", "contributor": {"name": "Yiding Tan", "github": "https://github.com/Tannidy"}}, "TwitterType": {"ori": 83.68, "trans": 78.8, "sample_num": 2030, "ori_download_link": "https://www.textflint.com/static/Tasks/NER/trans_dataset/ACE 2005/ori_TwitterType.json", "trans_download_link": "https://www.textflint.com/static/Tasks/NER/trans_dataset/ACE 2005/trans_TwitterType.json", "contributor": {"name": "Yiding Tan", "github": "https://github.com/Tannidy"}}, "Typos-random": {"ori": 83.66, "trans": 67.94, "sample_num": 2016, "ori_download_link": "https://www.textflint.com/static/Tasks/NER/trans_dataset/ACE 2005/ori_Typos-random.json", "trans_download_link": "https://www.textflint.com/static/Tasks/NER/trans_dataset/ACE 2005/trans_Typos-random.json", "contributor": {"name": "Yiding Tan", "github": "https://github.com/Tannidy"}}, "SwapSyn-WordEmbedding": {"ori": 83.55, "trans": 80.41, "sample_num": 1515, "ori_download_link": "https://www.textflint.com/static/Tasks/NER/trans_dataset/ACE 2005/ori_SwapSyn-WordEmbedding.json", "trans_download_link": "https://www.textflint.com/static/Tasks/NER/trans_dataset/ACE 2005/trans_SwapSyn-WordEmbedding.json", "contributor": {"name": "Yiding Tan", "github": "https://github.com/Tannidy"}}, "InsertAdv": {"ori": 83.61, "trans": 81.58, "sample_num": 1443, "ori_download_link": "https://www.textflint.com/static/Tasks/NER/trans_dataset/ACE 2005/ori_InsertAdv.json", "trans_download_link": "https://www.textflint.com/static/Tasks/NER/trans_dataset/ACE 2005/trans_InsertAdv.json", "contributor": {"name": "Yiding Tan", "github": "https://github.com/Tannidy"}}, "AppendIrr": {"ori": 83.68, "trans": 70.42, "sample_num": 2030, "ori_download_link": "https://www.textflint.com/static/Tasks/NER/trans_dataset/ACE 2005/ori_AppendIrr.json", "trans_download_link": "https://www.textflint.com/static/Tasks/NER/trans_dataset/ACE 2005/trans_AppendIrr.json", "contributor": {"name": "Yiding Tan", "github": "https://github.com/Tannidy"}}, "Contraction": {"ori": 82.64, "trans": 78.6, "sample_num": 419, "ori_download_link": "https://www.textflint.com/static/Tasks/NER/trans_dataset/ACE 2005/ori_Contraction.json", "trans_download_link": "https://www.textflint.com/static/Tasks/NER/trans_dataset/ACE 2005/trans_Contraction.json", "contributor": {"name": "Yiding Tan", "github": "https://github.com/Tannidy"}}, "AddRmvPunc": {"ori": 83.68, "trans": 83.02, "sample_num": 2029, "ori_download_link": "https://www.textflint.com/static/Tasks/NER/trans_dataset/ACE 2005/ori_AddRmvPunc.json", "trans_download_link": "https://www.textflint.com/static/Tasks/NER/trans_dataset/ACE 2005/trans_AddRmvPunc.json", "contributor": {"name": "Yiding Tan", "github": "https://github.com/Tannidy"}}, "WordCase-lower": {"ori": 83.5, "trans": 82.1, "sample_num": 2050, "ori_download_link": "https://www.textflint.com/static/Tasks/NER/trans_dataset/ACE 2005/ori_WordCase-lower.json", "trans_download_link": "https://www.textflint.com/static/Tasks/NER/trans_dataset/ACE 2005/trans_WordCase-lower.json", "contributor": {"name": "Yiding Tan", "github": "https://github.com/Tannidy"}}}}, {"model": "flair embeddings", "attack_results": {"WordCase-title": {"ori": 85.51, "trans": 22.28, "sample_num": 2030, "ori_download_link": "https://www.textflint.com/static/Tasks/NER/trans_dataset/ACE 2005/ori_WordCase-title.json", "trans_download_link": "https://www.textflint.com/static/Tasks/NER/trans_dataset/ACE 2005/trans_WordCase-title.json", "contributor": {"name": "Yiding Tan", "github": "https://github.com/Tannidy"}}, "WordCase-upper": {"ori": 85.51, "trans": 76.65, "sample_num": 2030, "ori_download_link": "https://www.textflint.com/static/Tasks/NER/trans_dataset/ACE 2005/ori_WordCase-upper.json", "trans_download_link": "https://www.textflint.com/static/Tasks/NER/trans_dataset/ACE 2005/trans_WordCase-upper.json", "contributor": {"name": "Yiding Tan", "github": "https://github.com/Tannidy"}}, "Keyboard": {"ori": 85.51, "trans": 75.72, "sample_num": 2029, "ori_download_link": "https://www.textflint.com/static/Tasks/NER/trans_dataset/ACE 2005/ori_Keyboard.json", "trans_download_link": "https://www.textflint.com/static/Tasks/NER/trans_dataset/ACE 2005/trans_Keyboard.json", "contributor": {"name": "Yiding Tan", "github": "https://github.com/Tannidy"}}, "MLMSuggestion": {"ori": 85.65, "trans": 80.47, "sample_num": 1878, "ori_download_link": "https://www.textflint.com/static/Tasks/NER/trans_dataset/ACE 2005/ori_MLMSuggestion.json", "trans_download_link": "https://www.textflint.com/static/Tasks/NER/trans_dataset/ACE 2005/trans_MLMSuggestion.json", "contributor": {"name": "Yiding Tan", "github": "https://github.com/Tannidy"}}, "SwapNum": {"ori": 86.47, "trans": 86.28, "sample_num": 175, "ori_download_link": "https://www.textflint.com/static/Tasks/NER/trans_dataset/ACE 2005/ori_SwapNum.json", "trans_download_link": "https://www.textflint.com/static/Tasks/NER/trans_dataset/ACE 2005/trans_SwapNum.json", "contributor": {"name": "Yiding Tan", "github": "https://github.com/Tannidy"}}, "Ocr": {"ori": 85.51, "trans": 77.09, "sample_num": 2024, "ori_download_link": "https://www.textflint.com/static/Tasks/NER/trans_dataset/ACE 2005/ori_Ocr.json", "trans_download_link": "https://www.textflint.com/static/Tasks/NER/trans_dataset/ACE 2005/trans_Ocr.json", "contributor": {"name": "Yiding Tan", "github": "https://github.com/Tannidy"}}, "RevNeg": {"ori": 85.57, "trans": 85.14, "sample_num": 1269, "ori_download_link": "https://www.textflint.com/static/Tasks/NER/trans_dataset/ACE 2005/ori_RevNeg.json", "trans_download_link": "https://www.textflint.com/static/Tasks/NER/trans_dataset/ACE 2005/trans_RevNeg.json", "contributor": {"name": "Yiding Tan", "github": "https://github.com/Tannidy"}}, "SpellingError": {"ori": 85.55, "trans": 74.3, "sample_num": 1605, "ori_download_link": "https://www.textflint.com/static/Tasks/NER/trans_dataset/ACE 2005/ori_SpellingError.json", "trans_download_link": "https://www.textflint.com/static/Tasks/NER/trans_dataset/ACE 2005/trans_SpellingError.json", "contributor": {"name": "Yiding Tan", "github": "https://github.com/Tannidy"}}, "Tense": {"ori": 86.08, "trans": 85.95, "sample_num": 1248, "ori_download_link": "https://www.textflint.com/static/Tasks/NER/trans_dataset/ACE 2005/ori_Tense.json", "trans_download_link": "https://www.textflint.com/static/Tasks/NER/trans_dataset/ACE 2005/trans_Tense.json", "contributor": {"name": "Yiding Tan", "github": "https://github.com/Tannidy"}}, "SwapSyn-WordNet": {"ori": 84.92, "trans": 83.97, "sample_num": 1749, "ori_download_link": "https://www.textflint.com/static/Tasks/NER/trans_dataset/ACE 2005/ori_SwapSyn-WordNet.json", "trans_download_link": "https://www.textflint.com/static/Tasks/NER/trans_dataset/ACE 2005/trans_SwapSyn-WordNet.json", "contributor": {"name": "Yiding Tan", "github": "https://github.com/Tannidy"}}, "SwapAnt-WordNet": {"ori": 85.39, "trans": 82.49, "sample_num": 781, "ori_download_link": "https://www.textflint.com/static/Tasks/NER/trans_dataset/ACE 2005/ori_SwapAnt-WordNet.json", "trans_download_link": "https://www.textflint.com/static/Tasks/NER/trans_dataset/ACE 2005/trans_SwapAnt-WordNet.json", "contributor": {"name": "Yiding Tan", "github": "https://github.com/Tannidy"}}, "TwitterType": {"ori": 85.51, "trans": 83.42, "sample_num": 2030, "ori_download_link": "https://www.textflint.com/static/Tasks/NER/trans_dataset/ACE 2005/ori_TwitterType.json", "trans_download_link": "https://www.textflint.com/static/Tasks/NER/trans_dataset/ACE 2005/trans_TwitterType.json", "contributor": {"name": "Yiding Tan", "github": "https://github.com/Tannidy"}}, "Typos-random": {"ori": 85.49, "trans": 71.9, "sample_num": 2016, "ori_download_link": "https://www.textflint.com/static/Tasks/NER/trans_dataset/ACE 2005/ori_Typos-random.json", "trans_download_link": "https://www.textflint.com/static/Tasks/NER/trans_dataset/ACE 2005/trans_Typos-random.json", "contributor": {"name": "Yiding Tan", "github": "https://github.com/Tannidy"}}, "SwapSyn-WordEmbedding": {"ori": 85.47, "trans": 82.25, "sample_num": 1515, "ori_download_link": "https://www.textflint.com/static/Tasks/NER/trans_dataset/ACE 2005/ori_SwapSyn-WordEmbedding.json", "trans_download_link": "https://www.textflint.com/static/Tasks/NER/trans_dataset/ACE 2005/trans_SwapSyn-WordEmbedding.json", "contributor": {"name": "Yiding Tan", "github": "https://github.com/Tannidy"}}, "InsertAdv": {"ori": 85.52, "trans": 84.28, "sample_num": 1443, "ori_download_link": "https://www.textflint.com/static/Tasks/NER/trans_dataset/ACE 2005/ori_InsertAdv.json", "trans_download_link": "https://www.textflint.com/static/Tasks/NER/trans_dataset/ACE 2005/trans_InsertAdv.json", "contributor": {"name": "Yiding Tan", "github": "https://github.com/Tannidy"}}, "AppendIrr": {"ori": 85.51, "trans": 73.64, "sample_num": 2030, "ori_download_link": "https://www.textflint.com/static/Tasks/NER/trans_dataset/ACE 2005/ori_AppendIrr.json", "trans_download_link": "https://www.textflint.com/static/Tasks/NER/trans_dataset/ACE 2005/trans_AppendIrr.json", "contributor": {"name": "Yiding Tan", "github": "https://github.com/Tannidy"}}, "Contraction": {"ori": 84.55, "trans": 79.94, "sample_num": 419, "ori_download_link": "https://www.textflint.com/static/Tasks/NER/trans_dataset/ACE 2005/ori_Contraction.json", "trans_download_link": "https://www.textflint.com/static/Tasks/NER/trans_dataset/ACE 2005/trans_Contraction.json", "contributor": {"name": "Yiding Tan", "github": "https://github.com/Tannidy"}}, "AddRmvPunc": {"ori": 85.51, "trans": 84.49, "sample_num": 2029, "ori_download_link": "https://www.textflint.com/static/Tasks/NER/trans_dataset/ACE 2005/ori_AddRmvPunc.json", "trans_download_link": "https://www.textflint.com/static/Tasks/NER/trans_dataset/ACE 2005/trans_AddRmvPunc.json", "contributor": {"name": "Yiding Tan", "github": "https://github.com/Tannidy"}}, "WordCase-lower": {"ori": 86.17, "trans": 83.74, "sample_num": 2050, "ori_download_link": "https://www.textflint.com/static/Tasks/NER/trans_dataset/ACE 2005/ori_WordCase-lower.json", "trans_download_link": "https://www.textflint.com/static/Tasks/NER/trans_dataset/ACE 2005/trans_WordCase-lower.json", "contributor": {"name": "Yiding Tan", "github": "https://github.com/Tannidy"}}}}, {"model": "BiLSTM-CRF+ELMo", "attack_results": {"WordCase-title": {"ori": 86.67, "trans": 27.76, "sample_num": 2030, "ori_download_link": "https://www.textflint.com/static/Tasks/NER/trans_dataset/ACE 2005/ori_WordCase-title.json", "trans_download_link": "https://www.textflint.com/static/Tasks/NER/trans_dataset/ACE 2005/trans_WordCase-title.json", "contributor": {"name": "Yiding Tan", "github": "https://github.com/Tannidy"}}, "WordCase-upper": {"ori": 86.67, "trans": 28.29, "sample_num": 2030, "ori_download_link": "https://www.textflint.com/static/Tasks/NER/trans_dataset/ACE 2005/ori_WordCase-upper.json", "trans_download_link": "https://www.textflint.com/static/Tasks/NER/trans_dataset/ACE 2005/trans_WordCase-upper.json", "contributor": {"name": "Yiding Tan", "github": "https://github.com/Tannidy"}}, "Keyboard": {"ori": 86.67, "trans": 76.51, "sample_num": 2029, "ori_download_link": "https://www.textflint.com/static/Tasks/NER/trans_dataset/ACE 2005/ori_Keyboard.json", "trans_download_link": "https://www.textflint.com/static/Tasks/NER/trans_dataset/ACE 2005/trans_Keyboard.json", "contributor": {"name": "Yiding Tan", "github": "https://github.com/Tannidy"}}, "MLMSuggestion": {"ori": 86.8, "trans": 81.56, "sample_num": 1878, "ori_download_link": "https://www.textflint.com/static/Tasks/NER/trans_dataset/ACE 2005/ori_MLMSuggestion.json", "trans_download_link": "https://www.textflint.com/static/Tasks/NER/trans_dataset/ACE 2005/trans_MLMSuggestion.json", "contributor": {"name": "Yiding Tan", "github": "https://github.com/Tannidy"}}, "SwapNum": {"ori": 86.79, "trans": 87.04, "sample_num": 175, "ori_download_link": "https://www.textflint.com/static/Tasks/NER/trans_dataset/ACE 2005/ori_SwapNum.json", "trans_download_link": "https://www.textflint.com/static/Tasks/NER/trans_dataset/ACE 2005/trans_SwapNum.json", "contributor": {"name": "Yiding Tan", "github": "https://github.com/Tannidy"}}, "Ocr": {"ori": 86.68, "trans": 79.35, "sample_num": 2024, "ori_download_link": "https://www.textflint.com/static/Tasks/NER/trans_dataset/ACE 2005/ori_Ocr.json", "trans_download_link": "https://www.textflint.com/static/Tasks/NER/trans_dataset/ACE 2005/trans_Ocr.json", "contributor": {"name": "Yiding Tan", "github": "https://github.com/Tannidy"}}, "RevNeg": {"ori": 86.81, "trans": 86.26, "sample_num": 1269, "ori_download_link": "https://www.textflint.com/static/Tasks/NER/trans_dataset/ACE 2005/ori_RevNeg.json", "trans_download_link": "https://www.textflint.com/static/Tasks/NER/trans_dataset/ACE 2005/trans_RevNeg.json", "contributor": {"name": "Yiding Tan", "github": "https://github.com/Tannidy"}}, "SpellingError": {"ori": 86.72, "trans": 74.58, "sample_num": 1605, "ori_download_link": "https://www.textflint.com/static/Tasks/NER/trans_dataset/ACE 2005/ori_SpellingError.json", "trans_download_link": "https://www.textflint.com/static/Tasks/NER/trans_dataset/ACE 2005/trans_SpellingError.json", "contributor": {"name": "Yiding Tan", "github": "https://github.com/Tannidy"}}, "Tense": {"ori": 87.11, "trans": 87.0, "sample_num": 1248, "ori_download_link": "https://www.textflint.com/static/Tasks/NER/trans_dataset/ACE 2005/ori_Tense.json", "trans_download_link": "https://www.textflint.com/static/Tasks/NER/trans_dataset/ACE 2005/trans_Tense.json", "contributor": {"name": "Yiding Tan", "github": "https://github.com/Tannidy"}}, "SwapSyn-WordNet": {"ori": 86.13, "trans": 85.38, "sample_num": 1749, "ori_download_link": "https://www.textflint.com/static/Tasks/NER/trans_dataset/ACE 2005/ori_SwapSyn-WordNet.json", "trans_download_link": "https://www.textflint.com/static/Tasks/NER/trans_dataset/ACE 2005/trans_SwapSyn-WordNet.json", "contributor": {"name": "Yiding Tan", "github": "https://github.com/Tannidy"}}, "SwapAnt-WordNet": {"ori": 86.56, "trans": 83.04, "sample_num": 781, "ori_download_link": "https://www.textflint.com/static/Tasks/NER/trans_dataset/ACE 2005/ori_SwapAnt-WordNet.json", "trans_download_link": "https://www.textflint.com/static/Tasks/NER/trans_dataset/ACE 2005/trans_SwapAnt-WordNet.json", "contributor": {"name": "Yiding Tan", "github": "https://github.com/Tannidy"}}, "TwitterType": {"ori": 86.67, "trans": 82.05, "sample_num": 2030, "ori_download_link": "https://www.textflint.com/static/Tasks/NER/trans_dataset/ACE 2005/ori_TwitterType.json", "trans_download_link": "https://www.textflint.com/static/Tasks/NER/trans_dataset/ACE 2005/trans_TwitterType.json", "contributor": {"name": "Yiding Tan", "github": "https://github.com/Tannidy"}}, "Typos-random": {"ori": 86.64, "trans": 71.53, "sample_num": 2016, "ori_download_link": "https://www.textflint.com/static/Tasks/NER/trans_dataset/ACE 2005/ori_Typos-random.json", "trans_download_link": "https://www.textflint.com/static/Tasks/NER/trans_dataset/ACE 2005/trans_Typos-random.json", "contributor": {"name": "Yiding Tan", "github": "https://github.com/Tannidy"}}, "SwapSyn-WordEmbedding": {"ori": 86.62, "trans": 83.51, "sample_num": 1515, "ori_download_link": "https://www.textflint.com/static/Tasks/NER/trans_dataset/ACE 2005/ori_SwapSyn-WordEmbedding.json", "trans_download_link": "https://www.textflint.com/static/Tasks/NER/trans_dataset/ACE 2005/trans_SwapSyn-WordEmbedding.json", "contributor": {"name": "Yiding Tan", "github": "https://github.com/Tannidy"}}, "InsertAdv": {"ori": 86.71, "trans": 85.19, "sample_num": 1443, "ori_download_link": "https://www.textflint.com/static/Tasks/NER/trans_dataset/ACE 2005/ori_InsertAdv.json", "trans_download_link": "https://www.textflint.com/static/Tasks/NER/trans_dataset/ACE 2005/trans_InsertAdv.json", "contributor": {"name": "Yiding Tan", "github": "https://github.com/Tannidy"}}, "AppendIrr": {"ori": 86.67, "trans": 74.88, "sample_num": 2030, "ori_download_link": "https://www.textflint.com/static/Tasks/NER/trans_dataset/ACE 2005/ori_AppendIrr.json", "trans_download_link": "https://www.textflint.com/static/Tasks/NER/trans_dataset/ACE 2005/trans_AppendIrr.json", "contributor": {"name": "Yiding Tan", "github": "https://github.com/Tannidy"}}, "Contraction": {"ori": 85.51, "trans": 80.34, "sample_num": 419, "ori_download_link": "https://www.textflint.com/static/Tasks/NER/trans_dataset/ACE 2005/ori_Contraction.json", "trans_download_link": "https://www.textflint.com/static/Tasks/NER/trans_dataset/ACE 2005/trans_Contraction.json", "contributor": {"name": "Yiding Tan", "github": "https://github.com/Tannidy"}}, "AddRmvPunc": {"ori": 86.67, "trans": 79.0, "sample_num": 2029, "ori_download_link": "https://www.textflint.com/static/Tasks/NER/trans_dataset/ACE 2005/ori_AddRmvPunc.json", "trans_download_link": "https://www.textflint.com/static/Tasks/NER/trans_dataset/ACE 2005/trans_AddRmvPunc.json", "contributor": {"name": "Yiding Tan", "github": "https://github.com/Tannidy"}}, "WordCase-lower": {"ori": 86.91, "trans": 83.76, "sample_num": 2050, "ori_download_link": "https://www.textflint.com/static/Tasks/NER/trans_dataset/ACE 2005/ori_WordCase-lower.json", "trans_download_link": "https://www.textflint.com/static/Tasks/NER/trans_dataset/ACE 2005/trans_WordCase-lower.json", "contributor": {"name": "Yiding Tan", "github": "https://github.com/Tannidy"}}}}, {"model": "Flair embeddings + Pooling", "attack_results": {"WordCase-title": {"ori": 84.75, "trans": 32.14, "sample_num": 2030, "ori_download_link": "https://www.textflint.com/static/Tasks/NER/trans_dataset/ACE 2005/ori_WordCase-title.json", "trans_download_link": "https://www.textflint.com/static/Tasks/NER/trans_dataset/ACE 2005/trans_WordCase-title.json", "contributor": {"name": "Yiding Tan", "github": "https://github.com/Tannidy"}}, "WordCase-upper": {"ori": 84.75, "trans": 76.78, "sample_num": 2030, "ori_download_link": "https://www.textflint.com/static/Tasks/NER/trans_dataset/ACE 2005/ori_WordCase-upper.json", "trans_download_link": "https://www.textflint.com/static/Tasks/NER/trans_dataset/ACE 2005/trans_WordCase-upper.json", "contributor": {"name": "Yiding Tan", "github": "https://github.com/Tannidy"}}, "Keyboard": {"ori": 84.75, "trans": 74.76, "sample_num": 2029, "ori_download_link": "https://www.textflint.com/static/Tasks/NER/trans_dataset/ACE 2005/ori_Keyboard.json", "trans_download_link": "https://www.textflint.com/static/Tasks/NER/trans_dataset/ACE 2005/trans_Keyboard.json", "contributor": {"name": "Yiding Tan", "github": "https://github.com/Tannidy"}}, "MLMSuggestion": {"ori": 84.88, "trans": 79.85, "sample_num": 1878, "ori_download_link": "https://www.textflint.com/static/Tasks/NER/trans_dataset/ACE 2005/ori_MLMSuggestion.json", "trans_download_link": "https://www.textflint.com/static/Tasks/NER/trans_dataset/ACE 2005/trans_MLMSuggestion.json", "contributor": {"name": "Yiding Tan", "github": "https://github.com/Tannidy"}}, "SwapNum": {"ori": 85.42, "trans": 85.37, "sample_num": 175, "ori_download_link": "https://www.textflint.com/static/Tasks/NER/trans_dataset/ACE 2005/ori_SwapNum.json", "trans_download_link": "https://www.textflint.com/static/Tasks/NER/trans_dataset/ACE 2005/trans_SwapNum.json", "contributor": {"name": "Yiding Tan", "github": "https://github.com/Tannidy"}}, "Ocr": {"ori": 84.8, "trans": 76.65, "sample_num": 2024, "ori_download_link": "https://www.textflint.com/static/Tasks/NER/trans_dataset/ACE 2005/ori_Ocr.json", "trans_download_link": "https://www.textflint.com/static/Tasks/NER/trans_dataset/ACE 2005/trans_Ocr.json", "contributor": {"name": "Yiding Tan", "github": "https://github.com/Tannidy"}}, "RevNeg": {"ori": 84.87, "trans": 84.26, "sample_num": 1269, "ori_download_link": "https://www.textflint.com/static/Tasks/NER/trans_dataset/ACE 2005/ori_RevNeg.json", "trans_download_link": "https://www.textflint.com/static/Tasks/NER/trans_dataset/ACE 2005/trans_RevNeg.json", "contributor": {"name": "Yiding Tan", "github": "https://github.com/Tannidy"}}, "SpellingError": {"ori": 84.74, "trans": 73.08, "sample_num": 1605, "ori_download_link": "https://www.textflint.com/static/Tasks/NER/trans_dataset/ACE 2005/ori_SpellingError.json", "trans_download_link": "https://www.textflint.com/static/Tasks/NER/trans_dataset/ACE 2005/trans_SpellingError.json", "contributor": {"name": "Yiding Tan", "github": "https://github.com/Tannidy"}}, "Tense": {"ori": 85.33, "trans": 85.06, "sample_num": 1248, "ori_download_link": "https://www.textflint.com/static/Tasks/NER/trans_dataset/ACE 2005/ori_Tense.json", "trans_download_link": "https://www.textflint.com/static/Tasks/NER/trans_dataset/ACE 2005/trans_Tense.json", "contributor": {"name": "Yiding Tan", "github": "https://github.com/Tannidy"}}, "SwapSyn-WordNet": {"ori": 84.28, "trans": 83.62, "sample_num": 1749, "ori_download_link": "https://www.textflint.com/static/Tasks/NER/trans_dataset/ACE 2005/ori_SwapSyn-WordNet.json", "trans_download_link": "https://www.textflint.com/static/Tasks/NER/trans_dataset/ACE 2005/trans_SwapSyn-WordNet.json", "contributor": {"name": "Yiding Tan", "github": "https://github.com/Tannidy"}}, "SwapAnt-WordNet": {"ori": 84.67, "trans": 81.92, "sample_num": 781, "ori_download_link": "https://www.textflint.com/static/Tasks/NER/trans_dataset/ACE 2005/ori_SwapAnt-WordNet.json", "trans_download_link": "https://www.textflint.com/static/Tasks/NER/trans_dataset/ACE 2005/trans_SwapAnt-WordNet.json", "contributor": {"name": "Yiding Tan", "github": "https://github.com/Tannidy"}}, "TwitterType": {"ori": 84.75, "trans": 83.23, "sample_num": 2030, "ori_download_link": "https://www.textflint.com/static/Tasks/NER/trans_dataset/ACE 2005/ori_TwitterType.json", "trans_download_link": "https://www.textflint.com/static/Tasks/NER/trans_dataset/ACE 2005/trans_TwitterType.json", "contributor": {"name": "Yiding Tan", "github": "https://github.com/Tannidy"}}, "Typos-random": {"ori": 84.76, "trans": 70.67, "sample_num": 2016, "ori_download_link": "https://www.textflint.com/static/Tasks/NER/trans_dataset/ACE 2005/ori_Typos-random.json", "trans_download_link": "https://www.textflint.com/static/Tasks/NER/trans_dataset/ACE 2005/trans_Typos-random.json", "contributor": {"name": "Yiding Tan", "github": "https://github.com/Tannidy"}}, "SwapSyn-WordEmbedding": {"ori": 84.67, "trans": 81.59, "sample_num": 1515, "ori_download_link": "https://www.textflint.com/static/Tasks/NER/trans_dataset/ACE 2005/ori_SwapSyn-WordEmbedding.json", "trans_download_link": "https://www.textflint.com/static/Tasks/NER/trans_dataset/ACE 2005/trans_SwapSyn-WordEmbedding.json", "contributor": {"name": "Yiding Tan", "github": "https://github.com/Tannidy"}}, "InsertAdv": {"ori": 84.72, "trans": 83.83, "sample_num": 1443, "ori_download_link": "https://www.textflint.com/static/Tasks/NER/trans_dataset/ACE 2005/ori_InsertAdv.json", "trans_download_link": "https://www.textflint.com/static/Tasks/NER/trans_dataset/ACE 2005/trans_InsertAdv.json", "contributor": {"name": "Yiding Tan", "github": "https://github.com/Tannidy"}}, "AppendIrr": {"ori": 84.75, "trans": 72.36, "sample_num": 2030, "ori_download_link": "https://www.textflint.com/static/Tasks/NER/trans_dataset/ACE 2005/ori_AppendIrr.json", "trans_download_link": "https://www.textflint.com/static/Tasks/NER/trans_dataset/ACE 2005/trans_AppendIrr.json", "contributor": {"name": "Yiding Tan", "github": "https://github.com/Tannidy"}}, "Contraction": {"ori": 83.94, "trans": 79.57, "sample_num": 419, "ori_download_link": "https://www.textflint.com/static/Tasks/NER/trans_dataset/ACE 2005/ori_Contraction.json", "trans_download_link": "https://www.textflint.com/static/Tasks/NER/trans_dataset/ACE 2005/trans_Contraction.json", "contributor": {"name": "Yiding Tan", "github": "https://github.com/Tannidy"}}, "AddRmvPunc": {"ori": 84.75, "trans": 83.73, "sample_num": 2029, "ori_download_link": "https://www.textflint.com/static/Tasks/NER/trans_dataset/ACE 2005/ori_AddRmvPunc.json", "trans_download_link": "https://www.textflint.com/static/Tasks/NER/trans_dataset/ACE 2005/trans_AddRmvPunc.json", "contributor": {"name": "Yiding Tan", "github": "https://github.com/Tannidy"}}, "WordCase-lower": {"ori": 85.27, "trans": 82.62, "sample_num": 2050, "ori_download_link": "https://www.textflint.com/static/Tasks/NER/trans_dataset/ACE 2005/ori_WordCase-lower.json", "trans_download_link": "https://www.textflint.com/static/Tasks/NER/trans_dataset/ACE 2005/trans_WordCase-lower.json", "contributor": {"name": "Yiding Tan", "github": "https://github.com/Tannidy"}}}}]