[{"model": "BiLSTM-CNN-CRF", "attack_results": {"ConcatSent_CrossCategory": {"ori": 90.61, "trans": 82.42, "sample_num": 3683, "ori_download_link": "https://www.textflint.com/static/Tasks/NER/trans_dataset/CoNLL 2003/ori_ConcatSent_CrossCategory.json", "trans_download_link": "https://www.textflint.com/static/Tasks/NER/trans_dataset/CoNLL 2003/trans_ConcatSent_CrossCategory.json", "contributor": {"name": "Yiding Tan", "github": "https://github.com/Tannidy"}}, "ConcatSent_EntTypos": {"ori": 91.27, "trans": 83.99, "sample_num": 2671, "ori_download_link": "https://www.textflint.com/static/Tasks/NER/trans_dataset/CoNLL 2003/ori_ConcatSent_EntTypos.json", "trans_download_link": "https://www.textflint.com/static/Tasks/NER/trans_dataset/CoNLL 2003/trans_ConcatSent_EntTypos.json", "contributor": {"name": "Yiding Tan", "github": "https://github.com/Tannidy"}}, "ConcatSent_OOV": {"ori": 90.61, "trans": 77.48, "sample_num": 3683, "ori_download_link": "https://www.textflint.com/static/Tasks/NER/trans_dataset/CoNLL 2003/ori_ConcatSent_OOV.json", "trans_download_link": "https://www.textflint.com/static/Tasks/NER/trans_dataset/CoNLL 2003/trans_ConcatSent_OOV.json", "contributor": {"name": "Yiding Tan", "github": "https://github.com/Tannidy"}}, "ConcatSent_SwapLonger": {"ori": 90.61, "trans": 77.64, "sample_num": 3683, "ori_download_link": "https://www.textflint.com/static/Tasks/NER/trans_dataset/CoNLL 2003/ori_ConcatSent_SwapLonger.json", "trans_download_link": "https://www.textflint.com/static/Tasks/NER/trans_dataset/CoNLL 2003/trans_ConcatSent_SwapLonger.json", "contributor": {"name": "Yiding Tan", "github": "https://github.com/Tannidy"}}, "CrossCategory_EntTypos": {"ori": 91.2, "trans": 71.3, "sample_num": 2666, "ori_download_link": "https://www.textflint.com/static/Tasks/NER/trans_dataset/CoNLL 2003/ori_CrossCategory_EntTypos.json", "trans_download_link": "https://www.textflint.com/static/Tasks/NER/trans_dataset/CoNLL 2003/trans_CrossCategory_EntTypos.json", "contributor": {"name": "Yiding Tan", "github": "https://github.com/Tannidy"}}, "CrossCategory_SwapLonger": {"ori": 90.59, "trans": 60.33, "sample_num": 3684, "ori_download_link": "https://www.textflint.com/static/Tasks/NER/trans_dataset/CoNLL 2003/ori_CrossCategory_SwapLonger.json", "trans_download_link": "https://www.textflint.com/static/Tasks/NER/trans_dataset/CoNLL 2003/trans_CrossCategory_SwapLonger.json", "contributor": {"name": "Yiding Tan", "github": "https://github.com/Tannidy"}}, "OOV_EntTypos": {"ori": 91.27, "trans": 58.16, "sample_num": 2668, "ori_download_link": "https://www.textflint.com/static/Tasks/NER/trans_dataset/CoNLL 2003/ori_OOV_EntTypos.json", "trans_download_link": "https://www.textflint.com/static/Tasks/NER/trans_dataset/CoNLL 2003/trans_OOV_EntTypos.json", "contributor": {"name": "Yiding Tan", "github": "https://github.com/Tannidy"}}, "OOV_SwapLonger": {"ori": 90.59, "trans": 59.89, "sample_num": 3684, "ori_download_link": "https://www.textflint.com/static/Tasks/NER/trans_dataset/CoNLL 2003/ori_OOV_SwapLonger.json", "trans_download_link": "https://www.textflint.com/static/Tasks/NER/trans_dataset/CoNLL 2003/trans_OOV_SwapLonger.json", "contributor": {"name": "Yiding Tan", "github": "https://github.com/Tannidy"}}, "SwapLonger_EntTypos": {"ori": 91.19, "trans": 55.1, "sample_num": 2652, "ori_download_link": "https://www.textflint.com/static/Tasks/NER/trans_dataset/CoNLL 2003/ori_SwapLonger_EntTypos.json", "trans_download_link": "https://www.textflint.com/static/Tasks/NER/trans_dataset/CoNLL 2003/trans_SwapLonger_EntTypos.json", "contributor": {"name": "Yiding Tan", "github": "https://github.com/Tannidy"}}}}, {"model": "BiLSTM-CRF", "attack_results": {"ConcatSent_CrossCategory": {"ori": 88.49, "trans": 81.82, "sample_num": 3683, "ori_download_link": "https://www.textflint.com/static/Tasks/NER/trans_dataset/CoNLL 2003/ori_ConcatSent_CrossCategory.json", "trans_download_link": "https://www.textflint.com/static/Tasks/NER/trans_dataset/CoNLL 2003/trans_ConcatSent_CrossCategory.json", "contributor": {"name": "Yiding Tan", "github": "https://github.com/Tannidy"}}, "ConcatSent_EntTypos": {"ori": 89.31, "trans": 82.1, "sample_num": 2671, "ori_download_link": "https://www.textflint.com/static/Tasks/NER/trans_dataset/CoNLL 2003/ori_ConcatSent_EntTypos.json", "trans_download_link": "https://www.textflint.com/static/Tasks/NER/trans_dataset/CoNLL 2003/trans_ConcatSent_EntTypos.json", "contributor": {"name": "Yiding Tan", "github": "https://github.com/Tannidy"}}, "ConcatSent_OOV": {"ori": 88.49, "trans": 74.13, "sample_num": 3683, "ori_download_link": "https://www.textflint.com/static/Tasks/NER/trans_dataset/CoNLL 2003/ori_ConcatSent_OOV.json", "trans_download_link": "https://www.textflint.com/static/Tasks/NER/trans_dataset/CoNLL 2003/trans_ConcatSent_OOV.json", "contributor": {"name": "Yiding Tan", "github": "https://github.com/Tannidy"}}, "ConcatSent_SwapLonger": {"ori": 88.49, "trans": 71.46, "sample_num": 3683, "ori_download_link": "https://www.textflint.com/static/Tasks/NER/trans_dataset/CoNLL 2003/ori_ConcatSent_SwapLonger.json", "trans_download_link": "https://www.textflint.com/static/Tasks/NER/trans_dataset/CoNLL 2003/trans_ConcatSent_SwapLonger.json", "contributor": {"name": "Yiding Tan", "github": "https://github.com/Tannidy"}}, "CrossCategory_EntTypos": {"ori": 89.25, "trans": 61.04, "sample_num": 2666, "ori_download_link": "https://www.textflint.com/static/Tasks/NER/trans_dataset/CoNLL 2003/ori_CrossCategory_EntTypos.json", "trans_download_link": "https://www.textflint.com/static/Tasks/NER/trans_dataset/CoNLL 2003/trans_CrossCategory_EntTypos.json", "contributor": {"name": "Yiding Tan", "github": "https://github.com/Tannidy"}}, "CrossCategory_SwapLonger": {"ori": 88.48, "trans": 42.21, "sample_num": 3684, "ori_download_link": "https://www.textflint.com/static/Tasks/NER/trans_dataset/CoNLL 2003/ori_CrossCategory_SwapLonger.json", "trans_download_link": "https://www.textflint.com/static/Tasks/NER/trans_dataset/CoNLL 2003/trans_CrossCategory_SwapLonger.json", "contributor": {"name": "Yiding Tan", "github": "https://github.com/Tannidy"}}, "OOV_EntTypos": {"ori": 89.31, "trans": 39.02, "sample_num": 2668, "ori_download_link": "https://www.textflint.com/static/Tasks/NER/trans_dataset/CoNLL 2003/ori_OOV_EntTypos.json", "trans_download_link": "https://www.textflint.com/static/Tasks/NER/trans_dataset/CoNLL 2003/trans_OOV_EntTypos.json", "contributor": {"name": "Yiding Tan", "github": "https://github.com/Tannidy"}}, "OOV_SwapLonger": {"ori": 88.48, "trans": 41.41, "sample_num": 3684, "ori_download_link": "https://www.textflint.com/static/Tasks/NER/trans_dataset/CoNLL 2003/ori_OOV_SwapLonger.json", "trans_download_link": "https://www.textflint.com/static/Tasks/NER/trans_dataset/CoNLL 2003/trans_OOV_SwapLonger.json", "contributor": {"name": "Yiding Tan", "github": "https://github.com/Tannidy"}}, "SwapLonger_EntTypos": {"ori": 89.22, "trans": 32.89, "sample_num": 2652, "ori_download_link": "https://www.textflint.com/static/Tasks/NER/trans_dataset/CoNLL 2003/ori_SwapLonger_EntTypos.json", "trans_download_link": "https://www.textflint.com/static/Tasks/NER/trans_dataset/CoNLL 2003/trans_SwapLonger_EntTypos.json", "contributor": {"name": "Yiding Tan", "github": "https://github.com/Tannidy"}}}}, {"model": "LM-LSTM-CRF", "attack_results": {"ConcatSent_CrossCategory": {"ori": 90.89, "trans": 81.98, "sample_num": 3683, "ori_download_link": "https://www.textflint.com/static/Tasks/NER/trans_dataset/CoNLL 2003/ori_ConcatSent_CrossCategory.json", "trans_download_link": "https://www.textflint.com/static/Tasks/NER/trans_dataset/CoNLL 2003/trans_ConcatSent_CrossCategory.json", "contributor": {"name": "Yiding Tan", "github": "https://github.com/Tannidy"}}, "ConcatSent_EntTypos": {"ori": 91.55, "trans": 84.72, "sample_num": 2671, "ori_download_link": "https://www.textflint.com/static/Tasks/NER/trans_dataset/CoNLL 2003/ori_ConcatSent_EntTypos.json", "trans_download_link": "https://www.textflint.com/static/Tasks/NER/trans_dataset/CoNLL 2003/trans_ConcatSent_EntTypos.json", "contributor": {"name": "Yiding Tan", "github": "https://github.com/Tannidy"}}, "ConcatSent_OOV": {"ori": 90.89, "trans": 80.61, "sample_num": 3683, "ori_download_link": "https://www.textflint.com/static/Tasks/NER/trans_dataset/CoNLL 2003/ori_ConcatSent_OOV.json", "trans_download_link": "https://www.textflint.com/static/Tasks/NER/trans_dataset/CoNLL 2003/trans_ConcatSent_OOV.json", "contributor": {"name": "Yiding Tan", "github": "https://github.com/Tannidy"}}, "ConcatSent_SwapLonger": {"ori": 90.89, "trans": 80.15, "sample_num": 3683, "ori_download_link": "https://www.textflint.com/static/Tasks/NER/trans_dataset/CoNLL 2003/ori_ConcatSent_SwapLonger.json", "trans_download_link": "https://www.textflint.com/static/Tasks/NER/trans_dataset/CoNLL 2003/trans_ConcatSent_SwapLonger.json", "contributor": {"name": "Yiding Tan", "github": "https://github.com/Tannidy"}}, "CrossCategory_EntTypos": {"ori": 91.53, "trans": 72.31, "sample_num": 2666, "ori_download_link": "https://www.textflint.com/static/Tasks/NER/trans_dataset/CoNLL 2003/ori_CrossCategory_EntTypos.json", "trans_download_link": "https://www.textflint.com/static/Tasks/NER/trans_dataset/CoNLL 2003/trans_CrossCategory_EntTypos.json", "contributor": {"name": "Yiding Tan", "github": "https://github.com/Tannidy"}}, "CrossCategory_SwapLonger": {"ori": 90.88, "trans": 67.34, "sample_num": 3684, "ori_download_link": "https://www.textflint.com/static/Tasks/NER/trans_dataset/CoNLL 2003/ori_CrossCategory_SwapLonger.json", "trans_download_link": "https://www.textflint.com/static/Tasks/NER/trans_dataset/CoNLL 2003/trans_CrossCategory_SwapLonger.json", "contributor": {"name": "Yiding Tan", "github": "https://github.com/Tannidy"}}, "OOV_EntTypos": {"ori": 91.56, "trans": 67.82, "sample_num": 2668, "ori_download_link": "https://www.textflint.com/static/Tasks/NER/trans_dataset/CoNLL 2003/ori_OOV_EntTypos.json", "trans_download_link": "https://www.textflint.com/static/Tasks/NER/trans_dataset/CoNLL 2003/trans_OOV_EntTypos.json", "contributor": {"name": "Yiding Tan", "github": "https://github.com/Tannidy"}}, "OOV_SwapLonger": {"ori": 90.88, "trans": 66.91, "sample_num": 3684, "ori_download_link": "https://www.textflint.com/static/Tasks/NER/trans_dataset/CoNLL 2003/ori_OOV_SwapLonger.json", "trans_download_link": "https://www.textflint.com/static/Tasks/NER/trans_dataset/CoNLL 2003/trans_OOV_SwapLonger.json", "contributor": {"name": "Yiding Tan", "github": "https://github.com/Tannidy"}}, "SwapLonger_EntTypos": {"ori": 91.51, "trans": 62.27, "sample_num": 2652, "ori_download_link": "https://www.textflint.com/static/Tasks/NER/trans_dataset/CoNLL 2003/ori_SwapLonger_EntTypos.json", "trans_download_link": "https://www.textflint.com/static/Tasks/NER/trans_dataset/CoNLL 2003/trans_SwapLonger_EntTypos.json", "contributor": {"name": "Yiding Tan", "github": "https://github.com/Tannidy"}}}}, {"model": "BERT-base(cased)", "attack_results": {"ConcatSent_CrossCategory": {"ori": 91.43, "trans": 82.47, "sample_num": 3683, "ori_download_link": "https://www.textflint.com/static/Tasks/NER/trans_dataset/CoNLL 2003/ori_ConcatSent_CrossCategory.json", "trans_download_link": "https://www.textflint.com/static/Tasks/NER/trans_dataset/CoNLL 2003/trans_ConcatSent_CrossCategory.json", "contributor": {"name": "Yiding Tan", "github": "https://github.com/Tannidy"}}, "ConcatSent_EntTypos": {"ori": 92.21, "trans": 88.31, "sample_num": 2671, "ori_download_link": "https://www.textflint.com/static/Tasks/NER/trans_dataset/CoNLL 2003/ori_ConcatSent_EntTypos.json", "trans_download_link": "https://www.textflint.com/static/Tasks/NER/trans_dataset/CoNLL 2003/trans_ConcatSent_EntTypos.json", "contributor": {"name": "Yiding Tan", "github": "https://github.com/Tannidy"}}, "ConcatSent_OOV": {"ori": 91.43, "trans": 82.72, "sample_num": 3683, "ori_download_link": "https://www.textflint.com/static/Tasks/NER/trans_dataset/CoNLL 2003/ori_ConcatSent_OOV.json", "trans_download_link": "https://www.textflint.com/static/Tasks/NER/trans_dataset/CoNLL 2003/trans_ConcatSent_OOV.json", "contributor": {"name": "Yiding Tan", "github": "https://github.com/Tannidy"}}, "ConcatSent_SwapLonger": {"ori": 91.43, "trans": 80.84, "sample_num": 3683, "ori_download_link": "https://www.textflint.com/static/Tasks/NER/trans_dataset/CoNLL 2003/ori_ConcatSent_SwapLonger.json", "trans_download_link": "https://www.textflint.com/static/Tasks/NER/trans_dataset/CoNLL 2003/trans_ConcatSent_SwapLonger.json", "contributor": {"name": "Yiding Tan", "github": "https://github.com/Tannidy"}}, "CrossCategory_EntTypos": {"ori": 92.15, "trans": 69.28, "sample_num": 2666, "ori_download_link": "https://www.textflint.com/static/Tasks/NER/trans_dataset/CoNLL 2003/ori_CrossCategory_EntTypos.json", "trans_download_link": "https://www.textflint.com/static/Tasks/NER/trans_dataset/CoNLL 2003/trans_CrossCategory_EntTypos.json", "contributor": {"name": "Yiding Tan", "github": "https://github.com/Tannidy"}}, "CrossCategory_SwapLonger": {"ori": 91.42, "trans": 65.2, "sample_num": 3684, "ori_download_link": "https://www.textflint.com/static/Tasks/NER/trans_dataset/CoNLL 2003/ori_CrossCategory_SwapLonger.json", "trans_download_link": "https://www.textflint.com/static/Tasks/NER/trans_dataset/CoNLL 2003/trans_CrossCategory_SwapLonger.json", "contributor": {"name": "Yiding Tan", "github": "https://github.com/Tannidy"}}, "OOV_EntTypos": {"ori": 92.2, "trans": 66.58, "sample_num": 2668, "ori_download_link": "https://www.textflint.com/static/Tasks/NER/trans_dataset/CoNLL 2003/ori_OOV_EntTypos.json", "trans_download_link": "https://www.textflint.com/static/Tasks/NER/trans_dataset/CoNLL 2003/trans_OOV_EntTypos.json", "contributor": {"name": "Yiding Tan", "github": "https://github.com/Tannidy"}}, "OOV_SwapLonger": {"ori": 91.42, "trans": 66.01, "sample_num": 3684, "ori_download_link": "https://www.textflint.com/static/Tasks/NER/trans_dataset/CoNLL 2003/ori_OOV_SwapLonger.json", "trans_download_link": "https://www.textflint.com/static/Tasks/NER/trans_dataset/CoNLL 2003/trans_OOV_SwapLonger.json", "contributor": {"name": "Yiding Tan", "github": "https://github.com/Tannidy"}}, "SwapLonger_EntTypos": {"ori": 92.15, "trans": 61.43, "sample_num": 2652, "ori_download_link": "https://www.textflint.com/static/Tasks/NER/trans_dataset/CoNLL 2003/ori_SwapLonger_EntTypos.json", "trans_download_link": "https://www.textflint.com/static/Tasks/NER/trans_dataset/CoNLL 2003/trans_SwapLonger_EntTypos.json", "contributor": {"name": "Yiding Tan", "github": "https://github.com/Tannidy"}}}}, {"model": "BERT-base(uncased)", "attack_results": {"ConcatSent_CrossCategory": {"ori": 90.41, "trans": 83.44, "sample_num": 3683, "ori_download_link": "https://www.textflint.com/static/Tasks/NER/trans_dataset/CoNLL 2003/ori_ConcatSent_CrossCategory.json", "trans_download_link": "https://www.textflint.com/static/Tasks/NER/trans_dataset/CoNLL 2003/trans_ConcatSent_CrossCategory.json", "contributor": {"name": "Yiding Tan", "github": "https://github.com/Tannidy"}}, "ConcatSent_EntTypos": {"ori": 91.23, "trans": 86.44, "sample_num": 2671, "ori_download_link": "https://www.textflint.com/static/Tasks/NER/trans_dataset/CoNLL 2003/ori_ConcatSent_EntTypos.json", "trans_download_link": "https://www.textflint.com/static/Tasks/NER/trans_dataset/CoNLL 2003/trans_ConcatSent_EntTypos.json", "contributor": {"name": "Yiding Tan", "github": "https://github.com/Tannidy"}}, "ConcatSent_OOV": {"ori": 90.41, "trans": 81.09, "sample_num": 3683, "ori_download_link": "https://www.textflint.com/static/Tasks/NER/trans_dataset/CoNLL 2003/ori_ConcatSent_OOV.json", "trans_download_link": "https://www.textflint.com/static/Tasks/NER/trans_dataset/CoNLL 2003/trans_ConcatSent_OOV.json", "contributor": {"name": "Yiding Tan", "github": "https://github.com/Tannidy"}}, "ConcatSent_SwapLonger": {"ori": 90.41, "trans": 79.42, "sample_num": 3683, "ori_download_link": "https://www.textflint.com/static/Tasks/NER/trans_dataset/CoNLL 2003/ori_ConcatSent_SwapLonger.json", "trans_download_link": "https://www.textflint.com/static/Tasks/NER/trans_dataset/CoNLL 2003/trans_ConcatSent_SwapLonger.json", "contributor": {"name": "Yiding Tan", "github": "https://github.com/Tannidy"}}, "CrossCategory_EntTypos": {"ori": 91.18, "trans": 66.37, "sample_num": 2666, "ori_download_link": "https://www.textflint.com/static/Tasks/NER/trans_dataset/CoNLL 2003/ori_CrossCategory_EntTypos.json", "trans_download_link": "https://www.textflint.com/static/Tasks/NER/trans_dataset/CoNLL 2003/trans_CrossCategory_EntTypos.json", "contributor": {"name": "Yiding Tan", "github": "https://github.com/Tannidy"}}, "CrossCategory_SwapLonger": {"ori": 90.4, "trans": 59.32, "sample_num": 3684, "ori_download_link": "https://www.textflint.com/static/Tasks/NER/trans_dataset/CoNLL 2003/ori_CrossCategory_SwapLonger.json", "trans_download_link": "https://www.textflint.com/static/Tasks/NER/trans_dataset/CoNLL 2003/trans_CrossCategory_SwapLonger.json", "contributor": {"name": "Yiding Tan", "github": "https://github.com/Tannidy"}}, "OOV_EntTypos": {"ori": 91.22, "trans": 61.83, "sample_num": 2668, "ori_download_link": "https://www.textflint.com/static/Tasks/NER/trans_dataset/CoNLL 2003/ori_OOV_EntTypos.json", "trans_download_link": "https://www.textflint.com/static/Tasks/NER/trans_dataset/CoNLL 2003/trans_OOV_EntTypos.json", "contributor": {"name": "Yiding Tan", "github": "https://github.com/Tannidy"}}, "OOV_SwapLonger": {"ori": 90.4, "trans": 59.94, "sample_num": 3684, "ori_download_link": "https://www.textflint.com/static/Tasks/NER/trans_dataset/CoNLL 2003/ori_OOV_SwapLonger.json", "trans_download_link": "https://www.textflint.com/static/Tasks/NER/trans_dataset/CoNLL 2003/trans_OOV_SwapLonger.json", "contributor": {"name": "Yiding Tan", "github": "https://github.com/Tannidy"}}, "SwapLonger_EntTypos": {"ori": 91.18, "trans": 53.03, "sample_num": 2652, "ori_download_link": "https://www.textflint.com/static/Tasks/NER/trans_dataset/CoNLL 2003/ori_SwapLonger_EntTypos.json", "trans_download_link": "https://www.textflint.com/static/Tasks/NER/trans_dataset/CoNLL 2003/trans_SwapLonger_EntTypos.json", "contributor": {"name": "Yiding Tan", "github": "https://github.com/Tannidy"}}}}, {"model": "TENER", "attack_results": {"ConcatSent_CrossCategory": {"ori": 91.36, "trans": 83.97, "sample_num": 3683, "ori_download_link": "https://www.textflint.com/static/Tasks/NER/trans_dataset/CoNLL 2003/ori_ConcatSent_CrossCategory.json", "trans_download_link": "https://www.textflint.com/static/Tasks/NER/trans_dataset/CoNLL 2003/trans_ConcatSent_CrossCategory.json", "contributor": {"name": "Yiding Tan", "github": "https://github.com/Tannidy"}}, "ConcatSent_EntTypos": {"ori": 92.01, "trans": 86.99, "sample_num": 2671, "ori_download_link": "https://www.textflint.com/static/Tasks/NER/trans_dataset/CoNLL 2003/ori_ConcatSent_EntTypos.json", "trans_download_link": "https://www.textflint.com/static/Tasks/NER/trans_dataset/CoNLL 2003/trans_ConcatSent_EntTypos.json", "contributor": {"name": "Yiding Tan", "github": "https://github.com/Tannidy"}}, "ConcatSent_OOV": {"ori": 91.36, "trans": 79.1, "sample_num": 3683, "ori_download_link": "https://www.textflint.com/static/Tasks/NER/trans_dataset/CoNLL 2003/ori_ConcatSent_OOV.json", "trans_download_link": "https://www.textflint.com/static/Tasks/NER/trans_dataset/CoNLL 2003/trans_ConcatSent_OOV.json", "contributor": {"name": "Yiding Tan", "github": "https://github.com/Tannidy"}}, "ConcatSent_SwapLonger": {"ori": 91.36, "trans": 75.66, "sample_num": 3683, "ori_download_link": "https://www.textflint.com/static/Tasks/NER/trans_dataset/CoNLL 2003/ori_ConcatSent_SwapLonger.json", "trans_download_link": "https://www.textflint.com/static/Tasks/NER/trans_dataset/CoNLL 2003/trans_ConcatSent_SwapLonger.json", "contributor": {"name": "Yiding Tan", "github": "https://github.com/Tannidy"}}, "CrossCategory_EntTypos": {"ori": 91.98, "trans": 72.1, "sample_num": 2666, "ori_download_link": "https://www.textflint.com/static/Tasks/NER/trans_dataset/CoNLL 2003/ori_CrossCategory_EntTypos.json", "trans_download_link": "https://www.textflint.com/static/Tasks/NER/trans_dataset/CoNLL 2003/trans_CrossCategory_EntTypos.json", "contributor": {"name": "Yiding Tan", "github": "https://github.com/Tannidy"}}, "CrossCategory_SwapLonger": {"ori": 91.35, "trans": 51.12, "sample_num": 3684, "ori_download_link": "https://www.textflint.com/static/Tasks/NER/trans_dataset/CoNLL 2003/ori_CrossCategory_SwapLonger.json", "trans_download_link": "https://www.textflint.com/static/Tasks/NER/trans_dataset/CoNLL 2003/trans_CrossCategory_SwapLonger.json", "contributor": {"name": "Yiding Tan", "github": "https://github.com/Tannidy"}}, "OOV_EntTypos": {"ori": 92.01, "trans": 51.55, "sample_num": 2668, "ori_download_link": "https://www.textflint.com/static/Tasks/NER/trans_dataset/CoNLL 2003/ori_OOV_EntTypos.json", "trans_download_link": "https://www.textflint.com/static/Tasks/NER/trans_dataset/CoNLL 2003/trans_OOV_EntTypos.json", "contributor": {"name": "Yiding Tan", "github": "https://github.com/Tannidy"}}, "OOV_SwapLonger": {"ori": 91.35, "trans": 51.38, "sample_num": 3684, "ori_download_link": "https://www.textflint.com/static/Tasks/NER/trans_dataset/CoNLL 2003/ori_OOV_SwapLonger.json", "trans_download_link": "https://www.textflint.com/static/Tasks/NER/trans_dataset/CoNLL 2003/trans_OOV_SwapLonger.json", "contributor": {"name": "Yiding Tan", "github": "https://github.com/Tannidy"}}, "SwapLonger_EntTypos": {"ori": 91.94, "trans": 43.12, "sample_num": 2652, "ori_download_link": "https://www.textflint.com/static/Tasks/NER/trans_dataset/CoNLL 2003/ori_SwapLonger_EntTypos.json", "trans_download_link": "https://www.textflint.com/static/Tasks/NER/trans_dataset/CoNLL 2003/trans_SwapLonger_EntTypos.json", "contributor": {"name": "Yiding Tan", "github": "https://github.com/Tannidy"}}}}, {"model": "GRN", "attack_results": {"ConcatSent_CrossCategory": {"ori": 91.57, "trans": 82.78, "sample_num": 3683, "ori_download_link": "https://www.textflint.com/static/Tasks/NER/trans_dataset/CoNLL 2003/ori_ConcatSent_CrossCategory.json", "trans_download_link": "https://www.textflint.com/static/Tasks/NER/trans_dataset/CoNLL 2003/trans_ConcatSent_CrossCategory.json", "contributor": {"name": "Yiding Tan", "github": "https://github.com/Tannidy"}}, "ConcatSent_EntTypos": {"ori": 92.29, "trans": 85.68, "sample_num": 2671, "ori_download_link": "https://www.textflint.com/static/Tasks/NER/trans_dataset/CoNLL 2003/ori_ConcatSent_EntTypos.json", "trans_download_link": "https://www.textflint.com/static/Tasks/NER/trans_dataset/CoNLL 2003/trans_ConcatSent_EntTypos.json", "contributor": {"name": "Yiding Tan", "github": "https://github.com/Tannidy"}}, "ConcatSent_OOV": {"ori": 91.57, "trans": 81.02, "sample_num": 3683, "ori_download_link": "https://www.textflint.com/static/Tasks/NER/trans_dataset/CoNLL 2003/ori_ConcatSent_OOV.json", "trans_download_link": "https://www.textflint.com/static/Tasks/NER/trans_dataset/CoNLL 2003/trans_ConcatSent_OOV.json", "contributor": {"name": "Yiding Tan", "github": "https://github.com/Tannidy"}}, "ConcatSent_SwapLonger": {"ori": 91.57, "trans": 79.63, "sample_num": 3683, "ori_download_link": "https://www.textflint.com/static/Tasks/NER/trans_dataset/CoNLL 2003/ori_ConcatSent_SwapLonger.json", "trans_download_link": "https://www.textflint.com/static/Tasks/NER/trans_dataset/CoNLL 2003/trans_ConcatSent_SwapLonger.json", "contributor": {"name": "Yiding Tan", "github": "https://github.com/Tannidy"}}, "CrossCategory_EntTypos": {"ori": 92.29, "trans": 71.72, "sample_num": 2666, "ori_download_link": "https://www.textflint.com/static/Tasks/NER/trans_dataset/CoNLL 2003/ori_CrossCategory_EntTypos.json", "trans_download_link": "https://www.textflint.com/static/Tasks/NER/trans_dataset/CoNLL 2003/trans_CrossCategory_EntTypos.json", "contributor": {"name": "Yiding Tan", "github": "https://github.com/Tannidy"}}, "CrossCategory_SwapLonger": {"ori": 91.56, "trans": 66.37, "sample_num": 3684, "ori_download_link": "https://www.textflint.com/static/Tasks/NER/trans_dataset/CoNLL 2003/ori_CrossCategory_SwapLonger.json", "trans_download_link": "https://www.textflint.com/static/Tasks/NER/trans_dataset/CoNLL 2003/trans_CrossCategory_SwapLonger.json", "contributor": {"name": "Yiding Tan", "github": "https://github.com/Tannidy"}}, "OOV_EntTypos": {"ori": 92.33, "trans": 66.33, "sample_num": 2668, "ori_download_link": "https://www.textflint.com/static/Tasks/NER/trans_dataset/CoNLL 2003/ori_OOV_EntTypos.json", "trans_download_link": "https://www.textflint.com/static/Tasks/NER/trans_dataset/CoNLL 2003/trans_OOV_EntTypos.json", "contributor": {"name": "Yiding Tan", "github": "https://github.com/Tannidy"}}, "OOV_SwapLonger": {"ori": 91.56, "trans": 65.46, "sample_num": 3684, "ori_download_link": "https://www.textflint.com/static/Tasks/NER/trans_dataset/CoNLL 2003/ori_OOV_SwapLonger.json", "trans_download_link": "https://www.textflint.com/static/Tasks/NER/trans_dataset/CoNLL 2003/trans_OOV_SwapLonger.json", "contributor": {"name": "Yiding Tan", "github": "https://github.com/Tannidy"}}, "SwapLonger_EntTypos": {"ori": 92.24, "trans": 60.37, "sample_num": 2652, "ori_download_link": "https://www.textflint.com/static/Tasks/NER/trans_dataset/CoNLL 2003/ori_SwapLonger_EntTypos.json", "trans_download_link": "https://www.textflint.com/static/Tasks/NER/trans_dataset/CoNLL 2003/trans_SwapLonger_EntTypos.json", "contributor": {"name": "Yiding Tan", "github": "https://github.com/Tannidy"}}}}, {"model": "flair embeddings", "attack_results": {"ConcatSent_CrossCategory": {"ori": 92.25, "trans": 84.55, "sample_num": 3683, "ori_download_link": "https://www.textflint.com/static/Tasks/NER/trans_dataset/CoNLL 2003/ori_ConcatSent_CrossCategory.json", "trans_download_link": "https://www.textflint.com/static/Tasks/NER/trans_dataset/CoNLL 2003/trans_ConcatSent_CrossCategory.json", "contributor": {"name": "Yiding Tan", "github": "https://github.com/Tannidy"}}, "ConcatSent_EntTypos": {"ori": 93.06, "trans": 89.11, "sample_num": 2671, "ori_download_link": "https://www.textflint.com/static/Tasks/NER/trans_dataset/CoNLL 2003/ori_ConcatSent_EntTypos.json", "trans_download_link": "https://www.textflint.com/static/Tasks/NER/trans_dataset/CoNLL 2003/trans_ConcatSent_EntTypos.json", "contributor": {"name": "Yiding Tan", "github": "https://github.com/Tannidy"}}, "ConcatSent_OOV": {"ori": 92.25, "trans": 84.27, "sample_num": 3683, "ori_download_link": "https://www.textflint.com/static/Tasks/NER/trans_dataset/CoNLL 2003/ori_ConcatSent_OOV.json", "trans_download_link": "https://www.textflint.com/static/Tasks/NER/trans_dataset/CoNLL 2003/trans_ConcatSent_OOV.json", "contributor": {"name": "Yiding Tan", "github": "https://github.com/Tannidy"}}, "ConcatSent_SwapLonger": {"ori": 92.25, "trans": 81.65, "sample_num": 3683, "ori_download_link": "https://www.textflint.com/static/Tasks/NER/trans_dataset/CoNLL 2003/ori_ConcatSent_SwapLonger.json", "trans_download_link": "https://www.textflint.com/static/Tasks/NER/trans_dataset/CoNLL 2003/trans_ConcatSent_SwapLonger.json", "contributor": {"name": "Yiding Tan", "github": "https://github.com/Tannidy"}}, "CrossCategory_EntTypos": {"ori": 93.05, "trans": 74.68, "sample_num": 2666, "ori_download_link": "https://www.textflint.com/static/Tasks/NER/trans_dataset/CoNLL 2003/ori_CrossCategory_EntTypos.json", "trans_download_link": "https://www.textflint.com/static/Tasks/NER/trans_dataset/CoNLL 2003/trans_CrossCategory_EntTypos.json", "contributor": {"name": "Yiding Tan", "github": "https://github.com/Tannidy"}}, "CrossCategory_SwapLonger": {"ori": 92.24, "trans": 66.59, "sample_num": 3684, "ori_download_link": "https://www.textflint.com/static/Tasks/NER/trans_dataset/CoNLL 2003/ori_CrossCategory_SwapLonger.json", "trans_download_link": "https://www.textflint.com/static/Tasks/NER/trans_dataset/CoNLL 2003/trans_CrossCategory_SwapLonger.json", "contributor": {"name": "Yiding Tan", "github": "https://github.com/Tannidy"}}, "OOV_EntTypos": {"ori": 93.08, "trans": 72.76, "sample_num": 2668, "ori_download_link": "https://www.textflint.com/static/Tasks/NER/trans_dataset/CoNLL 2003/ori_OOV_EntTypos.json", "trans_download_link": "https://www.textflint.com/static/Tasks/NER/trans_dataset/CoNLL 2003/trans_OOV_EntTypos.json", "contributor": {"name": "Yiding Tan", "github": "https://github.com/Tannidy"}}, "OOV_SwapLonger": {"ori": 92.24, "trans": 66.4, "sample_num": 3684, "ori_download_link": "https://www.textflint.com/static/Tasks/NER/trans_dataset/CoNLL 2003/ori_OOV_SwapLonger.json", "trans_download_link": "https://www.textflint.com/static/Tasks/NER/trans_dataset/CoNLL 2003/trans_OOV_SwapLonger.json", "contributor": {"name": "Yiding Tan", "github": "https://github.com/Tannidy"}}, "SwapLonger_EntTypos": {"ori": 93.01, "trans": 64.23, "sample_num": 2652, "ori_download_link": "https://www.textflint.com/static/Tasks/NER/trans_dataset/CoNLL 2003/ori_SwapLonger_EntTypos.json", "trans_download_link": "https://www.textflint.com/static/Tasks/NER/trans_dataset/CoNLL 2003/trans_SwapLonger_EntTypos.json", "contributor": {"name": "Yiding Tan", "github": "https://github.com/Tannidy"}}}}, {"model": "BiLSTM-CRF+ELMo", "attack_results": {"ConcatSent_CrossCategory": {"ori": 91.8, "trans": 84.23, "sample_num": 3683, "ori_download_link": "https://www.textflint.com/static/Tasks/NER/trans_dataset/CoNLL 2003/ori_ConcatSent_CrossCategory.json", "trans_download_link": "https://www.textflint.com/static/Tasks/NER/trans_dataset/CoNLL 2003/trans_ConcatSent_CrossCategory.json", "contributor": {"name": "Yiding Tan", "github": "https://github.com/Tannidy"}}, "ConcatSent_EntTypos": {"ori": 92.51, "trans": 88.78, "sample_num": 2671, "ori_download_link": "https://www.textflint.com/static/Tasks/NER/trans_dataset/CoNLL 2003/ori_ConcatSent_EntTypos.json", "trans_download_link": "https://www.textflint.com/static/Tasks/NER/trans_dataset/CoNLL 2003/trans_ConcatSent_EntTypos.json", "contributor": {"name": "Yiding Tan", "github": "https://github.com/Tannidy"}}, "ConcatSent_OOV": {"ori": 91.8, "trans": 82.33, "sample_num": 3683, "ori_download_link": "https://www.textflint.com/static/Tasks/NER/trans_dataset/CoNLL 2003/ori_ConcatSent_OOV.json", "trans_download_link": "https://www.textflint.com/static/Tasks/NER/trans_dataset/CoNLL 2003/trans_ConcatSent_OOV.json", "contributor": {"name": "Yiding Tan", "github": "https://github.com/Tannidy"}}, "ConcatSent_SwapLonger": {"ori": 91.8, "trans": 79.96, "sample_num": 3683, "ori_download_link": "https://www.textflint.com/static/Tasks/NER/trans_dataset/CoNLL 2003/ori_ConcatSent_SwapLonger.json", "trans_download_link": "https://www.textflint.com/static/Tasks/NER/trans_dataset/CoNLL 2003/trans_ConcatSent_SwapLonger.json", "contributor": {"name": "Yiding Tan", "github": "https://github.com/Tannidy"}}, "CrossCategory_EntTypos": {"ori": 92.41, "trans": 74.17, "sample_num": 2666, "ori_download_link": "https://www.textflint.com/static/Tasks/NER/trans_dataset/CoNLL 2003/ori_CrossCategory_EntTypos.json", "trans_download_link": "https://www.textflint.com/static/Tasks/NER/trans_dataset/CoNLL 2003/trans_CrossCategory_EntTypos.json", "contributor": {"name": "Yiding Tan", "github": "https://github.com/Tannidy"}}, "CrossCategory_SwapLonger": {"ori": 91.79, "trans": 62.29, "sample_num": 3684, "ori_download_link": "https://www.textflint.com/static/Tasks/NER/trans_dataset/CoNLL 2003/ori_CrossCategory_SwapLonger.json", "trans_download_link": "https://www.textflint.com/static/Tasks/NER/trans_dataset/CoNLL 2003/trans_CrossCategory_SwapLonger.json", "contributor": {"name": "Yiding Tan", "github": "https://github.com/Tannidy"}}, "OOV_EntTypos": {"ori": 92.51, "trans": 66.53, "sample_num": 2668, "ori_download_link": "https://www.textflint.com/static/Tasks/NER/trans_dataset/CoNLL 2003/ori_OOV_EntTypos.json", "trans_download_link": "https://www.textflint.com/static/Tasks/NER/trans_dataset/CoNLL 2003/trans_OOV_EntTypos.json", "contributor": {"name": "Yiding Tan", "github": "https://github.com/Tannidy"}}, "OOV_SwapLonger": {"ori": 91.79, "trans": 62.93, "sample_num": 3684, "ori_download_link": "https://www.textflint.com/static/Tasks/NER/trans_dataset/CoNLL 2003/ori_OOV_SwapLonger.json", "trans_download_link": "https://www.textflint.com/static/Tasks/NER/trans_dataset/CoNLL 2003/trans_OOV_SwapLonger.json", "contributor": {"name": "Yiding Tan", "github": "https://github.com/Tannidy"}}, "SwapLonger_EntTypos": {"ori": 92.45, "trans": 59.93, "sample_num": 2652, "ori_download_link": "https://www.textflint.com/static/Tasks/NER/trans_dataset/CoNLL 2003/ori_SwapLonger_EntTypos.json", "trans_download_link": "https://www.textflint.com/static/Tasks/NER/trans_dataset/CoNLL 2003/trans_SwapLonger_EntTypos.json", "contributor": {"name": "Yiding Tan", "github": "https://github.com/Tannidy"}}}}, {"model": "Flair embeddings + Pooling", "attack_results": {"ConcatSent_CrossCategory": {"ori": 91.9, "trans": 84.25, "sample_num": 3683, "ori_download_link": "https://www.textflint.com/static/Tasks/NER/trans_dataset/CoNLL 2003/ori_ConcatSent_CrossCategory.json", "trans_download_link": "https://www.textflint.com/static/Tasks/NER/trans_dataset/CoNLL 2003/trans_ConcatSent_CrossCategory.json", "contributor": {"name": "Yiding Tan", "github": "https://github.com/Tannidy"}}, "ConcatSent_EntTypos": {"ori": 92.72, "trans": 88.48, "sample_num": 2671, "ori_download_link": "https://www.textflint.com/static/Tasks/NER/trans_dataset/CoNLL 2003/ori_ConcatSent_EntTypos.json", "trans_download_link": "https://www.textflint.com/static/Tasks/NER/trans_dataset/CoNLL 2003/trans_ConcatSent_EntTypos.json", "contributor": {"name": "Yiding Tan", "github": "https://github.com/Tannidy"}}, "ConcatSent_OOV": {"ori": 91.9, "trans": 83.42, "sample_num": 3683, "ori_download_link": "https://www.textflint.com/static/Tasks/NER/trans_dataset/CoNLL 2003/ori_ConcatSent_OOV.json", "trans_download_link": "https://www.textflint.com/static/Tasks/NER/trans_dataset/CoNLL 2003/trans_ConcatSent_OOV.json", "contributor": {"name": "Yiding Tan", "github": "https://github.com/Tannidy"}}, "ConcatSent_SwapLonger": {"ori": 91.9, "trans": 81.93, "sample_num": 3683, "ori_download_link": "https://www.textflint.com/static/Tasks/NER/trans_dataset/CoNLL 2003/ori_ConcatSent_SwapLonger.json", "trans_download_link": "https://www.textflint.com/static/Tasks/NER/trans_dataset/CoNLL 2003/trans_ConcatSent_SwapLonger.json", "contributor": {"name": "Yiding Tan", "github": "https://github.com/Tannidy"}}, "CrossCategory_EntTypos": {"ori": 92.68, "trans": 75.0, "sample_num": 2666, "ori_download_link": "https://www.textflint.com/static/Tasks/NER/trans_dataset/CoNLL 2003/ori_CrossCategory_EntTypos.json", "trans_download_link": "https://www.textflint.com/static/Tasks/NER/trans_dataset/CoNLL 2003/trans_CrossCategory_EntTypos.json", "contributor": {"name": "Yiding Tan", "github": "https://github.com/Tannidy"}}, "CrossCategory_SwapLonger": {"ori": 91.88, "trans": 67.93, "sample_num": 3684, "ori_download_link": "https://www.textflint.com/static/Tasks/NER/trans_dataset/CoNLL 2003/ori_CrossCategory_SwapLonger.json", "trans_download_link": "https://www.textflint.com/static/Tasks/NER/trans_dataset/CoNLL 2003/trans_CrossCategory_SwapLonger.json", "contributor": {"name": "Yiding Tan", "github": "https://github.com/Tannidy"}}, "OOV_EntTypos": {"ori": 92.7, "trans": 71.17, "sample_num": 2668, "ori_download_link": "https://www.textflint.com/static/Tasks/NER/trans_dataset/CoNLL 2003/ori_OOV_EntTypos.json", "trans_download_link": "https://www.textflint.com/static/Tasks/NER/trans_dataset/CoNLL 2003/trans_OOV_EntTypos.json", "contributor": {"name": "Yiding Tan", "github": "https://github.com/Tannidy"}}, "OOV_SwapLonger": {"ori": 91.88, "trans": 67.29, "sample_num": 3684, "ori_download_link": "https://www.textflint.com/static/Tasks/NER/trans_dataset/CoNLL 2003/ori_OOV_SwapLonger.json", "trans_download_link": "https://www.textflint.com/static/Tasks/NER/trans_dataset/CoNLL 2003/trans_OOV_SwapLonger.json", "contributor": {"name": "Yiding Tan", "github": "https://github.com/Tannidy"}}, "SwapLonger_EntTypos": {"ori": 92.64, "trans": 66.09, "sample_num": 2652, "ori_download_link": "https://www.textflint.com/static/Tasks/NER/trans_dataset/CoNLL 2003/ori_SwapLonger_EntTypos.json", "trans_download_link": "https://www.textflint.com/static/Tasks/NER/trans_dataset/CoNLL 2003/trans_SwapLonger_EntTypos.json", "contributor": {"name": "Yiding Tan", "github": "https://github.com/Tannidy"}}}}]