[{"model": "BiLSTM-CNN-CRF", "attack_results": {"ConcatSent": {"ori": 90.61, "trans": 87.99, "sample_num": 3683, "ori_download_link": "https://www.textflint.com/static/Tasks/NER/trans_dataset/CoNLL 2003/ori_ConcatSent.json", "trans_download_link": "https://www.textflint.com/static/Tasks/NER/trans_dataset/CoNLL 2003/trans_ConcatSent.json", "contributor": {"name": "Yiding Tan", "github": "https://github.com/Tannidy"}}, "CrossCategory": {"ori": 90.59, "trans": 44.18, "sample_num": 3684, "ori_download_link": "https://www.textflint.com/static/Tasks/NER/trans_dataset/CoNLL 2003/ori_CrossCategory.json", "trans_download_link": "https://www.textflint.com/static/Tasks/NER/trans_dataset/CoNLL 2003/trans_CrossCategory.json", "contributor": {"name": "Yiding Tan", "github": "https://github.com/Tannidy"}}, "EntTypos": {"ori": 91.25, "trans": 79.1, "sample_num": 2676, "ori_download_link": "https://www.textflint.com/static/Tasks/NER/trans_dataset/CoNLL 2003/ori_EntTypos.json", "trans_download_link": "https://www.textflint.com/static/Tasks/NER/trans_dataset/CoNLL 2003/trans_EntTypos.json", "contributor": {"name": "Yiding Tan", "github": "https://github.com/Tannidy"}}, "OOV": {"ori": 90.59, "trans": 58.99, "sample_num": 3684, "ori_download_link": "https://www.textflint.com/static/Tasks/NER/trans_dataset/CoNLL 2003/ori_OOV.json", "trans_download_link": "https://www.textflint.com/static/Tasks/NER/trans_dataset/CoNLL 2003/trans_OOV.json", "contributor": {"name": "Yiding Tan", "github": "https://github.com/Tannidy"}}, "SwapLonger": {"ori": 90.59, "trans": 61.15, "sample_num": 3684, "ori_download_link": "https://www.textflint.com/static/Tasks/NER/trans_dataset/CoNLL 2003/ori_SwapLonger.json", "trans_download_link": "https://www.textflint.com/static/Tasks/NER/trans_dataset/CoNLL 2003/trans_SwapLonger.json", "contributor": {"name": "Yiding Tan", "github": "https://github.com/Tannidy"}}}}, {"model": "BiLSTM-CRF", "attack_results": {"ConcatSent": {"ori": 88.49, "trans": 86.88, "sample_num": 3683, "ori_download_link": "https://www.textflint.com/static/Tasks/NER/trans_dataset/CoNLL 2003/ori_ConcatSent.json", "trans_download_link": "https://www.textflint.com/static/Tasks/NER/trans_dataset/CoNLL 2003/trans_ConcatSent.json", "contributor": {"name": "Yiding Tan", "github": "https://github.com/Tannidy"}}, "CrossCategory": {"ori": 88.48, "trans": 41.33, "sample_num": 3684, "ori_download_link": "https://www.textflint.com/static/Tasks/NER/trans_dataset/CoNLL 2003/ori_CrossCategory.json", "trans_download_link": "https://www.textflint.com/static/Tasks/NER/trans_dataset/CoNLL 2003/trans_CrossCategory.json", "contributor": {"name": "Yiding Tan", "github": "https://github.com/Tannidy"}}, "EntTypos": {"ori": 89.31, "trans": 74.32, "sample_num": 2676, "ori_download_link": "https://www.textflint.com/static/Tasks/NER/trans_dataset/CoNLL 2003/ori_EntTypos.json", "trans_download_link": "https://www.textflint.com/static/Tasks/NER/trans_dataset/CoNLL 2003/trans_EntTypos.json", "contributor": {"name": "Yiding Tan", "github": "https://github.com/Tannidy"}}, "OOV": {"ori": 88.48, "trans": 43.55, "sample_num": 3684, "ori_download_link": "https://www.textflint.com/static/Tasks/NER/trans_dataset/CoNLL 2003/ori_OOV.json", "trans_download_link": "https://www.textflint.com/static/Tasks/NER/trans_dataset/CoNLL 2003/trans_OOV.json", "contributor": {"name": "Yiding Tan", "github": "https://github.com/Tannidy"}}, "SwapLonger": {"ori": 88.48, "trans": 54.5, "sample_num": 3684, "ori_download_link": "https://www.textflint.com/static/Tasks/NER/trans_dataset/CoNLL 2003/ori_SwapLonger.json", "trans_download_link": "https://www.textflint.com/static/Tasks/NER/trans_dataset/CoNLL 2003/trans_SwapLonger.json", "contributor": {"name": "Yiding Tan", "github": "https://github.com/Tannidy"}}}}, {"model": "LM-LSTM-CRF", "attack_results": {"ConcatSent": {"ori": 90.89, "trans": 88.21, "sample_num": 3683, "ori_download_link": "https://www.textflint.com/static/Tasks/NER/trans_dataset/CoNLL 2003/ori_ConcatSent.json", "trans_download_link": "https://www.textflint.com/static/Tasks/NER/trans_dataset/CoNLL 2003/trans_ConcatSent.json", "contributor": {"name": "Yiding Tan", "github": "https://github.com/Tannidy"}}, "CrossCategory": {"ori": 90.88, "trans": 44.28, "sample_num": 3684, "ori_download_link": "https://www.textflint.com/static/Tasks/NER/trans_dataset/CoNLL 2003/ori_CrossCategory.json", "trans_download_link": "https://www.textflint.com/static/Tasks/NER/trans_dataset/CoNLL 2003/trans_CrossCategory.json", "contributor": {"name": "Yiding Tan", "github": "https://github.com/Tannidy"}}, "EntTypos": {"ori": 91.54, "trans": 82.9, "sample_num": 2676, "ori_download_link": "https://www.textflint.com/static/Tasks/NER/trans_dataset/CoNLL 2003/ori_EntTypos.json", "trans_download_link": "https://www.textflint.com/static/Tasks/NER/trans_dataset/CoNLL 2003/trans_EntTypos.json", "contributor": {"name": "Yiding Tan", "github": "https://github.com/Tannidy"}}, "OOV": {"ori": 90.88, "trans": 70.4, "sample_num": 3684, "ori_download_link": "https://www.textflint.com/static/Tasks/NER/trans_dataset/CoNLL 2003/ori_OOV.json", "trans_download_link": "https://www.textflint.com/static/Tasks/NER/trans_dataset/CoNLL 2003/trans_OOV.json", "contributor": {"name": "Yiding Tan", "github": "https://github.com/Tannidy"}}, "SwapLonger": {"ori": 90.88, "trans": 65.43, "sample_num": 3684, "ori_download_link": "https://www.textflint.com/static/Tasks/NER/trans_dataset/CoNLL 2003/ori_SwapLonger.json", "trans_download_link": "https://www.textflint.com/static/Tasks/NER/trans_dataset/CoNLL 2003/trans_SwapLonger.json", "contributor": {"name": "Yiding Tan", "github": "https://github.com/Tannidy"}}}}, {"model": "BiLSTM-CRF+ELMo", "attack_results": {"ConcatSent": {"ori": 91.8, "trans": 90.67, "sample_num": 3683, "ori_download_link": "https://www.textflint.com/static/Tasks/NER/trans_dataset/CoNLL 2003/ori_ConcatSent.json", "trans_download_link": "https://www.textflint.com/static/Tasks/NER/trans_dataset/CoNLL 2003/trans_ConcatSent.json", "contributor": {"name": "Yiding Tan", "github": "https://github.com/Tannidy"}}, "CrossCategory": {"ori": 91.79, "trans": 44.13, "sample_num": 3684, "ori_download_link": "https://www.textflint.com/static/Tasks/NER/trans_dataset/CoNLL 2003/ori_CrossCategory.json", "trans_download_link": "https://www.textflint.com/static/Tasks/NER/trans_dataset/CoNLL 2003/trans_CrossCategory.json", "contributor": {"name": "Yiding Tan", "github": "https://github.com/Tannidy"}}, "EntTypos": {"ori": 92.48, "trans": 86.19, "sample_num": 2676, "ori_download_link": "https://www.textflint.com/static/Tasks/NER/trans_dataset/CoNLL 2003/ori_EntTypos.json", "trans_download_link": "https://www.textflint.com/static/Tasks/NER/trans_dataset/CoNLL 2003/trans_EntTypos.json", "contributor": {"name": "Yiding Tan", "github": "https://github.com/Tannidy"}}, "OOV": {"ori": 91.79, "trans": 68.1, "sample_num": 3684, "ori_download_link": "https://www.textflint.com/static/Tasks/NER/trans_dataset/CoNLL 2003/ori_OOV.json", "trans_download_link": "https://www.textflint.com/static/Tasks/NER/trans_dataset/CoNLL 2003/trans_OOV.json", "contributor": {"name": "Yiding Tan", "github": "https://github.com/Tannidy"}}, "SwapLonger": {"ori": 91.79, "trans": 61.82, "sample_num": 3684, "ori_download_link": "https://www.textflint.com/static/Tasks/NER/trans_dataset/CoNLL 2003/ori_SwapLonger.json", "trans_download_link": "https://www.textflint.com/static/Tasks/NER/trans_dataset/CoNLL 2003/trans_SwapLonger.json", "contributor": {"name": "Yiding Tan", "github": "https://github.com/Tannidy"}}}}, {"model": "flair embeddings", "attack_results": {"ConcatSent": {"ori": 92.25, "trans": 90.73, "sample_num": 3683, "ori_download_link": "https://www.textflint.com/static/Tasks/NER/trans_dataset/CoNLL 2003/ori_ConcatSent.json", "trans_download_link": "https://www.textflint.com/static/Tasks/NER/trans_dataset/CoNLL 2003/trans_ConcatSent.json", "contributor": {"name": "Yiding Tan", "github": "https://github.com/Tannidy"}}, "CrossCategory": {"ori": 92.24, "trans": 45.3, "sample_num": 3684, "ori_download_link": "https://www.textflint.com/static/Tasks/NER/trans_dataset/CoNLL 2003/ori_CrossCategory.json", "trans_download_link": "https://www.textflint.com/static/Tasks/NER/trans_dataset/CoNLL 2003/trans_CrossCategory.json", "contributor": {"name": "Yiding Tan", "github": "https://github.com/Tannidy"}}, "EntTypos": {"ori": 93.05, "trans": 86.78, "sample_num": 2676, "ori_download_link": "https://www.textflint.com/static/Tasks/NER/trans_dataset/CoNLL 2003/ori_EntTypos.json", "trans_download_link": "https://www.textflint.com/static/Tasks/NER/trans_dataset/CoNLL 2003/trans_EntTypos.json", "contributor": {"name": "Yiding Tan", "github": "https://github.com/Tannidy"}}, "OOV": {"ori": 92.24, "trans": 73.45, "sample_num": 3684, "ori_download_link": "https://www.textflint.com/static/Tasks/NER/trans_dataset/CoNLL 2003/ori_OOV.json", "trans_download_link": "https://www.textflint.com/static/Tasks/NER/trans_dataset/CoNLL 2003/trans_OOV.json", "contributor": {"name": "Yiding Tan", "github": "https://github.com/Tannidy"}}, "SwapLonger": {"ori": 92.24, "trans": 66.13, "sample_num": 3684, "ori_download_link": "https://www.textflint.com/static/Tasks/NER/trans_dataset/CoNLL 2003/ori_SwapLonger.json", "trans_download_link": "https://www.textflint.com/static/Tasks/NER/trans_dataset/CoNLL 2003/trans_SwapLonger.json", "contributor": {"name": "Yiding Tan", "github": "https://github.com/Tannidy"}}}}, {"model": "Flair embeddings + Pooling", "attack_results": {"ConcatSent": {"ori": 91.9, "trans": 90.45, "sample_num": 3683, "ori_download_link": "https://www.textflint.com/static/Tasks/NER/trans_dataset/CoNLL 2003/ori_ConcatSent.json", "trans_download_link": "https://www.textflint.com/static/Tasks/NER/trans_dataset/CoNLL 2003/trans_ConcatSent.json", "contributor": {"name": "Yiding Tan", "github": "https://github.com/Tannidy"}}, "CrossCategory": {"ori": 91.88, "trans": 43.64, "sample_num": 3684, "ori_download_link": "https://www.textflint.com/static/Tasks/NER/trans_dataset/CoNLL 2003/ori_CrossCategory.json", "trans_download_link": "https://www.textflint.com/static/Tasks/NER/trans_dataset/CoNLL 2003/trans_CrossCategory.json", "contributor": {"name": "Yiding Tan", "github": "https://github.com/Tannidy"}}, "EntTypos": {"ori": 92.72, "trans": 86.38, "sample_num": 2676, "ori_download_link": "https://www.textflint.com/static/Tasks/NER/trans_dataset/CoNLL 2003/ori_EntTypos.json", "trans_download_link": "https://www.textflint.com/static/Tasks/NER/trans_dataset/CoNLL 2003/trans_EntTypos.json", "contributor": {"name": "Yiding Tan", "github": "https://github.com/Tannidy"}}, "OOV": {"ori": 91.88, "trans": 71.7, "sample_num": 3684, "ori_download_link": "https://www.textflint.com/static/Tasks/NER/trans_dataset/CoNLL 2003/ori_OOV.json", "trans_download_link": "https://www.textflint.com/static/Tasks/NER/trans_dataset/CoNLL 2003/trans_OOV.json", "contributor": {"name": "Yiding Tan", "github": "https://github.com/Tannidy"}}, "SwapLonger": {"ori": 91.88, "trans": 67.92, "sample_num": 3684, "ori_download_link": "https://www.textflint.com/static/Tasks/NER/trans_dataset/CoNLL 2003/ori_SwapLonger.json", "trans_download_link": "https://www.textflint.com/static/Tasks/NER/trans_dataset/CoNLL 2003/trans_SwapLonger.json", "contributor": {"name": "Yiding Tan", "github": "https://github.com/Tannidy"}}}}, {"model": "TENER", "attack_results": {"ConcatSent": {"ori": 91.36, "trans": 90.27, "sample_num": 3683, "ori_download_link": "https://www.textflint.com/static/Tasks/NER/trans_dataset/CoNLL 2003/ori_ConcatSent.json", "trans_download_link": "https://www.textflint.com/static/Tasks/NER/trans_dataset/CoNLL 2003/trans_ConcatSent.json", "contributor": {"name": "Yiding Tan", "github": "https://github.com/Tannidy"}}, "CrossCategory": {"ori": 91.35, "trans": 45.43, "sample_num": 3684, "ori_download_link": "https://www.textflint.com/static/Tasks/NER/trans_dataset/CoNLL 2003/ori_CrossCategory.json", "trans_download_link": "https://www.textflint.com/static/Tasks/NER/trans_dataset/CoNLL 2003/trans_CrossCategory.json", "contributor": {"name": "Yiding Tan", "github": "https://github.com/Tannidy"}}, "EntTypos": {"ori": 92.01, "trans": 82.26, "sample_num": 2676, "ori_download_link": "https://www.textflint.com/static/Tasks/NER/trans_dataset/CoNLL 2003/ori_EntTypos.json", "trans_download_link": "https://www.textflint.com/static/Tasks/NER/trans_dataset/CoNLL 2003/trans_EntTypos.json", "contributor": {"name": "Yiding Tan", "github": "https://github.com/Tannidy"}}, "OOV": {"ori": 91.35, "trans": 55.67, "sample_num": 3684, "ori_download_link": "https://www.textflint.com/static/Tasks/NER/trans_dataset/CoNLL 2003/ori_OOV.json", "trans_download_link": "https://www.textflint.com/static/Tasks/NER/trans_dataset/CoNLL 2003/trans_OOV.json", "contributor": {"name": "Yiding Tan", "github": "https://github.com/Tannidy"}}, "SwapLonger": {"ori": 91.35, "trans": 51.1, "sample_num": 3684, "ori_download_link": "https://www.textflint.com/static/Tasks/NER/trans_dataset/CoNLL 2003/ori_SwapLonger.json", "trans_download_link": "https://www.textflint.com/static/Tasks/NER/trans_dataset/CoNLL 2003/trans_SwapLonger.json", "contributor": {"name": "Yiding Tan", "github": "https://github.com/Tannidy"}}}}, {"model": "GRN", "attack_results": {"ConcatSent": {"ori": 91.57, "trans": 89.3, "sample_num": 3683, "ori_download_link": "https://www.textflint.com/static/Tasks/NER/trans_dataset/CoNLL 2003/ori_ConcatSent.json", "trans_download_link": "https://www.textflint.com/static/Tasks/NER/trans_dataset/CoNLL 2003/trans_ConcatSent.json", "contributor": {"name": "Yiding Tan", "github": "https://github.com/Tannidy"}}, "CrossCategory": {"ori": 91.56, "trans": 42.9, "sample_num": 3684, "ori_download_link": "https://www.textflint.com/static/Tasks/NER/trans_dataset/CoNLL 2003/ori_CrossCategory.json", "trans_download_link": "https://www.textflint.com/static/Tasks/NER/trans_dataset/CoNLL 2003/trans_CrossCategory.json", "contributor": {"name": "Yiding Tan", "github": "https://github.com/Tannidy"}}, "EntTypos": {"ori": 92.29, "trans": 82.72, "sample_num": 2676, "ori_download_link": "https://www.textflint.com/static/Tasks/NER/trans_dataset/CoNLL 2003/ori_EntTypos.json", "trans_download_link": "https://www.textflint.com/static/Tasks/NER/trans_dataset/CoNLL 2003/trans_EntTypos.json", "contributor": {"name": "Yiding Tan", "github": "https://github.com/Tannidy"}}, "OOV": {"ori": 91.56, "trans": 68.2, "sample_num": 3684, "ori_download_link": "https://www.textflint.com/static/Tasks/NER/trans_dataset/CoNLL 2003/ori_OOV.json", "trans_download_link": "https://www.textflint.com/static/Tasks/NER/trans_dataset/CoNLL 2003/trans_OOV.json", "contributor": {"name": "Yiding Tan", "github": "https://github.com/Tannidy"}}, "SwapLonger": {"ori": 91.56, "trans": 65.38, "sample_num": 3684, "ori_download_link": "https://www.textflint.com/static/Tasks/NER/trans_dataset/CoNLL 2003/ori_SwapLonger.json", "trans_download_link": "https://www.textflint.com/static/Tasks/NER/trans_dataset/CoNLL 2003/trans_SwapLonger.json", "contributor": {"name": "Yiding Tan", "github": "https://github.com/Tannidy"}}}}, {"model": "BERT-base(cased)", "attack_results": {"ConcatSent": {"ori": 91.43, "trans": 89.91, "sample_num": 3683, "ori_download_link": "https://www.textflint.com/static/Tasks/NER/trans_dataset/CoNLL 2003/ori_ConcatSent.json", "trans_download_link": "https://www.textflint.com/static/Tasks/NER/trans_dataset/CoNLL 2003/trans_ConcatSent.json", "contributor": {"name": "Yiding Tan", "github": "https://github.com/Tannidy"}}, "CrossCategory": {"ori": 91.42, "trans": 44.42, "sample_num": 3684, "ori_download_link": "https://www.textflint.com/static/Tasks/NER/trans_dataset/CoNLL 2003/ori_CrossCategory.json", "trans_download_link": "https://www.textflint.com/static/Tasks/NER/trans_dataset/CoNLL 2003/trans_CrossCategory.json", "contributor": {"name": "Yiding Tan", "github": "https://github.com/Tannidy"}}, "EntTypos": {"ori": 92.2, "trans": 85.02, "sample_num": 2676, "ori_download_link": "https://www.textflint.com/static/Tasks/NER/trans_dataset/CoNLL 2003/ori_EntTypos.json", "trans_download_link": "https://www.textflint.com/static/Tasks/NER/trans_dataset/CoNLL 2003/trans_EntTypos.json", "contributor": {"name": "Yiding Tan", "github": "https://github.com/Tannidy"}}, "OOV": {"ori": 91.42, "trans": 68.71, "sample_num": 3684, "ori_download_link": "https://www.textflint.com/static/Tasks/NER/trans_dataset/CoNLL 2003/ori_OOV.json", "trans_download_link": "https://www.textflint.com/static/Tasks/NER/trans_dataset/CoNLL 2003/trans_OOV.json", "contributor": {"name": "Yiding Tan", "github": "https://github.com/Tannidy"}}, "SwapLonger": {"ori": 91.42, "trans": 79.28, "sample_num": 3684, "ori_download_link": "https://www.textflint.com/static/Tasks/NER/trans_dataset/CoNLL 2003/ori_SwapLonger.json", "trans_download_link": "https://www.textflint.com/static/Tasks/NER/trans_dataset/CoNLL 2003/trans_SwapLonger.json", "contributor": {"name": "Yiding Tan", "github": "https://github.com/Tannidy"}}}}, {"model": "BERT-base(uncased)", "attack_results": {"ConcatSent": {"ori": 90.41, "trans": 90.05, "sample_num": 3683, "ori_download_link": "https://www.textflint.com/static/Tasks/NER/trans_dataset/CoNLL 2003/ori_ConcatSent.json", "trans_download_link": "https://www.textflint.com/static/Tasks/NER/trans_dataset/CoNLL 2003/trans_ConcatSent.json", "contributor": {"name": "Yiding Tan", "github": "https://github.com/Tannidy"}}, "CrossCategory": {"ori": 90.4, "trans": 47.19, "sample_num": 3684, "ori_download_link": "https://www.textflint.com/static/Tasks/NER/trans_dataset/CoNLL 2003/ori_CrossCategory.json", "trans_download_link": "https://www.textflint.com/static/Tasks/NER/trans_dataset/CoNLL 2003/trans_CrossCategory.json", "contributor": {"name": "Yiding Tan", "github": "https://github.com/Tannidy"}}, "EntTypos": {"ori": 91.25, "trans": 81.25, "sample_num": 2676, "ori_download_link": "https://www.textflint.com/static/Tasks/NER/trans_dataset/CoNLL 2003/ori_EntTypos.json", "trans_download_link": "https://www.textflint.com/static/Tasks/NER/trans_dataset/CoNLL 2003/trans_EntTypos.json", "contributor": {"name": "Yiding Tan", "github": "https://github.com/Tannidy"}}, "OOV": {"ori": 90.4, "trans": 64.46, "sample_num": 3684, "ori_download_link": "https://www.textflint.com/static/Tasks/NER/trans_dataset/CoNLL 2003/ori_OOV.json", "trans_download_link": "https://www.textflint.com/static/Tasks/NER/trans_dataset/CoNLL 2003/trans_OOV.json", "contributor": {"name": "Yiding Tan", "github": "https://github.com/Tannidy"}}, "SwapLonger": {"ori": 90.4, "trans": 78.26, "sample_num": 3684, "ori_download_link": "https://www.textflint.com/static/Tasks/NER/trans_dataset/CoNLL 2003/ori_SwapLonger.json", "trans_download_link": "https://www.textflint.com/static/Tasks/NER/trans_dataset/CoNLL 2003/trans_SwapLonger.json", "contributor": {"name": "Yiding Tan", "github": "https://github.com/Tannidy"}}}}]