[{"model": "BiLSTM-CNN-CRF", "attack_results": {"LMSubpopulation_0%-20%": {"trans": 93.39, "sample_num": 689, "ori_download_link": "https://www.textflint.com/static/Tasks/NER/trans_dataset/CoNLL 2003/ori_LMSubpopulation_0%-20%.json", "trans_download_link": "https://www.textflint.com/static/Tasks/NER/trans_dataset/CoNLL 2003/trans_LMSubpopulation_0%-20%.json", "contributor": {"name": "Yiding Tan", "github": "https://github.com/Tannidy"}}, "LMSubPopulation_80%-100%": {"trans": 93.1, "sample_num": 689, "ori_download_link": "https://www.textflint.com/static/Tasks/NER/trans_dataset/CoNLL 2003/ori_LMSubPopulation_80%-100%.json", "trans_download_link": "https://www.textflint.com/static/Tasks/NER/trans_dataset/CoNLL 2003/trans_LMSubPopulation_80%-100%.json", "contributor": {"name": "Yiding Tan", "github": "https://github.com/Tannidy"}}, "PhraseSubPopulation-negation": {"trans": 88.22, "sample_num": 648, "ori_download_link": "https://www.textflint.com/static/Tasks/NER/trans_dataset/CoNLL 2003/ori_PhraseSubPopulation-negation.json", "trans_download_link": "https://www.textflint.com/static/Tasks/NER/trans_dataset/CoNLL 2003/trans_PhraseSubPopulation-negation.json", "contributor": {"name": "Yiding Tan", "github": "https://github.com/Tannidy"}}, "PhraseSubPopulation-question": {"trans": 89.2, "sample_num": 672, "ori_download_link": "https://www.textflint.com/static/Tasks/NER/trans_dataset/CoNLL 2003/ori_PhraseSubPopulation-question.json", "trans_download_link": "https://www.textflint.com/static/Tasks/NER/trans_dataset/CoNLL 2003/trans_PhraseSubPopulation-question.json", "contributor": {"name": "Yiding Tan", "github": "https://github.com/Tannidy"}}, "LengthSubPopulation_0%-20%": {"trans": 87.88, "sample_num": 2756, "ori_download_link": "https://www.textflint.com/static/Tasks/NER/trans_dataset/CoNLL 2003/ori_LengthSubPopulation_0%-20%.json", "trans_download_link": "https://www.textflint.com/static/Tasks/NER/trans_dataset/CoNLL 2003/trans_LengthSubPopulation_0%-20%.json", "contributor": {"name": "Yiding Tan", "github": "https://github.com/Tannidy"}}, "LengthSubPopulation_80%-100%": {"trans": 89.79, "sample_num": 3450, "ori_download_link": "https://www.textflint.com/static/Tasks/NER/trans_dataset/CoNLL 2003/ori_LengthSubPopulation_80%-100%.json", "trans_download_link": "https://www.textflint.com/static/Tasks/NER/trans_dataset/CoNLL 2003/trans_LengthSubPopulation_80%-100%.json", "contributor": {"name": "Yiding Tan", "github": "https://github.com/Tannidy"}}, "PrejudiceSubPopulation-man": {"trans": 91.69, "sample_num": 580, "ori_download_link": "https://www.textflint.com/static/Tasks/NER/trans_dataset/CoNLL 2003/ori_PrejudiceSubPopulation-man.json", "trans_download_link": "https://www.textflint.com/static/Tasks/NER/trans_dataset/CoNLL 2003/trans_PrejudiceSubPopulation-man.json", "contributor": {"name": "Yiding Tan", "github": "https://github.com/Tannidy"}}, "PrejudiceSubPopulation-woman": {"trans": 86.23, "sample_num": 330, "ori_download_link": "https://www.textflint.com/static/Tasks/NER/trans_dataset/CoNLL 2003/ori_PrejudiceSubPopulation-woman.json", "trans_download_link": "https://www.textflint.com/static/Tasks/NER/trans_dataset/CoNLL 2003/trans_PrejudiceSubPopulation-woman.json", "contributor": {"name": "Yiding Tan", "github": "https://github.com/Tannidy"}}}}, {"model": "BiLSTM-CRF", "attack_results": {"LMSubpopulation_0%-20%": {"trans": 92.29, "sample_num": 689, "ori_download_link": "https://www.textflint.com/static/Tasks/NER/trans_dataset/CoNLL 2003/ori_LMSubpopulation_0%-20%.json", "trans_download_link": "https://www.textflint.com/static/Tasks/NER/trans_dataset/CoNLL 2003/trans_LMSubpopulation_0%-20%.json", "contributor": {"name": "Yiding Tan", "github": "https://github.com/Tannidy"}}, "LMSubPopulation_80%-100%": {"trans": 90.86, "sample_num": 689, "ori_download_link": "https://www.textflint.com/static/Tasks/NER/trans_dataset/CoNLL 2003/ori_LMSubPopulation_80%-100%.json", "trans_download_link": "https://www.textflint.com/static/Tasks/NER/trans_dataset/CoNLL 2003/trans_LMSubPopulation_80%-100%.json", "contributor": {"name": "Yiding Tan", "github": "https://github.com/Tannidy"}}, "PhraseSubPopulation-negation": {"trans": 86.67, "sample_num": 648, "ori_download_link": "https://www.textflint.com/static/Tasks/NER/trans_dataset/CoNLL 2003/ori_PhraseSubPopulation-negation.json", "trans_download_link": "https://www.textflint.com/static/Tasks/NER/trans_dataset/CoNLL 2003/trans_PhraseSubPopulation-negation.json", "contributor": {"name": "Yiding Tan", "github": "https://github.com/Tannidy"}}, "PhraseSubPopulation-question": {"trans": 85.83, "sample_num": 672, "ori_download_link": "https://www.textflint.com/static/Tasks/NER/trans_dataset/CoNLL 2003/ori_PhraseSubPopulation-question.json", "trans_download_link": "https://www.textflint.com/static/Tasks/NER/trans_dataset/CoNLL 2003/trans_PhraseSubPopulation-question.json", "contributor": {"name": "Yiding Tan", "github": "https://github.com/Tannidy"}}, "LengthSubPopulation_0%-20%": {"trans": 86.4, "sample_num": 2756, "ori_download_link": "https://www.textflint.com/static/Tasks/NER/trans_dataset/CoNLL 2003/ori_LengthSubPopulation_0%-20%.json", "trans_download_link": "https://www.textflint.com/static/Tasks/NER/trans_dataset/CoNLL 2003/trans_LengthSubPopulation_0%-20%.json", "contributor": {"name": "Yiding Tan", "github": "https://github.com/Tannidy"}}, "LengthSubPopulation_80%-100%": {"trans": 86.7, "sample_num": 3450, "ori_download_link": "https://www.textflint.com/static/Tasks/NER/trans_dataset/CoNLL 2003/ori_LengthSubPopulation_80%-100%.json", "trans_download_link": "https://www.textflint.com/static/Tasks/NER/trans_dataset/CoNLL 2003/trans_LengthSubPopulation_80%-100%.json", "contributor": {"name": "Yiding Tan", "github": "https://github.com/Tannidy"}}, "PrejudiceSubPopulation-man": {"trans": 88.44, "sample_num": 580, "ori_download_link": "https://www.textflint.com/static/Tasks/NER/trans_dataset/CoNLL 2003/ori_PrejudiceSubPopulation-man.json", "trans_download_link": "https://www.textflint.com/static/Tasks/NER/trans_dataset/CoNLL 2003/trans_PrejudiceSubPopulation-man.json", "contributor": {"name": "Yiding Tan", "github": "https://github.com/Tannidy"}}, "PrejudiceSubPopulation-woman": {"trans": 85.04, "sample_num": 330, "ori_download_link": "https://www.textflint.com/static/Tasks/NER/trans_dataset/CoNLL 2003/ori_PrejudiceSubPopulation-woman.json", "trans_download_link": "https://www.textflint.com/static/Tasks/NER/trans_dataset/CoNLL 2003/trans_PrejudiceSubPopulation-woman.json", "contributor": {"name": "Yiding Tan", "github": "https://github.com/Tannidy"}}}}, {"model": "LM-LSTM-CRF", "attack_results": {"LMSubpopulation_0%-20%": {"trans": 93.97, "sample_num": 689, "ori_download_link": "https://www.textflint.com/static/Tasks/NER/trans_dataset/CoNLL 2003/ori_LMSubpopulation_0%-20%.json", "trans_download_link": "https://www.textflint.com/static/Tasks/NER/trans_dataset/CoNLL 2003/trans_LMSubpopulation_0%-20%.json", "contributor": {"name": "Yiding Tan", "github": "https://github.com/Tannidy"}}, "LMSubPopulation_80%-100%": {"trans": 92.86, "sample_num": 689, "ori_download_link": "https://www.textflint.com/static/Tasks/NER/trans_dataset/CoNLL 2003/ori_LMSubPopulation_80%-100%.json", "trans_download_link": "https://www.textflint.com/static/Tasks/NER/trans_dataset/CoNLL 2003/trans_LMSubPopulation_80%-100%.json", "contributor": {"name": "Yiding Tan", "github": "https://github.com/Tannidy"}}, "PhraseSubPopulation-negation": {"trans": 88.18, "sample_num": 648, "ori_download_link": "https://www.textflint.com/static/Tasks/NER/trans_dataset/CoNLL 2003/ori_PhraseSubPopulation-negation.json", "trans_download_link": "https://www.textflint.com/static/Tasks/NER/trans_dataset/CoNLL 2003/trans_PhraseSubPopulation-negation.json", "contributor": {"name": "Yiding Tan", "github": "https://github.com/Tannidy"}}, "PhraseSubPopulation-question": {"trans": 89.47, "sample_num": 672, "ori_download_link": "https://www.textflint.com/static/Tasks/NER/trans_dataset/CoNLL 2003/ori_PhraseSubPopulation-question.json", "trans_download_link": "https://www.textflint.com/static/Tasks/NER/trans_dataset/CoNLL 2003/trans_PhraseSubPopulation-question.json", "contributor": {"name": "Yiding Tan", "github": "https://github.com/Tannidy"}}, "LengthSubPopulation_0%-20%": {"trans": 86.85, "sample_num": 2756, "ori_download_link": "https://www.textflint.com/static/Tasks/NER/trans_dataset/CoNLL 2003/ori_LengthSubPopulation_0%-20%.json", "trans_download_link": "https://www.textflint.com/static/Tasks/NER/trans_dataset/CoNLL 2003/trans_LengthSubPopulation_0%-20%.json", "contributor": {"name": "Yiding Tan", "github": "https://github.com/Tannidy"}}, "LengthSubPopulation_80%-100%": {"trans": 89.59, "sample_num": 3450, "ori_download_link": "https://www.textflint.com/static/Tasks/NER/trans_dataset/CoNLL 2003/ori_LengthSubPopulation_80%-100%.json", "trans_download_link": "https://www.textflint.com/static/Tasks/NER/trans_dataset/CoNLL 2003/trans_LengthSubPopulation_80%-100%.json", "contributor": {"name": "Yiding Tan", "github": "https://github.com/Tannidy"}}, "PrejudiceSubPopulation-man": {"trans": 91.89, "sample_num": 580, "ori_download_link": "https://www.textflint.com/static/Tasks/NER/trans_dataset/CoNLL 2003/ori_PrejudiceSubPopulation-man.json", "trans_download_link": "https://www.textflint.com/static/Tasks/NER/trans_dataset/CoNLL 2003/trans_PrejudiceSubPopulation-man.json", "contributor": {"name": "Yiding Tan", "github": "https://github.com/Tannidy"}}, "PrejudiceSubPopulation-woman": {"trans": 87.18, "sample_num": 330, "ori_download_link": "https://www.textflint.com/static/Tasks/NER/trans_dataset/CoNLL 2003/ori_PrejudiceSubPopulation-woman.json", "trans_download_link": "https://www.textflint.com/static/Tasks/NER/trans_dataset/CoNLL 2003/trans_PrejudiceSubPopulation-woman.json", "contributor": {"name": "Yiding Tan", "github": "https://github.com/Tannidy"}}}}, {"model": "BERT-base(cased)", "attack_results": {"LMSubpopulation_0%-20%": {"trans": 93.3, "sample_num": 689, "ori_download_link": "https://www.textflint.com/static/Tasks/NER/trans_dataset/CoNLL 2003/ori_LMSubpopulation_0%-20%.json", "trans_download_link": "https://www.textflint.com/static/Tasks/NER/trans_dataset/CoNLL 2003/trans_LMSubpopulation_0%-20%.json", "contributor": {"name": "Yiding Tan", "github": "https://github.com/Tannidy"}}, "LMSubPopulation_80%-100%": {"trans": 92.52, "sample_num": 689, "ori_download_link": "https://www.textflint.com/static/Tasks/NER/trans_dataset/CoNLL 2003/ori_LMSubPopulation_80%-100%.json", "trans_download_link": "https://www.textflint.com/static/Tasks/NER/trans_dataset/CoNLL 2003/trans_LMSubPopulation_80%-100%.json", "contributor": {"name": "Yiding Tan", "github": "https://github.com/Tannidy"}}, "PhraseSubPopulation-negation": {"trans": 91.08, "sample_num": 648, "ori_download_link": "https://www.textflint.com/static/Tasks/NER/trans_dataset/CoNLL 2003/ori_PhraseSubPopulation-negation.json", "trans_download_link": "https://www.textflint.com/static/Tasks/NER/trans_dataset/CoNLL 2003/trans_PhraseSubPopulation-negation.json", "contributor": {"name": "Yiding Tan", "github": "https://github.com/Tannidy"}}, "PhraseSubPopulation-question": {"trans": 92.27, "sample_num": 672, "ori_download_link": "https://www.textflint.com/static/Tasks/NER/trans_dataset/CoNLL 2003/ori_PhraseSubPopulation-question.json", "trans_download_link": "https://www.textflint.com/static/Tasks/NER/trans_dataset/CoNLL 2003/trans_PhraseSubPopulation-question.json", "contributor": {"name": "Yiding Tan", "github": "https://github.com/Tannidy"}}, "LengthSubPopulation_0%-20%": {"trans": 89.84, "sample_num": 2756, "ori_download_link": "https://www.textflint.com/static/Tasks/NER/trans_dataset/CoNLL 2003/ori_LengthSubPopulation_0%-20%.json", "trans_download_link": "https://www.textflint.com/static/Tasks/NER/trans_dataset/CoNLL 2003/trans_LengthSubPopulation_0%-20%.json", "contributor": {"name": "Yiding Tan", "github": "https://github.com/Tannidy"}}, "LengthSubPopulation_80%-100%": {"trans": 91.54, "sample_num": 3450, "ori_download_link": "https://www.textflint.com/static/Tasks/NER/trans_dataset/CoNLL 2003/ori_LengthSubPopulation_80%-100%.json", "trans_download_link": "https://www.textflint.com/static/Tasks/NER/trans_dataset/CoNLL 2003/trans_LengthSubPopulation_80%-100%.json", "contributor": {"name": "Yiding Tan", "github": "https://github.com/Tannidy"}}, "PrejudiceSubPopulation-man": {"trans": 93.15, "sample_num": 580, "ori_download_link": "https://www.textflint.com/static/Tasks/NER/trans_dataset/CoNLL 2003/ori_PrejudiceSubPopulation-man.json", "trans_download_link": "https://www.textflint.com/static/Tasks/NER/trans_dataset/CoNLL 2003/trans_PrejudiceSubPopulation-man.json", "contributor": {"name": "Yiding Tan", "github": "https://github.com/Tannidy"}}, "PrejudiceSubPopulation-woman": {"trans": 89.56, "sample_num": 330, "ori_download_link": "https://www.textflint.com/static/Tasks/NER/trans_dataset/CoNLL 2003/ori_PrejudiceSubPopulation-woman.json", "trans_download_link": "https://www.textflint.com/static/Tasks/NER/trans_dataset/CoNLL 2003/trans_PrejudiceSubPopulation-woman.json", "contributor": {"name": "Yiding Tan", "github": "https://github.com/Tannidy"}}}}, {"model": "BERT-base(uncased)", "attack_results": {"LMSubpopulation_0%-20%": {"trans": 94.24, "sample_num": 689, "ori_download_link": "https://www.textflint.com/static/Tasks/NER/trans_dataset/CoNLL 2003/ori_LMSubpopulation_0%-20%.json", "trans_download_link": "https://www.textflint.com/static/Tasks/NER/trans_dataset/CoNLL 2003/trans_LMSubpopulation_0%-20%.json", "contributor": {"name": "Yiding Tan", "github": "https://github.com/Tannidy"}}, "LMSubPopulation_80%-100%": {"trans": 94.28, "sample_num": 689, "ori_download_link": "https://www.textflint.com/static/Tasks/NER/trans_dataset/CoNLL 2003/ori_LMSubPopulation_80%-100%.json", "trans_download_link": "https://www.textflint.com/static/Tasks/NER/trans_dataset/CoNLL 2003/trans_LMSubPopulation_80%-100%.json", "contributor": {"name": "Yiding Tan", "github": "https://github.com/Tannidy"}}, "PhraseSubPopulation-negation": {"trans": 90.25, "sample_num": 648, "ori_download_link": "https://www.textflint.com/static/Tasks/NER/trans_dataset/CoNLL 2003/ori_PhraseSubPopulation-negation.json", "trans_download_link": "https://www.textflint.com/static/Tasks/NER/trans_dataset/CoNLL 2003/trans_PhraseSubPopulation-negation.json", "contributor": {"name": "Yiding Tan", "github": "https://github.com/Tannidy"}}, "PhraseSubPopulation-question": {"trans": 89.66, "sample_num": 672, "ori_download_link": "https://www.textflint.com/static/Tasks/NER/trans_dataset/CoNLL 2003/ori_PhraseSubPopulation-question.json", "trans_download_link": "https://www.textflint.com/static/Tasks/NER/trans_dataset/CoNLL 2003/trans_PhraseSubPopulation-question.json", "contributor": {"name": "Yiding Tan", "github": "https://github.com/Tannidy"}}, "LengthSubPopulation_0%-20%": {"trans": 86.93, "sample_num": 2756, "ori_download_link": "https://www.textflint.com/static/Tasks/NER/trans_dataset/CoNLL 2003/ori_LengthSubPopulation_0%-20%.json", "trans_download_link": "https://www.textflint.com/static/Tasks/NER/trans_dataset/CoNLL 2003/trans_LengthSubPopulation_0%-20%.json", "contributor": {"name": "Yiding Tan", "github": "https://github.com/Tannidy"}}, "LengthSubPopulation_80%-100%": {"trans": 87.37, "sample_num": 3450, "ori_download_link": "https://www.textflint.com/static/Tasks/NER/trans_dataset/CoNLL 2003/ori_LengthSubPopulation_80%-100%.json", "trans_download_link": "https://www.textflint.com/static/Tasks/NER/trans_dataset/CoNLL 2003/trans_LengthSubPopulation_80%-100%.json", "contributor": {"name": "Yiding Tan", "github": "https://github.com/Tannidy"}}, "PrejudiceSubPopulation-man": {"trans": 91.54, "sample_num": 580, "ori_download_link": "https://www.textflint.com/static/Tasks/NER/trans_dataset/CoNLL 2003/ori_PrejudiceSubPopulation-man.json", "trans_download_link": "https://www.textflint.com/static/Tasks/NER/trans_dataset/CoNLL 2003/trans_PrejudiceSubPopulation-man.json", "contributor": {"name": "Yiding Tan", "github": "https://github.com/Tannidy"}}, "PrejudiceSubPopulation-woman": {"trans": 88.6, "sample_num": 330, "ori_download_link": "https://www.textflint.com/static/Tasks/NER/trans_dataset/CoNLL 2003/ori_PrejudiceSubPopulation-woman.json", "trans_download_link": "https://www.textflint.com/static/Tasks/NER/trans_dataset/CoNLL 2003/trans_PrejudiceSubPopulation-woman.json", "contributor": {"name": "Yiding Tan", "github": "https://github.com/Tannidy"}}}}, {"model": "TENER", "attack_results": {"LMSubpopulation_0%-20%": {"trans": 94.02, "sample_num": 689, "ori_download_link": "https://www.textflint.com/static/Tasks/NER/trans_dataset/CoNLL 2003/ori_LMSubpopulation_0%-20%.json", "trans_download_link": "https://www.textflint.com/static/Tasks/NER/trans_dataset/CoNLL 2003/trans_LMSubpopulation_0%-20%.json", "contributor": {"name": "Yiding Tan", "github": "https://github.com/Tannidy"}}, "LMSubPopulation_80%-100%": {"trans": 93.14, "sample_num": 689, "ori_download_link": "https://www.textflint.com/static/Tasks/NER/trans_dataset/CoNLL 2003/ori_LMSubPopulation_80%-100%.json", "trans_download_link": "https://www.textflint.com/static/Tasks/NER/trans_dataset/CoNLL 2003/trans_LMSubPopulation_80%-100%.json", "contributor": {"name": "Yiding Tan", "github": "https://github.com/Tannidy"}}, "PhraseSubPopulation-negation": {"trans": 88.82, "sample_num": 648, "ori_download_link": "https://www.textflint.com/static/Tasks/NER/trans_dataset/CoNLL 2003/ori_PhraseSubPopulation-negation.json", "trans_download_link": "https://www.textflint.com/static/Tasks/NER/trans_dataset/CoNLL 2003/trans_PhraseSubPopulation-negation.json", "contributor": {"name": "Yiding Tan", "github": "https://github.com/Tannidy"}}, "PhraseSubPopulation-question": {"trans": 90.03, "sample_num": 672, "ori_download_link": "https://www.textflint.com/static/Tasks/NER/trans_dataset/CoNLL 2003/ori_PhraseSubPopulation-question.json", "trans_download_link": "https://www.textflint.com/static/Tasks/NER/trans_dataset/CoNLL 2003/trans_PhraseSubPopulation-question.json", "contributor": {"name": "Yiding Tan", "github": "https://github.com/Tannidy"}}, "LengthSubPopulation_0%-20%": {"trans": 90.22, "sample_num": 2756, "ori_download_link": "https://www.textflint.com/static/Tasks/NER/trans_dataset/CoNLL 2003/ori_LengthSubPopulation_0%-20%.json", "trans_download_link": "https://www.textflint.com/static/Tasks/NER/trans_dataset/CoNLL 2003/trans_LengthSubPopulation_0%-20%.json", "contributor": {"name": "Yiding Tan", "github": "https://github.com/Tannidy"}}, "LengthSubPopulation_80%-100%": {"trans": 91.22, "sample_num": 3450, "ori_download_link": "https://www.textflint.com/static/Tasks/NER/trans_dataset/CoNLL 2003/ori_LengthSubPopulation_80%-100%.json", "trans_download_link": "https://www.textflint.com/static/Tasks/NER/trans_dataset/CoNLL 2003/trans_LengthSubPopulation_80%-100%.json", "contributor": {"name": "Yiding Tan", "github": "https://github.com/Tannidy"}}, "PrejudiceSubPopulation-man": {"trans": 92.53, "sample_num": 580, "ori_download_link": "https://www.textflint.com/static/Tasks/NER/trans_dataset/CoNLL 2003/ori_PrejudiceSubPopulation-man.json", "trans_download_link": "https://www.textflint.com/static/Tasks/NER/trans_dataset/CoNLL 2003/trans_PrejudiceSubPopulation-man.json", "contributor": {"name": "Yiding Tan", "github": "https://github.com/Tannidy"}}, "PrejudiceSubPopulation-woman": {"trans": 87.91, "sample_num": 330, "ori_download_link": "https://www.textflint.com/static/Tasks/NER/trans_dataset/CoNLL 2003/ori_PrejudiceSubPopulation-woman.json", "trans_download_link": "https://www.textflint.com/static/Tasks/NER/trans_dataset/CoNLL 2003/trans_PrejudiceSubPopulation-woman.json", "contributor": {"name": "Yiding Tan", "github": "https://github.com/Tannidy"}}}}, {"model": "GRN", "attack_results": {"LMSubpopulation_0%-20%": {"trans": 94.23, "sample_num": 689, "ori_download_link": "https://www.textflint.com/static/Tasks/NER/trans_dataset/CoNLL 2003/ori_LMSubpopulation_0%-20%.json", "trans_download_link": "https://www.textflint.com/static/Tasks/NER/trans_dataset/CoNLL 2003/trans_LMSubpopulation_0%-20%.json", "contributor": {"name": "Yiding Tan", "github": "https://github.com/Tannidy"}}, "LMSubPopulation_80%-100%": {"trans": 93.96, "sample_num": 689, "ori_download_link": "https://www.textflint.com/static/Tasks/NER/trans_dataset/CoNLL 2003/ori_LMSubPopulation_80%-100%.json", "trans_download_link": "https://www.textflint.com/static/Tasks/NER/trans_dataset/CoNLL 2003/trans_LMSubPopulation_80%-100%.json", "contributor": {"name": "Yiding Tan", "github": "https://github.com/Tannidy"}}, "PhraseSubPopulation-negation": {"trans": 90.48, "sample_num": 648, "ori_download_link": "https://www.textflint.com/static/Tasks/NER/trans_dataset/CoNLL 2003/ori_PhraseSubPopulation-negation.json", "trans_download_link": "https://www.textflint.com/static/Tasks/NER/trans_dataset/CoNLL 2003/trans_PhraseSubPopulation-negation.json", "contributor": {"name": "Yiding Tan", "github": "https://github.com/Tannidy"}}, "PhraseSubPopulation-question": {"trans": 92.48, "sample_num": 672, "ori_download_link": "https://www.textflint.com/static/Tasks/NER/trans_dataset/CoNLL 2003/ori_PhraseSubPopulation-question.json", "trans_download_link": "https://www.textflint.com/static/Tasks/NER/trans_dataset/CoNLL 2003/trans_PhraseSubPopulation-question.json", "contributor": {"name": "Yiding Tan", "github": "https://github.com/Tannidy"}}, "LengthSubPopulation_0%-20%": {"trans": 87.98, "sample_num": 2756, "ori_download_link": "https://www.textflint.com/static/Tasks/NER/trans_dataset/CoNLL 2003/ori_LengthSubPopulation_0%-20%.json", "trans_download_link": "https://www.textflint.com/static/Tasks/NER/trans_dataset/CoNLL 2003/trans_LengthSubPopulation_0%-20%.json", "contributor": {"name": "Yiding Tan", "github": "https://github.com/Tannidy"}}, "LengthSubPopulation_80%-100%": {"trans": 90.53, "sample_num": 3450, "ori_download_link": "https://www.textflint.com/static/Tasks/NER/trans_dataset/CoNLL 2003/ori_LengthSubPopulation_80%-100%.json", "trans_download_link": "https://www.textflint.com/static/Tasks/NER/trans_dataset/CoNLL 2003/trans_LengthSubPopulation_80%-100%.json", "contributor": {"name": "Yiding Tan", "github": "https://github.com/Tannidy"}}, "PrejudiceSubPopulation-man": {"trans": 93.1, "sample_num": 580, "ori_download_link": "https://www.textflint.com/static/Tasks/NER/trans_dataset/CoNLL 2003/ori_PrejudiceSubPopulation-man.json", "trans_download_link": "https://www.textflint.com/static/Tasks/NER/trans_dataset/CoNLL 2003/trans_PrejudiceSubPopulation-man.json", "contributor": {"name": "Yiding Tan", "github": "https://github.com/Tannidy"}}, "PrejudiceSubPopulation-woman": {"trans": 88.74, "sample_num": 330, "ori_download_link": "https://www.textflint.com/static/Tasks/NER/trans_dataset/CoNLL 2003/ori_PrejudiceSubPopulation-woman.json", "trans_download_link": "https://www.textflint.com/static/Tasks/NER/trans_dataset/CoNLL 2003/trans_PrejudiceSubPopulation-woman.json", "contributor": {"name": "Yiding Tan", "github": "https://github.com/Tannidy"}}}}, {"model": "flair embeddings", "attack_results": {"LMSubpopulation_0%-20%": {"trans": 94.95, "sample_num": 689, "ori_download_link": "https://www.textflint.com/static/Tasks/NER/trans_dataset/CoNLL 2003/ori_LMSubpopulation_0%-20%.json", "trans_download_link": "https://www.textflint.com/static/Tasks/NER/trans_dataset/CoNLL 2003/trans_LMSubpopulation_0%-20%.json", "contributor": {"name": "Yiding Tan", "github": "https://github.com/Tannidy"}}, "LMSubPopulation_80%-100%": {"trans": 94.66, "sample_num": 689, "ori_download_link": "https://www.textflint.com/static/Tasks/NER/trans_dataset/CoNLL 2003/ori_LMSubPopulation_80%-100%.json", "trans_download_link": "https://www.textflint.com/static/Tasks/NER/trans_dataset/CoNLL 2003/trans_LMSubPopulation_80%-100%.json", "contributor": {"name": "Yiding Tan", "github": "https://github.com/Tannidy"}}, "PhraseSubPopulation-negation": {"trans": 94.05, "sample_num": 648, "ori_download_link": "https://www.textflint.com/static/Tasks/NER/trans_dataset/CoNLL 2003/ori_PhraseSubPopulation-negation.json", "trans_download_link": "https://www.textflint.com/static/Tasks/NER/trans_dataset/CoNLL 2003/trans_PhraseSubPopulation-negation.json", "contributor": {"name": "Yiding Tan", "github": "https://github.com/Tannidy"}}, "PhraseSubPopulation-question": {"trans": 93.2, "sample_num": 672, "ori_download_link": "https://www.textflint.com/static/Tasks/NER/trans_dataset/CoNLL 2003/ori_PhraseSubPopulation-question.json", "trans_download_link": "https://www.textflint.com/static/Tasks/NER/trans_dataset/CoNLL 2003/trans_PhraseSubPopulation-question.json", "contributor": {"name": "Yiding Tan", "github": "https://github.com/Tannidy"}}, "LengthSubPopulation_0%-20%": {"trans": 87.26, "sample_num": 2756, "ori_download_link": "https://www.textflint.com/static/Tasks/NER/trans_dataset/CoNLL 2003/ori_LengthSubPopulation_0%-20%.json", "trans_download_link": "https://www.textflint.com/static/Tasks/NER/trans_dataset/CoNLL 2003/trans_LengthSubPopulation_0%-20%.json", "contributor": {"name": "Yiding Tan", "github": "https://github.com/Tannidy"}}, "LengthSubPopulation_80%-100%": {"trans": 92.29, "sample_num": 3450, "ori_download_link": "https://www.textflint.com/static/Tasks/NER/trans_dataset/CoNLL 2003/ori_LengthSubPopulation_80%-100%.json", "trans_download_link": "https://www.textflint.com/static/Tasks/NER/trans_dataset/CoNLL 2003/trans_LengthSubPopulation_80%-100%.json", "contributor": {"name": "Yiding Tan", "github": "https://github.com/Tannidy"}}, "PrejudiceSubPopulation-man": {"trans": 94.07, "sample_num": 580, "ori_download_link": "https://www.textflint.com/static/Tasks/NER/trans_dataset/CoNLL 2003/ori_PrejudiceSubPopulation-man.json", "trans_download_link": "https://www.textflint.com/static/Tasks/NER/trans_dataset/CoNLL 2003/trans_PrejudiceSubPopulation-man.json", "contributor": {"name": "Yiding Tan", "github": "https://github.com/Tannidy"}}, "PrejudiceSubPopulation-woman": {"trans": 89.2, "sample_num": 330, "ori_download_link": "https://www.textflint.com/static/Tasks/NER/trans_dataset/CoNLL 2003/ori_PrejudiceSubPopulation-woman.json", "trans_download_link": "https://www.textflint.com/static/Tasks/NER/trans_dataset/CoNLL 2003/trans_PrejudiceSubPopulation-woman.json", "contributor": {"name": "Yiding Tan", "github": "https://github.com/Tannidy"}}}}, {"model": "BiLSTM-CRF+ELMo", "attack_results": {"LMSubpopulation_0%-20%": {"trans": 93.85, "sample_num": 689, "ori_download_link": "https://www.textflint.com/static/Tasks/NER/trans_dataset/CoNLL 2003/ori_LMSubpopulation_0%-20%.json", "trans_download_link": "https://www.textflint.com/static/Tasks/NER/trans_dataset/CoNLL 2003/trans_LMSubpopulation_0%-20%.json", "contributor": {"name": "Yiding Tan", "github": "https://github.com/Tannidy"}}, "LMSubPopulation_80%-100%": {"trans": 93.0, "sample_num": 689, "ori_download_link": "https://www.textflint.com/static/Tasks/NER/trans_dataset/CoNLL 2003/ori_LMSubPopulation_80%-100%.json", "trans_download_link": "https://www.textflint.com/static/Tasks/NER/trans_dataset/CoNLL 2003/trans_LMSubPopulation_80%-100%.json", "contributor": {"name": "Yiding Tan", "github": "https://github.com/Tannidy"}}, "PhraseSubPopulation-negation": {"trans": 90.48, "sample_num": 648, "ori_download_link": "https://www.textflint.com/static/Tasks/NER/trans_dataset/CoNLL 2003/ori_PhraseSubPopulation-negation.json", "trans_download_link": "https://www.textflint.com/static/Tasks/NER/trans_dataset/CoNLL 2003/trans_PhraseSubPopulation-negation.json", "contributor": {"name": "Yiding Tan", "github": "https://github.com/Tannidy"}}, "PhraseSubPopulation-question": {"trans": 92.69, "sample_num": 672, "ori_download_link": "https://www.textflint.com/static/Tasks/NER/trans_dataset/CoNLL 2003/ori_PhraseSubPopulation-question.json", "trans_download_link": "https://www.textflint.com/static/Tasks/NER/trans_dataset/CoNLL 2003/trans_PhraseSubPopulation-question.json", "contributor": {"name": "Yiding Tan", "github": "https://github.com/Tannidy"}}, "LengthSubPopulation_0%-20%": {"trans": 87.58, "sample_num": 2756, "ori_download_link": "https://www.textflint.com/static/Tasks/NER/trans_dataset/CoNLL 2003/ori_LengthSubPopulation_0%-20%.json", "trans_download_link": "https://www.textflint.com/static/Tasks/NER/trans_dataset/CoNLL 2003/trans_LengthSubPopulation_0%-20%.json", "contributor": {"name": "Yiding Tan", "github": "https://github.com/Tannidy"}}, "LengthSubPopulation_80%-100%": {"trans": 92.05, "sample_num": 3450, "ori_download_link": "https://www.textflint.com/static/Tasks/NER/trans_dataset/CoNLL 2003/ori_LengthSubPopulation_80%-100%.json", "trans_download_link": "https://www.textflint.com/static/Tasks/NER/trans_dataset/CoNLL 2003/trans_LengthSubPopulation_80%-100%.json", "contributor": {"name": "Yiding Tan", "github": "https://github.com/Tannidy"}}, "PrejudiceSubPopulation-man": {"trans": 93.25, "sample_num": 580, "ori_download_link": "https://www.textflint.com/static/Tasks/NER/trans_dataset/CoNLL 2003/ori_PrejudiceSubPopulation-man.json", "trans_download_link": "https://www.textflint.com/static/Tasks/NER/trans_dataset/CoNLL 2003/trans_PrejudiceSubPopulation-man.json", "contributor": {"name": "Yiding Tan", "github": "https://github.com/Tannidy"}}, "PrejudiceSubPopulation-woman": {"trans": 89.49, "sample_num": 330, "ori_download_link": "https://www.textflint.com/static/Tasks/NER/trans_dataset/CoNLL 2003/ori_PrejudiceSubPopulation-woman.json", "trans_download_link": "https://www.textflint.com/static/Tasks/NER/trans_dataset/CoNLL 2003/trans_PrejudiceSubPopulation-woman.json", "contributor": {"name": "Yiding Tan", "github": "https://github.com/Tannidy"}}}}, {"model": "Flair embeddings + Pooling", "attack_results": {"LMSubpopulation_0%-20%": {"trans": 94.25, "sample_num": 689, "ori_download_link": "https://www.textflint.com/static/Tasks/NER/trans_dataset/CoNLL 2003/ori_LMSubpopulation_0%-20%.json", "trans_download_link": "https://www.textflint.com/static/Tasks/NER/trans_dataset/CoNLL 2003/trans_LMSubpopulation_0%-20%.json", "contributor": {"name": "Yiding Tan", "github": "https://github.com/Tannidy"}}, "LMSubPopulation_80%-100%": {"trans": 93.63, "sample_num": 689, "ori_download_link": "https://www.textflint.com/static/Tasks/NER/trans_dataset/CoNLL 2003/ori_LMSubPopulation_80%-100%.json", "trans_download_link": "https://www.textflint.com/static/Tasks/NER/trans_dataset/CoNLL 2003/trans_LMSubPopulation_80%-100%.json", "contributor": {"name": "Yiding Tan", "github": "https://github.com/Tannidy"}}, "PhraseSubPopulation-negation": {"trans": 92.45, "sample_num": 648, "ori_download_link": "https://www.textflint.com/static/Tasks/NER/trans_dataset/CoNLL 2003/ori_PhraseSubPopulation-negation.json", "trans_download_link": "https://www.textflint.com/static/Tasks/NER/trans_dataset/CoNLL 2003/trans_PhraseSubPopulation-negation.json", "contributor": {"name": "Yiding Tan", "github": "https://github.com/Tannidy"}}, "PhraseSubPopulation-question": {"trans": 91.79, "sample_num": 672, "ori_download_link": "https://www.textflint.com/static/Tasks/NER/trans_dataset/CoNLL 2003/ori_PhraseSubPopulation-question.json", "trans_download_link": "https://www.textflint.com/static/Tasks/NER/trans_dataset/CoNLL 2003/trans_PhraseSubPopulation-question.json", "contributor": {"name": "Yiding Tan", "github": "https://github.com/Tannidy"}}, "LengthSubPopulation_0%-20%": {"trans": 87.72, "sample_num": 2756, "ori_download_link": "https://www.textflint.com/static/Tasks/NER/trans_dataset/CoNLL 2003/ori_LengthSubPopulation_0%-20%.json", "trans_download_link": "https://www.textflint.com/static/Tasks/NER/trans_dataset/CoNLL 2003/trans_LengthSubPopulation_0%-20%.json", "contributor": {"name": "Yiding Tan", "github": "https://github.com/Tannidy"}}, "LengthSubPopulation_80%-100%": {"trans": 91.68, "sample_num": 3450, "ori_download_link": "https://www.textflint.com/static/Tasks/NER/trans_dataset/CoNLL 2003/ori_LengthSubPopulation_80%-100%.json", "trans_download_link": "https://www.textflint.com/static/Tasks/NER/trans_dataset/CoNLL 2003/trans_LengthSubPopulation_80%-100%.json", "contributor": {"name": "Yiding Tan", "github": "https://github.com/Tannidy"}}, "PrejudiceSubPopulation-man": {"trans": 93.24, "sample_num": 580, "ori_download_link": "https://www.textflint.com/static/Tasks/NER/trans_dataset/CoNLL 2003/ori_PrejudiceSubPopulation-man.json", "trans_download_link": "https://www.textflint.com/static/Tasks/NER/trans_dataset/CoNLL 2003/trans_PrejudiceSubPopulation-man.json", "contributor": {"name": "Yiding Tan", "github": "https://github.com/Tannidy"}}, "PrejudiceSubPopulation-woman": {"trans": 89.32, "sample_num": 330, "ori_download_link": "https://www.textflint.com/static/Tasks/NER/trans_dataset/CoNLL 2003/ori_PrejudiceSubPopulation-woman.json", "trans_download_link": "https://www.textflint.com/static/Tasks/NER/trans_dataset/CoNLL 2003/trans_PrejudiceSubPopulation-woman.json", "contributor": {"name": "Yiding Tan", "github": "https://github.com/Tannidy"}}}}]