[{"model": "BiLSTM-CNN-CRF", "attack_results": {"WordCase-title": {"ori": 90.24, "trans": 53.49, "sample_num": 3446, "ori_download_link": "https://www.textflint.com/static/Tasks/NER/trans_dataset/CoNLL 2003/ori_WordCase-title.json", "trans_download_link": "https://www.textflint.com/static/Tasks/NER/trans_dataset/CoNLL 2003/trans_WordCase-title.json", "contributor": {"name": "Yiding Tan", "github": "https://github.com/Tannidy"}}, "WordCase-upper": {"ori": 90.24, "trans": 55.6, "sample_num": 3446, "ori_download_link": "https://www.textflint.com/static/Tasks/NER/trans_dataset/CoNLL 2003/ori_WordCase-upper.json", "trans_download_link": "https://www.textflint.com/static/Tasks/NER/trans_dataset/CoNLL 2003/trans_WordCase-upper.json", "contributor": {"name": "Yiding Tan", "github": "https://github.com/Tannidy"}}, "Keyboard": {"ori": 90.24, "trans": 67.83, "sample_num": 3443, "ori_download_link": "https://www.textflint.com/static/Tasks/NER/trans_dataset/CoNLL 2003/ori_Keyboard.json", "trans_download_link": "https://www.textflint.com/static/Tasks/NER/trans_dataset/CoNLL 2003/trans_Keyboard.json", "contributor": {"name": "Yiding Tan", "github": "https://github.com/Tannidy"}}, "MLMSuggestion": {"ori": 90.9, "trans": 88.37, "sample_num": 3204, "ori_download_link": "https://www.textflint.com/static/Tasks/NER/trans_dataset/CoNLL 2003/ori_MLMSuggestion.json", "trans_download_link": "https://www.textflint.com/static/Tasks/NER/trans_dataset/CoNLL 2003/trans_MLMSuggestion.json", "contributor": {"name": "Yiding Tan", "github": "https://github.com/Tannidy"}}, "SwapNum": {"ori": 92.65, "trans": 92.39, "sample_num": 1124, "ori_download_link": "https://www.textflint.com/static/Tasks/NER/trans_dataset/CoNLL 2003/ori_SwapNum.json", "trans_download_link": "https://www.textflint.com/static/Tasks/NER/trans_dataset/CoNLL 2003/trans_SwapNum.json", "contributor": {"name": "Yiding Tan", "github": "https://github.com/Tannidy"}}, "Ocr": {"ori": 90.27, "trans": 76.65, "sample_num": 3432, "ori_download_link": "https://www.textflint.com/static/Tasks/NER/trans_dataset/CoNLL 2003/ori_Ocr.json", "trans_download_link": "https://www.textflint.com/static/Tasks/NER/trans_dataset/CoNLL 2003/trans_Ocr.json", "contributor": {"name": "Yiding Tan", "github": "https://github.com/Tannidy"}}, "RevNeg": {"ori": 90.13, "trans": 88.1, "sample_num": 2177, "ori_download_link": "https://www.textflint.com/static/Tasks/NER/trans_dataset/CoNLL 2003/ori_RevNeg.json", "trans_download_link": "https://www.textflint.com/static/Tasks/NER/trans_dataset/CoNLL 2003/trans_RevNeg.json", "contributor": {"name": "Yiding Tan", "github": "https://github.com/Tannidy"}}, "SpellingError": {"ori": 90.61, "trans": 75.89, "sample_num": 2681, "ori_download_link": "https://www.textflint.com/static/Tasks/NER/trans_dataset/CoNLL 2003/ori_SpellingError.json", "trans_download_link": "https://www.textflint.com/static/Tasks/NER/trans_dataset/CoNLL 2003/trans_SpellingError.json", "contributor": {"name": "Yiding Tan", "github": "https://github.com/Tannidy"}}, "Tense": {"ori": 89.21, "trans": 88.77, "sample_num": 1265, "ori_download_link": "https://www.textflint.com/static/Tasks/NER/trans_dataset/CoNLL 2003/ori_Tense.json", "trans_download_link": "https://www.textflint.com/static/Tasks/NER/trans_dataset/CoNLL 2003/trans_Tense.json", "contributor": {"name": "Yiding Tan", "github": "https://github.com/Tannidy"}}, "SwapSyn-WordNet": {"ori": 88.84, "trans": 86.59, "sample_num": 3054, "ori_download_link": "https://www.textflint.com/static/Tasks/NER/trans_dataset/CoNLL 2003/ori_SwapSyn-WordNet.json", "trans_download_link": "https://www.textflint.com/static/Tasks/NER/trans_dataset/CoNLL 2003/trans_SwapSyn-WordNet.json", "contributor": {"name": "Yiding Tan", "github": "https://github.com/Tannidy"}}, "SwapAnt-WordNet": {"ori": 90.25, "trans": 82.78, "sample_num": 834, "ori_download_link": "https://www.textflint.com/static/Tasks/NER/trans_dataset/CoNLL 2003/ori_SwapAnt-WordNet.json", "trans_download_link": "https://www.textflint.com/static/Tasks/NER/trans_dataset/CoNLL 2003/trans_SwapAnt-WordNet.json", "contributor": {"name": "Yiding Tan", "github": "https://github.com/Tannidy"}}, "TwitterType": {"ori": 90.24, "trans": 78.19, "sample_num": 3446, "ori_download_link": "https://www.textflint.com/static/Tasks/NER/trans_dataset/CoNLL 2003/ori_TwitterType.json", "trans_download_link": "https://www.textflint.com/static/Tasks/NER/trans_dataset/CoNLL 2003/trans_TwitterType.json", "contributor": {"name": "Yiding Tan", "github": "https://github.com/Tannidy"}}, "Typos-random": {"ori": 90.24, "trans": 73.58, "sample_num": 3433, "ori_download_link": "https://www.textflint.com/static/Tasks/NER/trans_dataset/CoNLL 2003/ori_Typos-random.json", "trans_download_link": "https://www.textflint.com/static/Tasks/NER/trans_dataset/CoNLL 2003/trans_Typos-random.json", "contributor": {"name": "Yiding Tan", "github": "https://github.com/Tannidy"}}, "SwapSyn-WordEmbedding": {"ori": 89.15, "trans": 89.07, "sample_num": 1540, "ori_download_link": "https://www.textflint.com/static/Tasks/NER/trans_dataset/CoNLL 2003/ori_SwapSyn-WordEmbedding.json", "trans_download_link": "https://www.textflint.com/static/Tasks/NER/trans_dataset/CoNLL 2003/trans_SwapSyn-WordEmbedding.json", "contributor": {"name": "Yiding Tan", "github": "https://github.com/Tannidy"}}, "InsertAdv": {"ori": 89.21, "trans": 87.82, "sample_num": 1475, "ori_download_link": "https://www.textflint.com/static/Tasks/NER/trans_dataset/CoNLL 2003/ori_InsertAdv.json", "trans_download_link": "https://www.textflint.com/static/Tasks/NER/trans_dataset/CoNLL 2003/trans_InsertAdv.json", "contributor": {"name": "Yiding Tan", "github": "https://github.com/Tannidy"}}, "AppendIrr": {"ori": 90.24, "trans": 82.79, "sample_num": 3446, "ori_download_link": "https://www.textflint.com/static/Tasks/NER/trans_dataset/CoNLL 2003/ori_AppendIrr.json", "trans_download_link": "https://www.textflint.com/static/Tasks/NER/trans_dataset/CoNLL 2003/trans_AppendIrr.json", "contributor": {"name": "Yiding Tan", "github": "https://github.com/Tannidy"}}, "Contraction": {"ori": 89.13, "trans": 88.34, "sample_num": 190, "ori_download_link": "https://www.textflint.com/static/Tasks/NER/trans_dataset/CoNLL 2003/ori_Contraction.json", "trans_download_link": "https://www.textflint.com/static/Tasks/NER/trans_dataset/CoNLL 2003/trans_Contraction.json", "contributor": {"name": "Yiding Tan", "github": "https://github.com/Tannidy"}}, "AddRmvPunc": {"ori": 90.24, "trans": 88.71, "sample_num": 3443, "ori_download_link": "https://www.textflint.com/static/Tasks/NER/trans_dataset/CoNLL 2003/ori_AddRmvPunc.json", "trans_download_link": "https://www.textflint.com/static/Tasks/NER/trans_dataset/CoNLL 2003/trans_AddRmvPunc.json", "contributor": {"name": "Yiding Tan", "github": "https://github.com/Tannidy"}}, "WordCase-lower": {"ori": 90.59, "trans": 20.79, "sample_num": 3684, "ori_download_link": "https://www.textflint.com/static/Tasks/NER/trans_dataset/CoNLL 2003/ori_WordCase-lower.json", "trans_download_link": "https://www.textflint.com/static/Tasks/NER/trans_dataset/CoNLL 2003/trans_WordCase-lower.json", "contributor": {"name": "Yiding Tan", "github": "https://github.com/Tannidy"}}}}, {"model": "BiLSTM-CRF", "attack_results": {"WordCase-title": {"ori": 88.02, "trans": 73.25, "sample_num": 3446, "ori_download_link": "https://www.textflint.com/static/Tasks/NER/trans_dataset/CoNLL 2003/ori_WordCase-title.json", "trans_download_link": "https://www.textflint.com/static/Tasks/NER/trans_dataset/CoNLL 2003/trans_WordCase-title.json", "contributor": {"name": "Yiding Tan", "github": "https://github.com/Tannidy"}}, "WordCase-upper": {"ori": 88.02, "trans": 57.49, "sample_num": 3446, "ori_download_link": "https://www.textflint.com/static/Tasks/NER/trans_dataset/CoNLL 2003/ori_WordCase-upper.json", "trans_download_link": "https://www.textflint.com/static/Tasks/NER/trans_dataset/CoNLL 2003/trans_WordCase-upper.json", "contributor": {"name": "Yiding Tan", "github": "https://github.com/Tannidy"}}, "Keyboard": {"ori": 88.02, "trans": 74.99, "sample_num": 3443, "ori_download_link": "https://www.textflint.com/static/Tasks/NER/trans_dataset/CoNLL 2003/ori_Keyboard.json", "trans_download_link": "https://www.textflint.com/static/Tasks/NER/trans_dataset/CoNLL 2003/trans_Keyboard.json", "contributor": {"name": "Yiding Tan", "github": "https://github.com/Tannidy"}}, "MLMSuggestion": {"ori": 88.66, "trans": 86.6, "sample_num": 3204, "ori_download_link": "https://www.textflint.com/static/Tasks/NER/trans_dataset/CoNLL 2003/ori_MLMSuggestion.json", "trans_download_link": "https://www.textflint.com/static/Tasks/NER/trans_dataset/CoNLL 2003/trans_MLMSuggestion.json", "contributor": {"name": "Yiding Tan", "github": "https://github.com/Tannidy"}}, "SwapNum": {"ori": 90.99, "trans": 90.81, "sample_num": 1124, "ori_download_link": "https://www.textflint.com/static/Tasks/NER/trans_dataset/CoNLL 2003/ori_SwapNum.json", "trans_download_link": "https://www.textflint.com/static/Tasks/NER/trans_dataset/CoNLL 2003/trans_SwapNum.json", "contributor": {"name": "Yiding Tan", "github": "https://github.com/Tannidy"}}, "Ocr": {"ori": 88.05, "trans": 75.44, "sample_num": 3432, "ori_download_link": "https://www.textflint.com/static/Tasks/NER/trans_dataset/CoNLL 2003/ori_Ocr.json", "trans_download_link": "https://www.textflint.com/static/Tasks/NER/trans_dataset/CoNLL 2003/trans_Ocr.json", "contributor": {"name": "Yiding Tan", "github": "https://github.com/Tannidy"}}, "RevNeg": {"ori": 87.8, "trans": 86.83, "sample_num": 2177, "ori_download_link": "https://www.textflint.com/static/Tasks/NER/trans_dataset/CoNLL 2003/ori_RevNeg.json", "trans_download_link": "https://www.textflint.com/static/Tasks/NER/trans_dataset/CoNLL 2003/trans_RevNeg.json", "contributor": {"name": "Yiding Tan", "github": "https://github.com/Tannidy"}}, "SpellingError": {"ori": 88.51, "trans": 71.53, "sample_num": 2681, "ori_download_link": "https://www.textflint.com/static/Tasks/NER/trans_dataset/CoNLL 2003/ori_SpellingError.json", "trans_download_link": "https://www.textflint.com/static/Tasks/NER/trans_dataset/CoNLL 2003/trans_SpellingError.json", "contributor": {"name": "Yiding Tan", "github": "https://github.com/Tannidy"}}, "Tense": {"ori": 86.3, "trans": 86.0, "sample_num": 1265, "ori_download_link": "https://www.textflint.com/static/Tasks/NER/trans_dataset/CoNLL 2003/ori_Tense.json", "trans_download_link": "https://www.textflint.com/static/Tasks/NER/trans_dataset/CoNLL 2003/trans_Tense.json", "contributor": {"name": "Yiding Tan", "github": "https://github.com/Tannidy"}}, "SwapSyn-WordNet": {"ori": 86.32, "trans": 83.99, "sample_num": 3054, "ori_download_link": "https://www.textflint.com/static/Tasks/NER/trans_dataset/CoNLL 2003/ori_SwapSyn-WordNet.json", "trans_download_link": "https://www.textflint.com/static/Tasks/NER/trans_dataset/CoNLL 2003/trans_SwapSyn-WordNet.json", "contributor": {"name": "Yiding Tan", "github": "https://github.com/Tannidy"}}, "SwapAnt-WordNet": {"ori": 88.08, "trans": 81.21, "sample_num": 834, "ori_download_link": "https://www.textflint.com/static/Tasks/NER/trans_dataset/CoNLL 2003/ori_SwapAnt-WordNet.json", "trans_download_link": "https://www.textflint.com/static/Tasks/NER/trans_dataset/CoNLL 2003/trans_SwapAnt-WordNet.json", "contributor": {"name": "Yiding Tan", "github": "https://github.com/Tannidy"}}, "TwitterType": {"ori": 88.02, "trans": 83.4, "sample_num": 3446, "ori_download_link": "https://www.textflint.com/static/Tasks/NER/trans_dataset/CoNLL 2003/ori_TwitterType.json", "trans_download_link": "https://www.textflint.com/static/Tasks/NER/trans_dataset/CoNLL 2003/trans_TwitterType.json", "contributor": {"name": "Yiding Tan", "github": "https://github.com/Tannidy"}}, "Typos-random": {"ori": 88.02, "trans": 69.41, "sample_num": 3433, "ori_download_link": "https://www.textflint.com/static/Tasks/NER/trans_dataset/CoNLL 2003/ori_Typos-random.json", "trans_download_link": "https://www.textflint.com/static/Tasks/NER/trans_dataset/CoNLL 2003/trans_Typos-random.json", "contributor": {"name": "Yiding Tan", "github": "https://github.com/Tannidy"}}, "SwapSyn-WordEmbedding": {"ori": 86.42, "trans": 85.65, "sample_num": 1540, "ori_download_link": "https://www.textflint.com/static/Tasks/NER/trans_dataset/CoNLL 2003/ori_SwapSyn-WordEmbedding.json", "trans_download_link": "https://www.textflint.com/static/Tasks/NER/trans_dataset/CoNLL 2003/trans_SwapSyn-WordEmbedding.json", "contributor": {"name": "Yiding Tan", "github": "https://github.com/Tannidy"}}, "InsertAdv": {"ori": 86.58, "trans": 82.9, "sample_num": 1475, "ori_download_link": "https://www.textflint.com/static/Tasks/NER/trans_dataset/CoNLL 2003/ori_InsertAdv.json", "trans_download_link": "https://www.textflint.com/static/Tasks/NER/trans_dataset/CoNLL 2003/trans_InsertAdv.json", "contributor": {"name": "Yiding Tan", "github": "https://github.com/Tannidy"}}, "AppendIrr": {"ori": 88.02, "trans": 85.47, "sample_num": 3446, "ori_download_link": "https://www.textflint.com/static/Tasks/NER/trans_dataset/CoNLL 2003/ori_AppendIrr.json", "trans_download_link": "https://www.textflint.com/static/Tasks/NER/trans_dataset/CoNLL 2003/trans_AppendIrr.json", "contributor": {"name": "Yiding Tan", "github": "https://github.com/Tannidy"}}, "Contraction": {"ori": 85.58, "trans": 81.18, "sample_num": 190, "ori_download_link": "https://www.textflint.com/static/Tasks/NER/trans_dataset/CoNLL 2003/ori_Contraction.json", "trans_download_link": "https://www.textflint.com/static/Tasks/NER/trans_dataset/CoNLL 2003/trans_Contraction.json", "contributor": {"name": "Yiding Tan", "github": "https://github.com/Tannidy"}}, "AddRmvPunc": {"ori": 88.02, "trans": 84.03, "sample_num": 3443, "ori_download_link": "https://www.textflint.com/static/Tasks/NER/trans_dataset/CoNLL 2003/ori_AddRmvPunc.json", "trans_download_link": "https://www.textflint.com/static/Tasks/NER/trans_dataset/CoNLL 2003/trans_AddRmvPunc.json", "contributor": {"name": "Yiding Tan", "github": "https://github.com/Tannidy"}}, "WordCase-lower": {"ori": 88.48, "trans": 59.99, "sample_num": 3684, "ori_download_link": "https://www.textflint.com/static/Tasks/NER/trans_dataset/CoNLL 2003/ori_WordCase-lower.json", "trans_download_link": "https://www.textflint.com/static/Tasks/NER/trans_dataset/CoNLL 2003/trans_WordCase-lower.json", "contributor": {"name": "Yiding Tan", "github": "https://github.com/Tannidy"}}}}, {"model": "LM-LSTM-CRF", "attack_results": {"WordCase-title": {"ori": 90.53, "trans": 64.98, "sample_num": 3446, "ori_download_link": "https://www.textflint.com/static/Tasks/NER/trans_dataset/CoNLL 2003/ori_WordCase-title.json", "trans_download_link": "https://www.textflint.com/static/Tasks/NER/trans_dataset/CoNLL 2003/trans_WordCase-title.json", "contributor": {"name": "Yiding Tan", "github": "https://github.com/Tannidy"}}, "WordCase-upper": {"ori": 90.53, "trans": 82.98, "sample_num": 3446, "ori_download_link": "https://www.textflint.com/static/Tasks/NER/trans_dataset/CoNLL 2003/ori_WordCase-upper.json", "trans_download_link": "https://www.textflint.com/static/Tasks/NER/trans_dataset/CoNLL 2003/trans_WordCase-upper.json", "contributor": {"name": "Yiding Tan", "github": "https://github.com/Tannidy"}}, "Keyboard": {"ori": 90.53, "trans": 75.05, "sample_num": 3443, "ori_download_link": "https://www.textflint.com/static/Tasks/NER/trans_dataset/CoNLL 2003/ori_Keyboard.json", "trans_download_link": "https://www.textflint.com/static/Tasks/NER/trans_dataset/CoNLL 2003/trans_Keyboard.json", "contributor": {"name": "Yiding Tan", "github": "https://github.com/Tannidy"}}, "MLMSuggestion": {"ori": 91.14, "trans": 88.87, "sample_num": 3204, "ori_download_link": "https://www.textflint.com/static/Tasks/NER/trans_dataset/CoNLL 2003/ori_MLMSuggestion.json", "trans_download_link": "https://www.textflint.com/static/Tasks/NER/trans_dataset/CoNLL 2003/trans_MLMSuggestion.json", "contributor": {"name": "Yiding Tan", "github": "https://github.com/Tannidy"}}, "SwapNum": {"ori": 93.27, "trans": 93.22, "sample_num": 1124, "ori_download_link": "https://www.textflint.com/static/Tasks/NER/trans_dataset/CoNLL 2003/ori_SwapNum.json", "trans_download_link": "https://www.textflint.com/static/Tasks/NER/trans_dataset/CoNLL 2003/trans_SwapNum.json", "contributor": {"name": "Yiding Tan", "github": "https://github.com/Tannidy"}}, "Ocr": {"ori": 90.56, "trans": 81.18, "sample_num": 3432, "ori_download_link": "https://www.textflint.com/static/Tasks/NER/trans_dataset/CoNLL 2003/ori_Ocr.json", "trans_download_link": "https://www.textflint.com/static/Tasks/NER/trans_dataset/CoNLL 2003/trans_Ocr.json", "contributor": {"name": "Yiding Tan", "github": "https://github.com/Tannidy"}}, "RevNeg": {"ori": 90.34, "trans": 88.61, "sample_num": 2177, "ori_download_link": "https://www.textflint.com/static/Tasks/NER/trans_dataset/CoNLL 2003/ori_RevNeg.json", "trans_download_link": "https://www.textflint.com/static/Tasks/NER/trans_dataset/CoNLL 2003/trans_RevNeg.json", "contributor": {"name": "Yiding Tan", "github": "https://github.com/Tannidy"}}, "SpellingError": {"ori": 90.93, "trans": 77.36, "sample_num": 2681, "ori_download_link": "https://www.textflint.com/static/Tasks/NER/trans_dataset/CoNLL 2003/ori_SpellingError.json", "trans_download_link": "https://www.textflint.com/static/Tasks/NER/trans_dataset/CoNLL 2003/trans_SpellingError.json", "contributor": {"name": "Yiding Tan", "github": "https://github.com/Tannidy"}}, "Tense": {"ori": 89.48, "trans": 89.45, "sample_num": 1265, "ori_download_link": "https://www.textflint.com/static/Tasks/NER/trans_dataset/CoNLL 2003/ori_Tense.json", "trans_download_link": "https://www.textflint.com/static/Tasks/NER/trans_dataset/CoNLL 2003/trans_Tense.json", "contributor": {"name": "Yiding Tan", "github": "https://github.com/Tannidy"}}, "SwapSyn-WordNet": {"ori": 89.15, "trans": 86.79, "sample_num": 3054, "ori_download_link": "https://www.textflint.com/static/Tasks/NER/trans_dataset/CoNLL 2003/ori_SwapSyn-WordNet.json", "trans_download_link": "https://www.textflint.com/static/Tasks/NER/trans_dataset/CoNLL 2003/trans_SwapSyn-WordNet.json", "contributor": {"name": "Yiding Tan", "github": "https://github.com/Tannidy"}}, "SwapAnt-WordNet": {"ori": 90.55, "trans": 84.5, "sample_num": 834, "ori_download_link": "https://www.textflint.com/static/Tasks/NER/trans_dataset/CoNLL 2003/ori_SwapAnt-WordNet.json", "trans_download_link": "https://www.textflint.com/static/Tasks/NER/trans_dataset/CoNLL 2003/trans_SwapAnt-WordNet.json", "contributor": {"name": "Yiding Tan", "github": "https://github.com/Tannidy"}}, "TwitterType": {"ori": 90.53, "trans": 78.25, "sample_num": 3446, "ori_download_link": "https://www.textflint.com/static/Tasks/NER/trans_dataset/CoNLL 2003/ori_TwitterType.json", "trans_download_link": "https://www.textflint.com/static/Tasks/NER/trans_dataset/CoNLL 2003/trans_TwitterType.json", "contributor": {"name": "Yiding Tan", "github": "https://github.com/Tannidy"}}, "Typos-random": {"ori": 90.53, "trans": 77.96, "sample_num": 3433, "ori_download_link": "https://www.textflint.com/static/Tasks/NER/trans_dataset/CoNLL 2003/ori_Typos-random.json", "trans_download_link": "https://www.textflint.com/static/Tasks/NER/trans_dataset/CoNLL 2003/trans_Typos-random.json", "contributor": {"name": "Yiding Tan", "github": "https://github.com/Tannidy"}}, "SwapSyn-WordEmbedding": {"ori": 89.41, "trans": 89.36, "sample_num": 1540, "ori_download_link": "https://www.textflint.com/static/Tasks/NER/trans_dataset/CoNLL 2003/ori_SwapSyn-WordEmbedding.json", "trans_download_link": "https://www.textflint.com/static/Tasks/NER/trans_dataset/CoNLL 2003/trans_SwapSyn-WordEmbedding.json", "contributor": {"name": "Yiding Tan", "github": "https://github.com/Tannidy"}}, "InsertAdv": {"ori": 89.46, "trans": 89.02, "sample_num": 1475, "ori_download_link": "https://www.textflint.com/static/Tasks/NER/trans_dataset/CoNLL 2003/ori_InsertAdv.json", "trans_download_link": "https://www.textflint.com/static/Tasks/NER/trans_dataset/CoNLL 2003/trans_InsertAdv.json", "contributor": {"name": "Yiding Tan", "github": "https://github.com/Tannidy"}}, "AppendIrr": {"ori": 90.53, "trans": 85.56, "sample_num": 3446, "ori_download_link": "https://www.textflint.com/static/Tasks/NER/trans_dataset/CoNLL 2003/ori_AppendIrr.json", "trans_download_link": "https://www.textflint.com/static/Tasks/NER/trans_dataset/CoNLL 2003/trans_AppendIrr.json", "contributor": {"name": "Yiding Tan", "github": "https://github.com/Tannidy"}}, "Contraction": {"ori": 88.05, "trans": 86.29, "sample_num": 190, "ori_download_link": "https://www.textflint.com/static/Tasks/NER/trans_dataset/CoNLL 2003/ori_Contraction.json", "trans_download_link": "https://www.textflint.com/static/Tasks/NER/trans_dataset/CoNLL 2003/trans_Contraction.json", "contributor": {"name": "Yiding Tan", "github": "https://github.com/Tannidy"}}, "AddRmvPunc": {"ori": 90.53, "trans": 89.94, "sample_num": 3443, "ori_download_link": "https://www.textflint.com/static/Tasks/NER/trans_dataset/CoNLL 2003/ori_AddRmvPunc.json", "trans_download_link": "https://www.textflint.com/static/Tasks/NER/trans_dataset/CoNLL 2003/trans_AddRmvPunc.json", "contributor": {"name": "Yiding Tan", "github": "https://github.com/Tannidy"}}, "WordCase-lower": {"ori": 90.88, "trans": 18.8, "sample_num": 3684, "ori_download_link": "https://www.textflint.com/static/Tasks/NER/trans_dataset/CoNLL 2003/ori_WordCase-lower.json", "trans_download_link": "https://www.textflint.com/static/Tasks/NER/trans_dataset/CoNLL 2003/trans_WordCase-lower.json", "contributor": {"name": "Yiding Tan", "github": "https://github.com/Tannidy"}}}}, {"model": "BERT-base(cased)", "attack_results": {"WordCase-title": {"ori": 91.15, "trans": 72.73, "sample_num": 3446, "ori_download_link": "https://www.textflint.com/static/Tasks/NER/trans_dataset/CoNLL 2003/ori_WordCase-title.json", "trans_download_link": "https://www.textflint.com/static/Tasks/NER/trans_dataset/CoNLL 2003/trans_WordCase-title.json", "contributor": {"name": "Yiding Tan", "github": "https://github.com/Tannidy"}}, "WordCase-upper": {"ori": 91.15, "trans": 40.82, "sample_num": 3446, "ori_download_link": "https://www.textflint.com/static/Tasks/NER/trans_dataset/CoNLL 2003/ori_WordCase-upper.json", "trans_download_link": "https://www.textflint.com/static/Tasks/NER/trans_dataset/CoNLL 2003/trans_WordCase-upper.json", "contributor": {"name": "Yiding Tan", "github": "https://github.com/Tannidy"}}, "Keyboard": {"ori": 91.15, "trans": 79.0, "sample_num": 3443, "ori_download_link": "https://www.textflint.com/static/Tasks/NER/trans_dataset/CoNLL 2003/ori_Keyboard.json", "trans_download_link": "https://www.textflint.com/static/Tasks/NER/trans_dataset/CoNLL 2003/trans_Keyboard.json", "contributor": {"name": "Yiding Tan", "github": "https://github.com/Tannidy"}}, "MLMSuggestion": {"ori": 92.12, "trans": 86.95, "sample_num": 3204, "ori_download_link": "https://www.textflint.com/static/Tasks/NER/trans_dataset/CoNLL 2003/ori_MLMSuggestion.json", "trans_download_link": "https://www.textflint.com/static/Tasks/NER/trans_dataset/CoNLL 2003/trans_MLMSuggestion.json", "contributor": {"name": "Yiding Tan", "github": "https://github.com/Tannidy"}}, "SwapNum": {"ori": 93.82, "trans": 93.76, "sample_num": 1124, "ori_download_link": "https://www.textflint.com/static/Tasks/NER/trans_dataset/CoNLL 2003/ori_SwapNum.json", "trans_download_link": "https://www.textflint.com/static/Tasks/NER/trans_dataset/CoNLL 2003/trans_SwapNum.json", "contributor": {"name": "Yiding Tan", "github": "https://github.com/Tannidy"}}, "Ocr": {"ori": 91.17, "trans": 81.35, "sample_num": 3432, "ori_download_link": "https://www.textflint.com/static/Tasks/NER/trans_dataset/CoNLL 2003/ori_Ocr.json", "trans_download_link": "https://www.textflint.com/static/Tasks/NER/trans_dataset/CoNLL 2003/trans_Ocr.json", "contributor": {"name": "Yiding Tan", "github": "https://github.com/Tannidy"}}, "RevNeg": {"ori": 91.25, "trans": 89.52, "sample_num": 2177, "ori_download_link": "https://www.textflint.com/static/Tasks/NER/trans_dataset/CoNLL 2003/ori_RevNeg.json", "trans_download_link": "https://www.textflint.com/static/Tasks/NER/trans_dataset/CoNLL 2003/trans_RevNeg.json", "contributor": {"name": "Yiding Tan", "github": "https://github.com/Tannidy"}}, "SpellingError": {"ori": 91.93, "trans": 76.44, "sample_num": 2681, "ori_download_link": "https://www.textflint.com/static/Tasks/NER/trans_dataset/CoNLL 2003/ori_SpellingError.json", "trans_download_link": "https://www.textflint.com/static/Tasks/NER/trans_dataset/CoNLL 2003/trans_SpellingError.json", "contributor": {"name": "Yiding Tan", "github": "https://github.com/Tannidy"}}, "Tense": {"ori": 91.93, "trans": 91.89, "sample_num": 1265, "ori_download_link": "https://www.textflint.com/static/Tasks/NER/trans_dataset/CoNLL 2003/ori_Tense.json", "trans_download_link": "https://www.textflint.com/static/Tasks/NER/trans_dataset/CoNLL 2003/trans_Tense.json", "contributor": {"name": "Yiding Tan", "github": "https://github.com/Tannidy"}}, "SwapSyn-WordNet": {"ori": 91.29, "trans": 88.83, "sample_num": 3054, "ori_download_link": "https://www.textflint.com/static/Tasks/NER/trans_dataset/CoNLL 2003/ori_SwapSyn-WordNet.json", "trans_download_link": "https://www.textflint.com/static/Tasks/NER/trans_dataset/CoNLL 2003/trans_SwapSyn-WordNet.json", "contributor": {"name": "Yiding Tan", "github": "https://github.com/Tannidy"}}, "SwapAnt-WordNet": {"ori": 91.19, "trans": 85.38, "sample_num": 834, "ori_download_link": "https://www.textflint.com/static/Tasks/NER/trans_dataset/CoNLL 2003/ori_SwapAnt-WordNet.json", "trans_download_link": "https://www.textflint.com/static/Tasks/NER/trans_dataset/CoNLL 2003/trans_SwapAnt-WordNet.json", "contributor": {"name": "Yiding Tan", "github": "https://github.com/Tannidy"}}, "TwitterType": {"ori": 91.15, "trans": 89.42, "sample_num": 3446, "ori_download_link": "https://www.textflint.com/static/Tasks/NER/trans_dataset/CoNLL 2003/ori_TwitterType.json", "trans_download_link": "https://www.textflint.com/static/Tasks/NER/trans_dataset/CoNLL 2003/trans_TwitterType.json", "contributor": {"name": "Yiding Tan", "github": "https://github.com/Tannidy"}}, "Typos-random": {"ori": 91.15, "trans": 78.81, "sample_num": 3433, "ori_download_link": "https://www.textflint.com/static/Tasks/NER/trans_dataset/CoNLL 2003/ori_Typos-random.json", "trans_download_link": "https://www.textflint.com/static/Tasks/NER/trans_dataset/CoNLL 2003/trans_Typos-random.json", "contributor": {"name": "Yiding Tan", "github": "https://github.com/Tannidy"}}, "SwapSyn-WordEmbedding": {"ori": 91.69, "trans": 90.86, "sample_num": 1540, "ori_download_link": "https://www.textflint.com/static/Tasks/NER/trans_dataset/CoNLL 2003/ori_SwapSyn-WordEmbedding.json", "trans_download_link": "https://www.textflint.com/static/Tasks/NER/trans_dataset/CoNLL 2003/trans_SwapSyn-WordEmbedding.json", "contributor": {"name": "Yiding Tan", "github": "https://github.com/Tannidy"}}, "InsertAdv": {"ori": 91.75, "trans": 90.63, "sample_num": 1475, "ori_download_link": "https://www.textflint.com/static/Tasks/NER/trans_dataset/CoNLL 2003/ori_InsertAdv.json", "trans_download_link": "https://www.textflint.com/static/Tasks/NER/trans_dataset/CoNLL 2003/trans_InsertAdv.json", "contributor": {"name": "Yiding Tan", "github": "https://github.com/Tannidy"}}, "AppendIrr": {"ori": 91.15, "trans": 87.01, "sample_num": 3446, "ori_download_link": "https://www.textflint.com/static/Tasks/NER/trans_dataset/CoNLL 2003/ori_AppendIrr.json", "trans_download_link": "https://www.textflint.com/static/Tasks/NER/trans_dataset/CoNLL 2003/trans_AppendIrr.json", "contributor": {"name": "Yiding Tan", "github": "https://github.com/Tannidy"}}, "Contraction": {"ori": 92.63, "trans": 92.5, "sample_num": 190, "ori_download_link": "https://www.textflint.com/static/Tasks/NER/trans_dataset/CoNLL 2003/ori_Contraction.json", "trans_download_link": "https://www.textflint.com/static/Tasks/NER/trans_dataset/CoNLL 2003/trans_Contraction.json", "contributor": {"name": "Yiding Tan", "github": "https://github.com/Tannidy"}}, "AddRmvPunc": {"ori": 91.15, "trans": 88.6, "sample_num": 3443, "ori_download_link": "https://www.textflint.com/static/Tasks/NER/trans_dataset/CoNLL 2003/ori_AddRmvPunc.json", "trans_download_link": "https://www.textflint.com/static/Tasks/NER/trans_dataset/CoNLL 2003/trans_AddRmvPunc.json", "contributor": {"name": "Yiding Tan", "github": "https://github.com/Tannidy"}}, "WordCase-lower": {"ori": 91.42, "trans": 21.38, "sample_num": 3684, "ori_download_link": "https://www.textflint.com/static/Tasks/NER/trans_dataset/CoNLL 2003/ori_WordCase-lower.json", "trans_download_link": "https://www.textflint.com/static/Tasks/NER/trans_dataset/CoNLL 2003/trans_WordCase-lower.json", "contributor": {"name": "Yiding Tan", "github": "https://github.com/Tannidy"}}}}, {"model": "BERT-base(uncased)", "attack_results": {"WordCase-title": {"ori": 90.06, "trans": 90.01, "sample_num": 3446, "ori_download_link": "https://www.textflint.com/static/Tasks/NER/trans_dataset/CoNLL 2003/ori_WordCase-title.json", "trans_download_link": "https://www.textflint.com/static/Tasks/NER/trans_dataset/CoNLL 2003/trans_WordCase-title.json", "contributor": {"name": "Yiding Tan", "github": "https://github.com/Tannidy"}}, "WordCase-upper": {"ori": 90.06, "trans": 90.01, "sample_num": 3446, "ori_download_link": "https://www.textflint.com/static/Tasks/NER/trans_dataset/CoNLL 2003/ori_WordCase-upper.json", "trans_download_link": "https://www.textflint.com/static/Tasks/NER/trans_dataset/CoNLL 2003/trans_WordCase-upper.json", "contributor": {"name": "Yiding Tan", "github": "https://github.com/Tannidy"}}, "Keyboard": {"ori": 90.06, "trans": 73.13, "sample_num": 3443, "ori_download_link": "https://www.textflint.com/static/Tasks/NER/trans_dataset/CoNLL 2003/ori_Keyboard.json", "trans_download_link": "https://www.textflint.com/static/Tasks/NER/trans_dataset/CoNLL 2003/trans_Keyboard.json", "contributor": {"name": "Yiding Tan", "github": "https://github.com/Tannidy"}}, "MLMSuggestion": {"ori": 90.47, "trans": 86.11, "sample_num": 3204, "ori_download_link": "https://www.textflint.com/static/Tasks/NER/trans_dataset/CoNLL 2003/ori_MLMSuggestion.json", "trans_download_link": "https://www.textflint.com/static/Tasks/NER/trans_dataset/CoNLL 2003/trans_MLMSuggestion.json", "contributor": {"name": "Yiding Tan", "github": "https://github.com/Tannidy"}}, "SwapNum": {"ori": 92.49, "trans": 92.48, "sample_num": 1124, "ori_download_link": "https://www.textflint.com/static/Tasks/NER/trans_dataset/CoNLL 2003/ori_SwapNum.json", "trans_download_link": "https://www.textflint.com/static/Tasks/NER/trans_dataset/CoNLL 2003/trans_SwapNum.json", "contributor": {"name": "Yiding Tan", "github": "https://github.com/Tannidy"}}, "Ocr": {"ori": 90.08, "trans": 75.88, "sample_num": 3432, "ori_download_link": "https://www.textflint.com/static/Tasks/NER/trans_dataset/CoNLL 2003/ori_Ocr.json", "trans_download_link": "https://www.textflint.com/static/Tasks/NER/trans_dataset/CoNLL 2003/trans_Ocr.json", "contributor": {"name": "Yiding Tan", "github": "https://github.com/Tannidy"}}, "RevNeg": {"ori": 90.2, "trans": 87.4, "sample_num": 2177, "ori_download_link": "https://www.textflint.com/static/Tasks/NER/trans_dataset/CoNLL 2003/ori_RevNeg.json", "trans_download_link": "https://www.textflint.com/static/Tasks/NER/trans_dataset/CoNLL 2003/trans_RevNeg.json", "contributor": {"name": "Yiding Tan", "github": "https://github.com/Tannidy"}}, "SpellingError": {"ori": 90.51, "trans": 70.0, "sample_num": 2681, "ori_download_link": "https://www.textflint.com/static/Tasks/NER/trans_dataset/CoNLL 2003/ori_SpellingError.json", "trans_download_link": "https://www.textflint.com/static/Tasks/NER/trans_dataset/CoNLL 2003/trans_SpellingError.json", "contributor": {"name": "Yiding Tan", "github": "https://github.com/Tannidy"}}, "Tense": {"ori": 89.21, "trans": 89.01, "sample_num": 1265, "ori_download_link": "https://www.textflint.com/static/Tasks/NER/trans_dataset/CoNLL 2003/ori_Tense.json", "trans_download_link": "https://www.textflint.com/static/Tasks/NER/trans_dataset/CoNLL 2003/trans_Tense.json", "contributor": {"name": "Yiding Tan", "github": "https://github.com/Tannidy"}}, "SwapSyn-WordNet": {"ori": 88.79, "trans": 88.06, "sample_num": 3054, "ori_download_link": "https://www.textflint.com/static/Tasks/NER/trans_dataset/CoNLL 2003/ori_SwapSyn-WordNet.json", "trans_download_link": "https://www.textflint.com/static/Tasks/NER/trans_dataset/CoNLL 2003/trans_SwapSyn-WordNet.json", "contributor": {"name": "Yiding Tan", "github": "https://github.com/Tannidy"}}, "SwapAnt-WordNet": {"ori": 90.15, "trans": 85.49, "sample_num": 834, "ori_download_link": "https://www.textflint.com/static/Tasks/NER/trans_dataset/CoNLL 2003/ori_SwapAnt-WordNet.json", "trans_download_link": "https://www.textflint.com/static/Tasks/NER/trans_dataset/CoNLL 2003/trans_SwapAnt-WordNet.json", "contributor": {"name": "Yiding Tan", "github": "https://github.com/Tannidy"}}, "TwitterType": {"ori": 90.06, "trans": 89.64, "sample_num": 3446, "ori_download_link": "https://www.textflint.com/static/Tasks/NER/trans_dataset/CoNLL 2003/ori_TwitterType.json", "trans_download_link": "https://www.textflint.com/static/Tasks/NER/trans_dataset/CoNLL 2003/trans_TwitterType.json", "contributor": {"name": "Yiding Tan", "github": "https://github.com/Tannidy"}}, "Typos-random": {"ori": 90.06, "trans": 65.69, "sample_num": 3433, "ori_download_link": "https://www.textflint.com/static/Tasks/NER/trans_dataset/CoNLL 2003/ori_Typos-random.json", "trans_download_link": "https://www.textflint.com/static/Tasks/NER/trans_dataset/CoNLL 2003/trans_Typos-random.json", "contributor": {"name": "Yiding Tan", "github": "https://github.com/Tannidy"}}, "SwapSyn-WordEmbedding": {"ori": 89.09, "trans": 87.81, "sample_num": 1540, "ori_download_link": "https://www.textflint.com/static/Tasks/NER/trans_dataset/CoNLL 2003/ori_SwapSyn-WordEmbedding.json", "trans_download_link": "https://www.textflint.com/static/Tasks/NER/trans_dataset/CoNLL 2003/trans_SwapSyn-WordEmbedding.json", "contributor": {"name": "Yiding Tan", "github": "https://github.com/Tannidy"}}, "InsertAdv": {"ori": 89.33, "trans": 85.26, "sample_num": 1475, "ori_download_link": "https://www.textflint.com/static/Tasks/NER/trans_dataset/CoNLL 2003/ori_InsertAdv.json", "trans_download_link": "https://www.textflint.com/static/Tasks/NER/trans_dataset/CoNLL 2003/trans_InsertAdv.json", "contributor": {"name": "Yiding Tan", "github": "https://github.com/Tannidy"}}, "AppendIrr": {"ori": 90.06, "trans": 87.02, "sample_num": 3446, "ori_download_link": "https://www.textflint.com/static/Tasks/NER/trans_dataset/CoNLL 2003/ori_AppendIrr.json", "trans_download_link": "https://www.textflint.com/static/Tasks/NER/trans_dataset/CoNLL 2003/trans_AppendIrr.json", "contributor": {"name": "Yiding Tan", "github": "https://github.com/Tannidy"}}, "Contraction": {"ori": 89.13, "trans": 89.73, "sample_num": 190, "ori_download_link": "https://www.textflint.com/static/Tasks/NER/trans_dataset/CoNLL 2003/ori_Contraction.json", "trans_download_link": "https://www.textflint.com/static/Tasks/NER/trans_dataset/CoNLL 2003/trans_Contraction.json", "contributor": {"name": "Yiding Tan", "github": "https://github.com/Tannidy"}}, "AddRmvPunc": {"ori": 90.06, "trans": 89.96, "sample_num": 3443, "ori_download_link": "https://www.textflint.com/static/Tasks/NER/trans_dataset/CoNLL 2003/ori_AddRmvPunc.json", "trans_download_link": "https://www.textflint.com/static/Tasks/NER/trans_dataset/CoNLL 2003/trans_AddRmvPunc.json", "contributor": {"name": "Yiding Tan", "github": "https://github.com/Tannidy"}}, "WordCase-lower": {"ori": 90.4, "trans": 90.4, "sample_num": 3684, "ori_download_link": "https://www.textflint.com/static/Tasks/NER/trans_dataset/CoNLL 2003/ori_WordCase-lower.json", "trans_download_link": "https://www.textflint.com/static/Tasks/NER/trans_dataset/CoNLL 2003/trans_WordCase-lower.json", "contributor": {"name": "Yiding Tan", "github": "https://github.com/Tannidy"}}}}, {"model": "TENER", "attack_results": {"WordCase-title": {"ori": 91.04, "trans": 71.04, "sample_num": 3446, "ori_download_link": "https://www.textflint.com/static/Tasks/NER/trans_dataset/CoNLL 2003/ori_WordCase-title.json", "trans_download_link": "https://www.textflint.com/static/Tasks/NER/trans_dataset/CoNLL 2003/trans_WordCase-title.json", "contributor": {"name": "Yiding Tan", "github": "https://github.com/Tannidy"}}, "WordCase-upper": {"ori": 91.04, "trans": 62.41, "sample_num": 3446, "ori_download_link": "https://www.textflint.com/static/Tasks/NER/trans_dataset/CoNLL 2003/ori_WordCase-upper.json", "trans_download_link": "https://www.textflint.com/static/Tasks/NER/trans_dataset/CoNLL 2003/trans_WordCase-upper.json", "contributor": {"name": "Yiding Tan", "github": "https://github.com/Tannidy"}}, "Keyboard": {"ori": 91.03, "trans": 81.64, "sample_num": 3443, "ori_download_link": "https://www.textflint.com/static/Tasks/NER/trans_dataset/CoNLL 2003/ori_Keyboard.json", "trans_download_link": "https://www.textflint.com/static/Tasks/NER/trans_dataset/CoNLL 2003/trans_Keyboard.json", "contributor": {"name": "Yiding Tan", "github": "https://github.com/Tannidy"}}, "MLMSuggestion": {"ori": 91.52, "trans": 89.86, "sample_num": 3204, "ori_download_link": "https://www.textflint.com/static/Tasks/NER/trans_dataset/CoNLL 2003/ori_MLMSuggestion.json", "trans_download_link": "https://www.textflint.com/static/Tasks/NER/trans_dataset/CoNLL 2003/trans_MLMSuggestion.json", "contributor": {"name": "Yiding Tan", "github": "https://github.com/Tannidy"}}, "SwapNum": {"ori": 93.16, "trans": 93.27, "sample_num": 1124, "ori_download_link": "https://www.textflint.com/static/Tasks/NER/trans_dataset/CoNLL 2003/ori_SwapNum.json", "trans_download_link": "https://www.textflint.com/static/Tasks/NER/trans_dataset/CoNLL 2003/trans_SwapNum.json", "contributor": {"name": "Yiding Tan", "github": "https://github.com/Tannidy"}}, "Ocr": {"ori": 91.07, "trans": 81.72, "sample_num": 3432, "ori_download_link": "https://www.textflint.com/static/Tasks/NER/trans_dataset/CoNLL 2003/ori_Ocr.json", "trans_download_link": "https://www.textflint.com/static/Tasks/NER/trans_dataset/CoNLL 2003/trans_Ocr.json", "contributor": {"name": "Yiding Tan", "github": "https://github.com/Tannidy"}}, "RevNeg": {"ori": 90.84, "trans": 89.43, "sample_num": 2177, "ori_download_link": "https://www.textflint.com/static/Tasks/NER/trans_dataset/CoNLL 2003/ori_RevNeg.json", "trans_download_link": "https://www.textflint.com/static/Tasks/NER/trans_dataset/CoNLL 2003/trans_RevNeg.json", "contributor": {"name": "Yiding Tan", "github": "https://github.com/Tannidy"}}, "SpellingError": {"ori": 91.33, "trans": 80.3, "sample_num": 2681, "ori_download_link": "https://www.textflint.com/static/Tasks/NER/trans_dataset/CoNLL 2003/ori_SpellingError.json", "trans_download_link": "https://www.textflint.com/static/Tasks/NER/trans_dataset/CoNLL 2003/trans_SpellingError.json", "contributor": {"name": "Yiding Tan", "github": "https://github.com/Tannidy"}}, "Tense": {"ori": 89.89, "trans": 89.64, "sample_num": 1265, "ori_download_link": "https://www.textflint.com/static/Tasks/NER/trans_dataset/CoNLL 2003/ori_Tense.json", "trans_download_link": "https://www.textflint.com/static/Tasks/NER/trans_dataset/CoNLL 2003/trans_Tense.json", "contributor": {"name": "Yiding Tan", "github": "https://github.com/Tannidy"}}, "SwapSyn-WordNet": {"ori": 89.81, "trans": 87.75, "sample_num": 3054, "ori_download_link": "https://www.textflint.com/static/Tasks/NER/trans_dataset/CoNLL 2003/ori_SwapSyn-WordNet.json", "trans_download_link": "https://www.textflint.com/static/Tasks/NER/trans_dataset/CoNLL 2003/trans_SwapSyn-WordNet.json", "contributor": {"name": "Yiding Tan", "github": "https://github.com/Tannidy"}}, "SwapAnt-WordNet": {"ori": 91.03, "trans": 86.6, "sample_num": 834, "ori_download_link": "https://www.textflint.com/static/Tasks/NER/trans_dataset/CoNLL 2003/ori_SwapAnt-WordNet.json", "trans_download_link": "https://www.textflint.com/static/Tasks/NER/trans_dataset/CoNLL 2003/trans_SwapAnt-WordNet.json", "contributor": {"name": "Yiding Tan", "github": "https://github.com/Tannidy"}}, "TwitterType": {"ori": 91.04, "trans": 83.25, "sample_num": 3446, "ori_download_link": "https://www.textflint.com/static/Tasks/NER/trans_dataset/CoNLL 2003/ori_TwitterType.json", "trans_download_link": "https://www.textflint.com/static/Tasks/NER/trans_dataset/CoNLL 2003/trans_TwitterType.json", "contributor": {"name": "Yiding Tan", "github": "https://github.com/Tannidy"}}, "Typos-random": {"ori": 91.03, "trans": 77.36, "sample_num": 3433, "ori_download_link": "https://www.textflint.com/static/Tasks/NER/trans_dataset/CoNLL 2003/ori_Typos-random.json", "trans_download_link": "https://www.textflint.com/static/Tasks/NER/trans_dataset/CoNLL 2003/trans_Typos-random.json", "contributor": {"name": "Yiding Tan", "github": "https://github.com/Tannidy"}}, "SwapSyn-WordEmbedding": {"ori": 89.72, "trans": 89.52, "sample_num": 1540, "ori_download_link": "https://www.textflint.com/static/Tasks/NER/trans_dataset/CoNLL 2003/ori_SwapSyn-WordEmbedding.json", "trans_download_link": "https://www.textflint.com/static/Tasks/NER/trans_dataset/CoNLL 2003/trans_SwapSyn-WordEmbedding.json", "contributor": {"name": "Yiding Tan", "github": "https://github.com/Tannidy"}}, "InsertAdv": {"ori": 89.97, "trans": 89.03, "sample_num": 1475, "ori_download_link": "https://www.textflint.com/static/Tasks/NER/trans_dataset/CoNLL 2003/ori_InsertAdv.json", "trans_download_link": "https://www.textflint.com/static/Tasks/NER/trans_dataset/CoNLL 2003/trans_InsertAdv.json", "contributor": {"name": "Yiding Tan", "github": "https://github.com/Tannidy"}}, "AppendIrr": {"ori": 91.04, "trans": 87.8, "sample_num": 3446, "ori_download_link": "https://www.textflint.com/static/Tasks/NER/trans_dataset/CoNLL 2003/ori_AppendIrr.json", "trans_download_link": "https://www.textflint.com/static/Tasks/NER/trans_dataset/CoNLL 2003/trans_AppendIrr.json", "contributor": {"name": "Yiding Tan", "github": "https://github.com/Tannidy"}}, "Contraction": {"ori": 90.82, "trans": 90.48, "sample_num": 190, "ori_download_link": "https://www.textflint.com/static/Tasks/NER/trans_dataset/CoNLL 2003/ori_Contraction.json", "trans_download_link": "https://www.textflint.com/static/Tasks/NER/trans_dataset/CoNLL 2003/trans_Contraction.json", "contributor": {"name": "Yiding Tan", "github": "https://github.com/Tannidy"}}, "AddRmvPunc": {"ori": 91.03, "trans": 82.93, "sample_num": 3443, "ori_download_link": "https://www.textflint.com/static/Tasks/NER/trans_dataset/CoNLL 2003/ori_AddRmvPunc.json", "trans_download_link": "https://www.textflint.com/static/Tasks/NER/trans_dataset/CoNLL 2003/trans_AddRmvPunc.json", "contributor": {"name": "Yiding Tan", "github": "https://github.com/Tannidy"}}, "WordCase-lower": {"ori": 91.53, "trans": 41.98, "sample_num": 3684, "ori_download_link": "https://www.textflint.com/static/Tasks/NER/trans_dataset/CoNLL 2003/ori_WordCase-lower.json", "trans_download_link": "https://www.textflint.com/static/Tasks/NER/trans_dataset/CoNLL 2003/trans_WordCase-lower.json", "contributor": {"name": "Yiding Tan", "github": "https://github.com/Tannidy"}}}}, {"model": "GRN", "attack_results": {"WordCase-title": {"ori": 91.27, "trans": 73.58, "sample_num": 3446, "ori_download_link": "https://www.textflint.com/static/Tasks/NER/trans_dataset/CoNLL 2003/ori_WordCase-title.json", "trans_download_link": "https://www.textflint.com/static/Tasks/NER/trans_dataset/CoNLL 2003/trans_WordCase-title.json", "contributor": {"name": "Yiding Tan", "github": "https://github.com/Tannidy"}}, "WordCase-upper": {"ori": 91.27, "trans": 80.04, "sample_num": 3446, "ori_download_link": "https://www.textflint.com/static/Tasks/NER/trans_dataset/CoNLL 2003/ori_WordCase-upper.json", "trans_download_link": "https://www.textflint.com/static/Tasks/NER/trans_dataset/CoNLL 2003/trans_WordCase-upper.json", "contributor": {"name": "Yiding Tan", "github": "https://github.com/Tannidy"}}, "Keyboard": {"ori": 91.27, "trans": 75.27, "sample_num": 3443, "ori_download_link": "https://www.textflint.com/static/Tasks/NER/trans_dataset/CoNLL 2003/ori_Keyboard.json", "trans_download_link": "https://www.textflint.com/static/Tasks/NER/trans_dataset/CoNLL 2003/trans_Keyboard.json", "contributor": {"name": "Yiding Tan", "github": "https://github.com/Tannidy"}}, "MLMSuggestion": {"ori": 91.77, "trans": 89.34, "sample_num": 3204, "ori_download_link": "https://www.textflint.com/static/Tasks/NER/trans_dataset/CoNLL 2003/ori_MLMSuggestion.json", "trans_download_link": "https://www.textflint.com/static/Tasks/NER/trans_dataset/CoNLL 2003/trans_MLMSuggestion.json", "contributor": {"name": "Yiding Tan", "github": "https://github.com/Tannidy"}}, "SwapNum": {"ori": 93.29, "trans": 93.26, "sample_num": 1124, "ori_download_link": "https://www.textflint.com/static/Tasks/NER/trans_dataset/CoNLL 2003/ori_SwapNum.json", "trans_download_link": "https://www.textflint.com/static/Tasks/NER/trans_dataset/CoNLL 2003/trans_SwapNum.json", "contributor": {"name": "Yiding Tan", "github": "https://github.com/Tannidy"}}, "Ocr": {"ori": 91.29, "trans": 80.85, "sample_num": 3432, "ori_download_link": "https://www.textflint.com/static/Tasks/NER/trans_dataset/CoNLL 2003/ori_Ocr.json", "trans_download_link": "https://www.textflint.com/static/Tasks/NER/trans_dataset/CoNLL 2003/trans_Ocr.json", "contributor": {"name": "Yiding Tan", "github": "https://github.com/Tannidy"}}, "RevNeg": {"ori": 91.3, "trans": 89.83, "sample_num": 2177, "ori_download_link": "https://www.textflint.com/static/Tasks/NER/trans_dataset/CoNLL 2003/ori_RevNeg.json", "trans_download_link": "https://www.textflint.com/static/Tasks/NER/trans_dataset/CoNLL 2003/trans_RevNeg.json", "contributor": {"name": "Yiding Tan", "github": "https://github.com/Tannidy"}}, "SpellingError": {"ori": 91.74, "trans": 77.83, "sample_num": 2681, "ori_download_link": "https://www.textflint.com/static/Tasks/NER/trans_dataset/CoNLL 2003/ori_SpellingError.json", "trans_download_link": "https://www.textflint.com/static/Tasks/NER/trans_dataset/CoNLL 2003/trans_SpellingError.json", "contributor": {"name": "Yiding Tan", "github": "https://github.com/Tannidy"}}, "Tense": {"ori": 90.63, "trans": 90.3, "sample_num": 1265, "ori_download_link": "https://www.textflint.com/static/Tasks/NER/trans_dataset/CoNLL 2003/ori_Tense.json", "trans_download_link": "https://www.textflint.com/static/Tasks/NER/trans_dataset/CoNLL 2003/trans_Tense.json", "contributor": {"name": "Yiding Tan", "github": "https://github.com/Tannidy"}}, "SwapSyn-WordNet": {"ori": 90.04, "trans": 87.35, "sample_num": 3054, "ori_download_link": "https://www.textflint.com/static/Tasks/NER/trans_dataset/CoNLL 2003/ori_SwapSyn-WordNet.json", "trans_download_link": "https://www.textflint.com/static/Tasks/NER/trans_dataset/CoNLL 2003/trans_SwapSyn-WordNet.json", "contributor": {"name": "Yiding Tan", "github": "https://github.com/Tannidy"}}, "SwapAnt-WordNet": {"ori": 91.29, "trans": 84.82, "sample_num": 834, "ori_download_link": "https://www.textflint.com/static/Tasks/NER/trans_dataset/CoNLL 2003/ori_SwapAnt-WordNet.json", "trans_download_link": "https://www.textflint.com/static/Tasks/NER/trans_dataset/CoNLL 2003/trans_SwapAnt-WordNet.json", "contributor": {"name": "Yiding Tan", "github": "https://github.com/Tannidy"}}, "TwitterType": {"ori": 91.27, "trans": 74.32, "sample_num": 3446, "ori_download_link": "https://www.textflint.com/static/Tasks/NER/trans_dataset/CoNLL 2003/ori_TwitterType.json", "trans_download_link": "https://www.textflint.com/static/Tasks/NER/trans_dataset/CoNLL 2003/trans_TwitterType.json", "contributor": {"name": "Yiding Tan", "github": "https://github.com/Tannidy"}}, "Typos-random": {"ori": 91.27, "trans": 78.82, "sample_num": 3433, "ori_download_link": "https://www.textflint.com/static/Tasks/NER/trans_dataset/CoNLL 2003/ori_Typos-random.json", "trans_download_link": "https://www.textflint.com/static/Tasks/NER/trans_dataset/CoNLL 2003/trans_Typos-random.json", "contributor": {"name": "Yiding Tan", "github": "https://github.com/Tannidy"}}, "SwapSyn-WordEmbedding": {"ori": 90.34, "trans": 90.16, "sample_num": 1540, "ori_download_link": "https://www.textflint.com/static/Tasks/NER/trans_dataset/CoNLL 2003/ori_SwapSyn-WordEmbedding.json", "trans_download_link": "https://www.textflint.com/static/Tasks/NER/trans_dataset/CoNLL 2003/trans_SwapSyn-WordEmbedding.json", "contributor": {"name": "Yiding Tan", "github": "https://github.com/Tannidy"}}, "InsertAdv": {"ori": 90.65, "trans": 89.99, "sample_num": 1475, "ori_download_link": "https://www.textflint.com/static/Tasks/NER/trans_dataset/CoNLL 2003/ori_InsertAdv.json", "trans_download_link": "https://www.textflint.com/static/Tasks/NER/trans_dataset/CoNLL 2003/trans_InsertAdv.json", "contributor": {"name": "Yiding Tan", "github": "https://github.com/Tannidy"}}, "AppendIrr": {"ori": 91.27, "trans": 85.67, "sample_num": 3446, "ori_download_link": "https://www.textflint.com/static/Tasks/NER/trans_dataset/CoNLL 2003/ori_AppendIrr.json", "trans_download_link": "https://www.textflint.com/static/Tasks/NER/trans_dataset/CoNLL 2003/trans_AppendIrr.json", "contributor": {"name": "Yiding Tan", "github": "https://github.com/Tannidy"}}, "Contraction": {"ori": 91.97, "trans": 90.6, "sample_num": 190, "ori_download_link": "https://www.textflint.com/static/Tasks/NER/trans_dataset/CoNLL 2003/ori_Contraction.json", "trans_download_link": "https://www.textflint.com/static/Tasks/NER/trans_dataset/CoNLL 2003/trans_Contraction.json", "contributor": {"name": "Yiding Tan", "github": "https://github.com/Tannidy"}}, "AddRmvPunc": {"ori": 91.27, "trans": 90.65, "sample_num": 3443, "ori_download_link": "https://www.textflint.com/static/Tasks/NER/trans_dataset/CoNLL 2003/ori_AddRmvPunc.json", "trans_download_link": "https://www.textflint.com/static/Tasks/NER/trans_dataset/CoNLL 2003/trans_AddRmvPunc.json", "contributor": {"name": "Yiding Tan", "github": "https://github.com/Tannidy"}}, "WordCase-lower": {"ori": 91.68, "trans": 13.68, "sample_num": 3684, "ori_download_link": "https://www.textflint.com/static/Tasks/NER/trans_dataset/CoNLL 2003/ori_WordCase-lower.json", "trans_download_link": "https://www.textflint.com/static/Tasks/NER/trans_dataset/CoNLL 2003/trans_WordCase-lower.json", "contributor": {"name": "Yiding Tan", "github": "https://github.com/Tannidy"}}}}, {"model": "flair embeddings", "attack_results": {"WordCase-title": {"ori": 92.01, "trans": 66.8, "sample_num": 3446, "ori_download_link": "https://www.textflint.com/static/Tasks/NER/trans_dataset/CoNLL 2003/ori_WordCase-title.json", "trans_download_link": "https://www.textflint.com/static/Tasks/NER/trans_dataset/CoNLL 2003/trans_WordCase-title.json", "contributor": {"name": "Yiding Tan", "github": "https://github.com/Tannidy"}}, "WordCase-upper": {"ori": 92.01, "trans": 82.24, "sample_num": 3446, "ori_download_link": "https://www.textflint.com/static/Tasks/NER/trans_dataset/CoNLL 2003/ori_WordCase-upper.json", "trans_download_link": "https://www.textflint.com/static/Tasks/NER/trans_dataset/CoNLL 2003/trans_WordCase-upper.json", "contributor": {"name": "Yiding Tan", "github": "https://github.com/Tannidy"}}, "Keyboard": {"ori": 92.01, "trans": 81.98, "sample_num": 3443, "ori_download_link": "https://www.textflint.com/static/Tasks/NER/trans_dataset/CoNLL 2003/ori_Keyboard.json", "trans_download_link": "https://www.textflint.com/static/Tasks/NER/trans_dataset/CoNLL 2003/trans_Keyboard.json", "contributor": {"name": "Yiding Tan", "github": "https://github.com/Tannidy"}}, "MLMSuggestion": {"ori": 92.71, "trans": 89.78, "sample_num": 3204, "ori_download_link": "https://www.textflint.com/static/Tasks/NER/trans_dataset/CoNLL 2003/ori_MLMSuggestion.json", "trans_download_link": "https://www.textflint.com/static/Tasks/NER/trans_dataset/CoNLL 2003/trans_MLMSuggestion.json", "contributor": {"name": "Yiding Tan", "github": "https://github.com/Tannidy"}}, "SwapNum": {"ori": 93.89, "trans": 93.95, "sample_num": 1124, "ori_download_link": "https://www.textflint.com/static/Tasks/NER/trans_dataset/CoNLL 2003/ori_SwapNum.json", "trans_download_link": "https://www.textflint.com/static/Tasks/NER/trans_dataset/CoNLL 2003/trans_SwapNum.json", "contributor": {"name": "Yiding Tan", "github": "https://github.com/Tannidy"}}, "Ocr": {"ori": 92.04, "trans": 84.77, "sample_num": 3432, "ori_download_link": "https://www.textflint.com/static/Tasks/NER/trans_dataset/CoNLL 2003/ori_Ocr.json", "trans_download_link": "https://www.textflint.com/static/Tasks/NER/trans_dataset/CoNLL 2003/trans_Ocr.json", "contributor": {"name": "Yiding Tan", "github": "https://github.com/Tannidy"}}, "RevNeg": {"ori": 92.11, "trans": 90.46, "sample_num": 2177, "ori_download_link": "https://www.textflint.com/static/Tasks/NER/trans_dataset/CoNLL 2003/ori_RevNeg.json", "trans_download_link": "https://www.textflint.com/static/Tasks/NER/trans_dataset/CoNLL 2003/trans_RevNeg.json", "contributor": {"name": "Yiding Tan", "github": "https://github.com/Tannidy"}}, "SpellingError": {"ori": 92.76, "trans": 83.85, "sample_num": 2681, "ori_download_link": "https://www.textflint.com/static/Tasks/NER/trans_dataset/CoNLL 2003/ori_SpellingError.json", "trans_download_link": "https://www.textflint.com/static/Tasks/NER/trans_dataset/CoNLL 2003/trans_SpellingError.json", "contributor": {"name": "Yiding Tan", "github": "https://github.com/Tannidy"}}, "Tense": {"ori": 91.97, "trans": 91.85, "sample_num": 1265, "ori_download_link": "https://www.textflint.com/static/Tasks/NER/trans_dataset/CoNLL 2003/ori_Tense.json", "trans_download_link": "https://www.textflint.com/static/Tasks/NER/trans_dataset/CoNLL 2003/trans_Tense.json", "contributor": {"name": "Yiding Tan", "github": "https://github.com/Tannidy"}}, "SwapSyn-WordNet": {"ori": 91.39, "trans": 90.18, "sample_num": 3054, "ori_download_link": "https://www.textflint.com/static/Tasks/NER/trans_dataset/CoNLL 2003/ori_SwapSyn-WordNet.json", "trans_download_link": "https://www.textflint.com/static/Tasks/NER/trans_dataset/CoNLL 2003/trans_SwapSyn-WordNet.json", "contributor": {"name": "Yiding Tan", "github": "https://github.com/Tannidy"}}, "SwapAnt-WordNet": {"ori": 92.08, "trans": 86.52, "sample_num": 834, "ori_download_link": "https://www.textflint.com/static/Tasks/NER/trans_dataset/CoNLL 2003/ori_SwapAnt-WordNet.json", "trans_download_link": "https://www.textflint.com/static/Tasks/NER/trans_dataset/CoNLL 2003/trans_SwapAnt-WordNet.json", "contributor": {"name": "Yiding Tan", "github": "https://github.com/Tannidy"}}, "TwitterType": {"ori": 92.01, "trans": 81.39, "sample_num": 3446, "ori_download_link": "https://www.textflint.com/static/Tasks/NER/trans_dataset/CoNLL 2003/ori_TwitterType.json", "trans_download_link": "https://www.textflint.com/static/Tasks/NER/trans_dataset/CoNLL 2003/trans_TwitterType.json", "contributor": {"name": "Yiding Tan", "github": "https://github.com/Tannidy"}}, "Typos-random": {"ori": 92.01, "trans": 82.42, "sample_num": 3433, "ori_download_link": "https://www.textflint.com/static/Tasks/NER/trans_dataset/CoNLL 2003/ori_Typos-random.json", "trans_download_link": "https://www.textflint.com/static/Tasks/NER/trans_dataset/CoNLL 2003/trans_Typos-random.json", "contributor": {"name": "Yiding Tan", "github": "https://github.com/Tannidy"}}, "SwapSyn-WordEmbedding": {"ori": 91.68, "trans": 90.95, "sample_num": 1540, "ori_download_link": "https://www.textflint.com/static/Tasks/NER/trans_dataset/CoNLL 2003/ori_SwapSyn-WordEmbedding.json", "trans_download_link": "https://www.textflint.com/static/Tasks/NER/trans_dataset/CoNLL 2003/trans_SwapSyn-WordEmbedding.json", "contributor": {"name": "Yiding Tan", "github": "https://github.com/Tannidy"}}, "InsertAdv": {"ori": 91.89, "trans": 91.52, "sample_num": 1475, "ori_download_link": "https://www.textflint.com/static/Tasks/NER/trans_dataset/CoNLL 2003/ori_InsertAdv.json", "trans_download_link": "https://www.textflint.com/static/Tasks/NER/trans_dataset/CoNLL 2003/trans_InsertAdv.json", "contributor": {"name": "Yiding Tan", "github": "https://github.com/Tannidy"}}, "AppendIrr": {"ori": 92.01, "trans": 87.68, "sample_num": 3446, "ori_download_link": "https://www.textflint.com/static/Tasks/NER/trans_dataset/CoNLL 2003/ori_AppendIrr.json", "trans_download_link": "https://www.textflint.com/static/Tasks/NER/trans_dataset/CoNLL 2003/trans_AppendIrr.json", "contributor": {"name": "Yiding Tan", "github": "https://github.com/Tannidy"}}, "Contraction": {"ori": 94.32, "trans": 93.02, "sample_num": 190, "ori_download_link": "https://www.textflint.com/static/Tasks/NER/trans_dataset/CoNLL 2003/ori_Contraction.json", "trans_download_link": "https://www.textflint.com/static/Tasks/NER/trans_dataset/CoNLL 2003/trans_Contraction.json", "contributor": {"name": "Yiding Tan", "github": "https://github.com/Tannidy"}}, "AddRmvPunc": {"ori": 92.01, "trans": 91.69, "sample_num": 3443, "ori_download_link": "https://www.textflint.com/static/Tasks/NER/trans_dataset/CoNLL 2003/ori_AddRmvPunc.json", "trans_download_link": "https://www.textflint.com/static/Tasks/NER/trans_dataset/CoNLL 2003/trans_AddRmvPunc.json", "contributor": {"name": "Yiding Tan", "github": "https://github.com/Tannidy"}}, "WordCase-lower": {"ori": 92.4, "trans": 79.3, "sample_num": 3684, "ori_download_link": "https://www.textflint.com/static/Tasks/NER/trans_dataset/CoNLL 2003/ori_WordCase-lower.json", "trans_download_link": "https://www.textflint.com/static/Tasks/NER/trans_dataset/CoNLL 2003/trans_WordCase-lower.json", "contributor": {"name": "Yiding Tan", "github": "https://github.com/Tannidy"}}}}, {"model": "BiLSTM-CRF+ELMo", "attack_results": {"WordCase-title": {"ori": 91.5, "trans": 70.61, "sample_num": 3446, "ori_download_link": "https://www.textflint.com/static/Tasks/NER/trans_dataset/CoNLL 2003/ori_WordCase-title.json", "trans_download_link": "https://www.textflint.com/static/Tasks/NER/trans_dataset/CoNLL 2003/trans_WordCase-title.json", "contributor": {"name": "Yiding Tan", "github": "https://github.com/Tannidy"}}, "WordCase-upper": {"ori": 91.5, "trans": 59.11, "sample_num": 3446, "ori_download_link": "https://www.textflint.com/static/Tasks/NER/trans_dataset/CoNLL 2003/ori_WordCase-upper.json", "trans_download_link": "https://www.textflint.com/static/Tasks/NER/trans_dataset/CoNLL 2003/trans_WordCase-upper.json", "contributor": {"name": "Yiding Tan", "github": "https://github.com/Tannidy"}}, "Keyboard": {"ori": 91.51, "trans": 80.21, "sample_num": 3443, "ori_download_link": "https://www.textflint.com/static/Tasks/NER/trans_dataset/CoNLL 2003/ori_Keyboard.json", "trans_download_link": "https://www.textflint.com/static/Tasks/NER/trans_dataset/CoNLL 2003/trans_Keyboard.json", "contributor": {"name": "Yiding Tan", "github": "https://github.com/Tannidy"}}, "MLMSuggestion": {"ori": 92.4, "trans": 88.48, "sample_num": 3204, "ori_download_link": "https://www.textflint.com/static/Tasks/NER/trans_dataset/CoNLL 2003/ori_MLMSuggestion.json", "trans_download_link": "https://www.textflint.com/static/Tasks/NER/trans_dataset/CoNLL 2003/trans_MLMSuggestion.json", "contributor": {"name": "Yiding Tan", "github": "https://github.com/Tannidy"}}, "SwapNum": {"ori": 93.65, "trans": 93.6, "sample_num": 1124, "ori_download_link": "https://www.textflint.com/static/Tasks/NER/trans_dataset/CoNLL 2003/ori_SwapNum.json", "trans_download_link": "https://www.textflint.com/static/Tasks/NER/trans_dataset/CoNLL 2003/trans_SwapNum.json", "contributor": {"name": "Yiding Tan", "github": "https://github.com/Tannidy"}}, "Ocr": {"ori": 91.53, "trans": 86.32, "sample_num": 3432, "ori_download_link": "https://www.textflint.com/static/Tasks/NER/trans_dataset/CoNLL 2003/ori_Ocr.json", "trans_download_link": "https://www.textflint.com/static/Tasks/NER/trans_dataset/CoNLL 2003/trans_Ocr.json", "contributor": {"name": "Yiding Tan", "github": "https://github.com/Tannidy"}}, "RevNeg": {"ori": 91.7, "trans": 90.38, "sample_num": 2177, "ori_download_link": "https://www.textflint.com/static/Tasks/NER/trans_dataset/CoNLL 2003/ori_RevNeg.json", "trans_download_link": "https://www.textflint.com/static/Tasks/NER/trans_dataset/CoNLL 2003/trans_RevNeg.json", "contributor": {"name": "Yiding Tan", "github": "https://github.com/Tannidy"}}, "SpellingError": {"ori": 92.31, "trans": 80.75, "sample_num": 2681, "ori_download_link": "https://www.textflint.com/static/Tasks/NER/trans_dataset/CoNLL 2003/ori_SpellingError.json", "trans_download_link": "https://www.textflint.com/static/Tasks/NER/trans_dataset/CoNLL 2003/trans_SpellingError.json", "contributor": {"name": "Yiding Tan", "github": "https://github.com/Tannidy"}}, "Tense": {"ori": 91.8, "trans": 91.78, "sample_num": 1265, "ori_download_link": "https://www.textflint.com/static/Tasks/NER/trans_dataset/CoNLL 2003/ori_Tense.json", "trans_download_link": "https://www.textflint.com/static/Tasks/NER/trans_dataset/CoNLL 2003/trans_Tense.json", "contributor": {"name": "Yiding Tan", "github": "https://github.com/Tannidy"}}, "SwapSyn-WordNet": {"ori": 91.44, "trans": 88.86, "sample_num": 3054, "ori_download_link": "https://www.textflint.com/static/Tasks/NER/trans_dataset/CoNLL 2003/ori_SwapSyn-WordNet.json", "trans_download_link": "https://www.textflint.com/static/Tasks/NER/trans_dataset/CoNLL 2003/trans_SwapSyn-WordNet.json", "contributor": {"name": "Yiding Tan", "github": "https://github.com/Tannidy"}}, "SwapAnt-WordNet": {"ori": 91.59, "trans": 85.79, "sample_num": 834, "ori_download_link": "https://www.textflint.com/static/Tasks/NER/trans_dataset/CoNLL 2003/ori_SwapAnt-WordNet.json", "trans_download_link": "https://www.textflint.com/static/Tasks/NER/trans_dataset/CoNLL 2003/trans_SwapAnt-WordNet.json", "contributor": {"name": "Yiding Tan", "github": "https://github.com/Tannidy"}}, "TwitterType": {"ori": 91.5, "trans": 83.15, "sample_num": 3446, "ori_download_link": "https://www.textflint.com/static/Tasks/NER/trans_dataset/CoNLL 2003/ori_TwitterType.json", "trans_download_link": "https://www.textflint.com/static/Tasks/NER/trans_dataset/CoNLL 2003/trans_TwitterType.json", "contributor": {"name": "Yiding Tan", "github": "https://github.com/Tannidy"}}, "Typos-random": {"ori": 91.54, "trans": 81.89, "sample_num": 3433, "ori_download_link": "https://www.textflint.com/static/Tasks/NER/trans_dataset/CoNLL 2003/ori_Typos-random.json", "trans_download_link": "https://www.textflint.com/static/Tasks/NER/trans_dataset/CoNLL 2003/trans_Typos-random.json", "contributor": {"name": "Yiding Tan", "github": "https://github.com/Tannidy"}}, "SwapSyn-WordEmbedding": {"ori": 91.6, "trans": 90.89, "sample_num": 1540, "ori_download_link": "https://www.textflint.com/static/Tasks/NER/trans_dataset/CoNLL 2003/ori_SwapSyn-WordEmbedding.json", "trans_download_link": "https://www.textflint.com/static/Tasks/NER/trans_dataset/CoNLL 2003/trans_SwapSyn-WordEmbedding.json", "contributor": {"name": "Yiding Tan", "github": "https://github.com/Tannidy"}}, "InsertAdv": {"ori": 91.73, "trans": 91.38, "sample_num": 1475, "ori_download_link": "https://www.textflint.com/static/Tasks/NER/trans_dataset/CoNLL 2003/ori_InsertAdv.json", "trans_download_link": "https://www.textflint.com/static/Tasks/NER/trans_dataset/CoNLL 2003/trans_InsertAdv.json", "contributor": {"name": "Yiding Tan", "github": "https://github.com/Tannidy"}}, "AppendIrr": {"ori": 91.5, "trans": 88.52, "sample_num": 3446, "ori_download_link": "https://www.textflint.com/static/Tasks/NER/trans_dataset/CoNLL 2003/ori_AppendIrr.json", "trans_download_link": "https://www.textflint.com/static/Tasks/NER/trans_dataset/CoNLL 2003/trans_AppendIrr.json", "contributor": {"name": "Yiding Tan", "github": "https://github.com/Tannidy"}}, "Contraction": {"ori": 92.6, "trans": 90.46, "sample_num": 190, "ori_download_link": "https://www.textflint.com/static/Tasks/NER/trans_dataset/CoNLL 2003/ori_Contraction.json", "trans_download_link": "https://www.textflint.com/static/Tasks/NER/trans_dataset/CoNLL 2003/trans_Contraction.json", "contributor": {"name": "Yiding Tan", "github": "https://github.com/Tannidy"}}, "AddRmvPunc": {"ori": 91.51, "trans": 79.64, "sample_num": 3443, "ori_download_link": "https://www.textflint.com/static/Tasks/NER/trans_dataset/CoNLL 2003/ori_AddRmvPunc.json", "trans_download_link": "https://www.textflint.com/static/Tasks/NER/trans_dataset/CoNLL 2003/trans_AddRmvPunc.json", "contributor": {"name": "Yiding Tan", "github": "https://github.com/Tannidy"}}, "WordCase-lower": {"ori": 91.14, "trans": 64.98, "sample_num": 3684, "ori_download_link": "https://www.textflint.com/static/Tasks/NER/trans_dataset/CoNLL 2003/ori_WordCase-lower.json", "trans_download_link": "https://www.textflint.com/static/Tasks/NER/trans_dataset/CoNLL 2003/trans_WordCase-lower.json", "contributor": {"name": "Yiding Tan", "github": "https://github.com/Tannidy"}}}}, {"model": "Flair embeddings + Pooling", "attack_results": {"WordCase-title": {"ori": 91.62, "trans": 62.53, "sample_num": 3446, "ori_download_link": "https://www.textflint.com/static/Tasks/NER/trans_dataset/CoNLL 2003/ori_WordCase-title.json", "trans_download_link": "https://www.textflint.com/static/Tasks/NER/trans_dataset/CoNLL 2003/trans_WordCase-title.json", "contributor": {"name": "Yiding Tan", "github": "https://github.com/Tannidy"}}, "WordCase-upper": {"ori": 91.62, "trans": 84.45, "sample_num": 3446, "ori_download_link": "https://www.textflint.com/static/Tasks/NER/trans_dataset/CoNLL 2003/ori_WordCase-upper.json", "trans_download_link": "https://www.textflint.com/static/Tasks/NER/trans_dataset/CoNLL 2003/trans_WordCase-upper.json", "contributor": {"name": "Yiding Tan", "github": "https://github.com/Tannidy"}}, "Keyboard": {"ori": 91.65, "trans": 81.67, "sample_num": 3443, "ori_download_link": "https://www.textflint.com/static/Tasks/NER/trans_dataset/CoNLL 2003/ori_Keyboard.json", "trans_download_link": "https://www.textflint.com/static/Tasks/NER/trans_dataset/CoNLL 2003/trans_Keyboard.json", "contributor": {"name": "Yiding Tan", "github": "https://github.com/Tannidy"}}, "MLMSuggestion": {"ori": 92.26, "trans": 89.81, "sample_num": 3204, "ori_download_link": "https://www.textflint.com/static/Tasks/NER/trans_dataset/CoNLL 2003/ori_MLMSuggestion.json", "trans_download_link": "https://www.textflint.com/static/Tasks/NER/trans_dataset/CoNLL 2003/trans_MLMSuggestion.json", "contributor": {"name": "Yiding Tan", "github": "https://github.com/Tannidy"}}, "SwapNum": {"ori": 93.45, "trans": 93.55, "sample_num": 1124, "ori_download_link": "https://www.textflint.com/static/Tasks/NER/trans_dataset/CoNLL 2003/ori_SwapNum.json", "trans_download_link": "https://www.textflint.com/static/Tasks/NER/trans_dataset/CoNLL 2003/trans_SwapNum.json", "contributor": {"name": "Yiding Tan", "github": "https://github.com/Tannidy"}}, "Ocr": {"ori": 91.7, "trans": 85.04, "sample_num": 3432, "ori_download_link": "https://www.textflint.com/static/Tasks/NER/trans_dataset/CoNLL 2003/ori_Ocr.json", "trans_download_link": "https://www.textflint.com/static/Tasks/NER/trans_dataset/CoNLL 2003/trans_Ocr.json", "contributor": {"name": "Yiding Tan", "github": "https://github.com/Tannidy"}}, "RevNeg": {"ori": 91.74, "trans": 90.2, "sample_num": 2177, "ori_download_link": "https://www.textflint.com/static/Tasks/NER/trans_dataset/CoNLL 2003/ori_RevNeg.json", "trans_download_link": "https://www.textflint.com/static/Tasks/NER/trans_dataset/CoNLL 2003/trans_RevNeg.json", "contributor": {"name": "Yiding Tan", "github": "https://github.com/Tannidy"}}, "SpellingError": {"ori": 92.17, "trans": 83.34, "sample_num": 2681, "ori_download_link": "https://www.textflint.com/static/Tasks/NER/trans_dataset/CoNLL 2003/ori_SpellingError.json", "trans_download_link": "https://www.textflint.com/static/Tasks/NER/trans_dataset/CoNLL 2003/trans_SpellingError.json", "contributor": {"name": "Yiding Tan", "github": "https://github.com/Tannidy"}}, "Tense": {"ori": 91.68, "trans": 91.51, "sample_num": 1265, "ori_download_link": "https://www.textflint.com/static/Tasks/NER/trans_dataset/CoNLL 2003/ori_Tense.json", "trans_download_link": "https://www.textflint.com/static/Tasks/NER/trans_dataset/CoNLL 2003/trans_Tense.json", "contributor": {"name": "Yiding Tan", "github": "https://github.com/Tannidy"}}, "SwapSyn-WordNet": {"ori": 90.68, "trans": 88.19, "sample_num": 3054, "ori_download_link": "https://www.textflint.com/static/Tasks/NER/trans_dataset/CoNLL 2003/ori_SwapSyn-WordNet.json", "trans_download_link": "https://www.textflint.com/static/Tasks/NER/trans_dataset/CoNLL 2003/trans_SwapSyn-WordNet.json", "contributor": {"name": "Yiding Tan", "github": "https://github.com/Tannidy"}}, "SwapAnt-WordNet": {"ori": 91.64, "trans": 86.04, "sample_num": 834, "ori_download_link": "https://www.textflint.com/static/Tasks/NER/trans_dataset/CoNLL 2003/ori_SwapAnt-WordNet.json", "trans_download_link": "https://www.textflint.com/static/Tasks/NER/trans_dataset/CoNLL 2003/trans_SwapAnt-WordNet.json", "contributor": {"name": "Yiding Tan", "github": "https://github.com/Tannidy"}}, "TwitterType": {"ori": 91.62, "trans": 81.13, "sample_num": 3446, "ori_download_link": "https://www.textflint.com/static/Tasks/NER/trans_dataset/CoNLL 2003/ori_TwitterType.json", "trans_download_link": "https://www.textflint.com/static/Tasks/NER/trans_dataset/CoNLL 2003/trans_TwitterType.json", "contributor": {"name": "Yiding Tan", "github": "https://github.com/Tannidy"}}, "Typos-random": {"ori": 91.66, "trans": 81.49, "sample_num": 3433, "ori_download_link": "https://www.textflint.com/static/Tasks/NER/trans_dataset/CoNLL 2003/ori_Typos-random.json", "trans_download_link": "https://www.textflint.com/static/Tasks/NER/trans_dataset/CoNLL 2003/trans_Typos-random.json", "contributor": {"name": "Yiding Tan", "github": "https://github.com/Tannidy"}}, "SwapSyn-WordEmbedding": {"ori": 91.17, "trans": 90.86, "sample_num": 1540, "ori_download_link": "https://www.textflint.com/static/Tasks/NER/trans_dataset/CoNLL 2003/ori_SwapSyn-WordEmbedding.json", "trans_download_link": "https://www.textflint.com/static/Tasks/NER/trans_dataset/CoNLL 2003/trans_SwapSyn-WordEmbedding.json", "contributor": {"name": "Yiding Tan", "github": "https://github.com/Tannidy"}}, "InsertAdv": {"ori": 91.34, "trans": 91.02, "sample_num": 1475, "ori_download_link": "https://www.textflint.com/static/Tasks/NER/trans_dataset/CoNLL 2003/ori_InsertAdv.json", "trans_download_link": "https://www.textflint.com/static/Tasks/NER/trans_dataset/CoNLL 2003/trans_InsertAdv.json", "contributor": {"name": "Yiding Tan", "github": "https://github.com/Tannidy"}}, "AppendIrr": {"ori": 91.62, "trans": 87.08, "sample_num": 3446, "ori_download_link": "https://www.textflint.com/static/Tasks/NER/trans_dataset/CoNLL 2003/ori_AppendIrr.json", "trans_download_link": "https://www.textflint.com/static/Tasks/NER/trans_dataset/CoNLL 2003/trans_AppendIrr.json", "contributor": {"name": "Yiding Tan", "github": "https://github.com/Tannidy"}}, "Contraction": {"ori": 91.8, "trans": 89.75, "sample_num": 190, "ori_download_link": "https://www.textflint.com/static/Tasks/NER/trans_dataset/CoNLL 2003/ori_Contraction.json", "trans_download_link": "https://www.textflint.com/static/Tasks/NER/trans_dataset/CoNLL 2003/trans_Contraction.json", "contributor": {"name": "Yiding Tan", "github": "https://github.com/Tannidy"}}, "AddRmvPunc": {"ori": 91.65, "trans": 91.28, "sample_num": 3443, "ori_download_link": "https://www.textflint.com/static/Tasks/NER/trans_dataset/CoNLL 2003/ori_AddRmvPunc.json", "trans_download_link": "https://www.textflint.com/static/Tasks/NER/trans_dataset/CoNLL 2003/trans_AddRmvPunc.json", "contributor": {"name": "Yiding Tan", "github": "https://github.com/Tannidy"}}, "WordCase-lower": {"ori": 91.32, "trans": 78.28, "sample_num": 3684, "ori_download_link": "https://www.textflint.com/static/Tasks/NER/trans_dataset/CoNLL 2003/ori_WordCase-lower.json", "trans_download_link": "https://www.textflint.com/static/Tasks/NER/trans_dataset/CoNLL 2003/trans_WordCase-lower.json", "contributor": {"name": "Yiding Tan", "github": "https://github.com/Tannidy"}}}}]