[{"model": "BiLSTM-CNN-CRF", "attack_results": {"ConcatSent_CrossCategory": {"ori": 85.96, "trans": 82.13, "sample_num": 8467, "ori_download_link": "https://www.textflint.com/static/Tasks/NER/trans_dataset/OntoNotes v5/ori_ConcatSent_CrossCategory.json", "trans_download_link": "https://www.textflint.com/static/Tasks/NER/trans_dataset/OntoNotes v5/trans_ConcatSent_CrossCategory.json", "contributor": {"name": "Yiding Tan", "github": "https://github.com/Tannidy"}}, "ConcatSent_EntTypos": {"ori": 86.47, "trans": 83.77, "sample_num": 1299, "ori_download_link": "https://www.textflint.com/static/Tasks/NER/trans_dataset/OntoNotes v5/ori_ConcatSent_EntTypos.json", "trans_download_link": "https://www.textflint.com/static/Tasks/NER/trans_dataset/OntoNotes v5/trans_ConcatSent_EntTypos.json", "contributor": {"name": "Yiding Tan", "github": "https://github.com/Tannidy"}}, "ConcatSent_OOV": {"ori": 85.96, "trans": 83.94, "sample_num": 8467, "ori_download_link": "https://www.textflint.com/static/Tasks/NER/trans_dataset/OntoNotes v5/ori_ConcatSent_OOV.json", "trans_download_link": "https://www.textflint.com/static/Tasks/NER/trans_dataset/OntoNotes v5/trans_ConcatSent_OOV.json", "contributor": {"name": "Yiding Tan", "github": "https://github.com/Tannidy"}}, "ConcatSent_SwapLonger": {"ori": 85.96, "trans": 84.01, "sample_num": 8467, "ori_download_link": "https://www.textflint.com/static/Tasks/NER/trans_dataset/OntoNotes v5/ori_ConcatSent_SwapLonger.json", "trans_download_link": "https://www.textflint.com/static/Tasks/NER/trans_dataset/OntoNotes v5/trans_ConcatSent_SwapLonger.json", "contributor": {"name": "Yiding Tan", "github": "https://github.com/Tannidy"}}, "CrossCategory_EntTypos": {"ori": 86.44, "trans": 61.62, "sample_num": 1297, "ori_download_link": "https://www.textflint.com/static/Tasks/NER/trans_dataset/OntoNotes v5/ori_CrossCategory_EntTypos.json", "trans_download_link": "https://www.textflint.com/static/Tasks/NER/trans_dataset/OntoNotes v5/trans_CrossCategory_EntTypos.json", "contributor": {"name": "Yiding Tan", "github": "https://github.com/Tannidy"}}, "CrossCategory_SwapLonger": {"ori": 85.95, "trans": 81.72, "sample_num": 8468, "ori_download_link": "https://www.textflint.com/static/Tasks/NER/trans_dataset/OntoNotes v5/ori_CrossCategory_SwapLonger.json", "trans_download_link": "https://www.textflint.com/static/Tasks/NER/trans_dataset/OntoNotes v5/trans_CrossCategory_SwapLonger.json", "contributor": {"name": "Yiding Tan", "github": "https://github.com/Tannidy"}}, "OOV_EntTypos": {"ori": 86.54, "trans": 71.5, "sample_num": 1302, "ori_download_link": "https://www.textflint.com/static/Tasks/NER/trans_dataset/OntoNotes v5/ori_OOV_EntTypos.json", "trans_download_link": "https://www.textflint.com/static/Tasks/NER/trans_dataset/OntoNotes v5/trans_OOV_EntTypos.json", "contributor": {"name": "Yiding Tan", "github": "https://github.com/Tannidy"}}, "OOV_SwapLonger": {"ori": 85.95, "trans": 81.87, "sample_num": 8468, "ori_download_link": "https://www.textflint.com/static/Tasks/NER/trans_dataset/OntoNotes v5/ori_OOV_SwapLonger.json", "trans_download_link": "https://www.textflint.com/static/Tasks/NER/trans_dataset/OntoNotes v5/trans_OOV_SwapLonger.json", "contributor": {"name": "Yiding Tan", "github": "https://github.com/Tannidy"}}, "SwapLonger_EntTypos": {"ori": 86.56, "trans": 74.26, "sample_num": 1294, "ori_download_link": "https://www.textflint.com/static/Tasks/NER/trans_dataset/OntoNotes v5/ori_SwapLonger_EntTypos.json", "trans_download_link": "https://www.textflint.com/static/Tasks/NER/trans_dataset/OntoNotes v5/trans_SwapLonger_EntTypos.json", "contributor": {"name": "Yiding Tan", "github": "https://github.com/Tannidy"}}}}, {"model": "BiLSTM-CRF", "attack_results": {"ConcatSent_CrossCategory": {"ori": 84.75, "trans": 80.68, "sample_num": 8467, "ori_download_link": "https://www.textflint.com/static/Tasks/NER/trans_dataset/OntoNotes v5/ori_ConcatSent_CrossCategory.json", "trans_download_link": "https://www.textflint.com/static/Tasks/NER/trans_dataset/OntoNotes v5/trans_ConcatSent_CrossCategory.json", "contributor": {"name": "Yiding Tan", "github": "https://github.com/Tannidy"}}, "ConcatSent_EntTypos": {"ori": 85.08, "trans": 81.45, "sample_num": 1299, "ori_download_link": "https://www.textflint.com/static/Tasks/NER/trans_dataset/OntoNotes v5/ori_ConcatSent_EntTypos.json", "trans_download_link": "https://www.textflint.com/static/Tasks/NER/trans_dataset/OntoNotes v5/trans_ConcatSent_EntTypos.json", "contributor": {"name": "Yiding Tan", "github": "https://github.com/Tannidy"}}, "ConcatSent_OOV": {"ori": 84.75, "trans": 82.58, "sample_num": 8467, "ori_download_link": "https://www.textflint.com/static/Tasks/NER/trans_dataset/OntoNotes v5/ori_ConcatSent_OOV.json", "trans_download_link": "https://www.textflint.com/static/Tasks/NER/trans_dataset/OntoNotes v5/trans_ConcatSent_OOV.json", "contributor": {"name": "Yiding Tan", "github": "https://github.com/Tannidy"}}, "ConcatSent_SwapLonger": {"ori": 84.75, "trans": 82.47, "sample_num": 8467, "ori_download_link": "https://www.textflint.com/static/Tasks/NER/trans_dataset/OntoNotes v5/ori_ConcatSent_SwapLonger.json", "trans_download_link": "https://www.textflint.com/static/Tasks/NER/trans_dataset/OntoNotes v5/trans_ConcatSent_SwapLonger.json", "contributor": {"name": "Yiding Tan", "github": "https://github.com/Tannidy"}}, "CrossCategory_EntTypos": {"ori": 85.06, "trans": 57.35, "sample_num": 1297, "ori_download_link": "https://www.textflint.com/static/Tasks/NER/trans_dataset/OntoNotes v5/ori_CrossCategory_EntTypos.json", "trans_download_link": "https://www.textflint.com/static/Tasks/NER/trans_dataset/OntoNotes v5/trans_CrossCategory_EntTypos.json", "contributor": {"name": "Yiding Tan", "github": "https://github.com/Tannidy"}}, "CrossCategory_SwapLonger": {"ori": 84.75, "trans": 78.97, "sample_num": 8468, "ori_download_link": "https://www.textflint.com/static/Tasks/NER/trans_dataset/OntoNotes v5/ori_CrossCategory_SwapLonger.json", "trans_download_link": "https://www.textflint.com/static/Tasks/NER/trans_dataset/OntoNotes v5/trans_CrossCategory_SwapLonger.json", "contributor": {"name": "Yiding Tan", "github": "https://github.com/Tannidy"}}, "OOV_EntTypos": {"ori": 85.08, "trans": 69.49, "sample_num": 1302, "ori_download_link": "https://www.textflint.com/static/Tasks/NER/trans_dataset/OntoNotes v5/ori_OOV_EntTypos.json", "trans_download_link": "https://www.textflint.com/static/Tasks/NER/trans_dataset/OntoNotes v5/trans_OOV_EntTypos.json", "contributor": {"name": "Yiding Tan", "github": "https://github.com/Tannidy"}}, "OOV_SwapLonger": {"ori": 84.75, "trans": 79.57, "sample_num": 8468, "ori_download_link": "https://www.textflint.com/static/Tasks/NER/trans_dataset/OntoNotes v5/ori_OOV_SwapLonger.json", "trans_download_link": "https://www.textflint.com/static/Tasks/NER/trans_dataset/OntoNotes v5/trans_OOV_SwapLonger.json", "contributor": {"name": "Yiding Tan", "github": "https://github.com/Tannidy"}}, "SwapLonger_EntTypos": {"ori": 85.13, "trans": 69.28, "sample_num": 1294, "ori_download_link": "https://www.textflint.com/static/Tasks/NER/trans_dataset/OntoNotes v5/ori_SwapLonger_EntTypos.json", "trans_download_link": "https://www.textflint.com/static/Tasks/NER/trans_dataset/OntoNotes v5/trans_SwapLonger_EntTypos.json", "contributor": {"name": "Yiding Tan", "github": "https://github.com/Tannidy"}}}}, {"model": "LM-LSTM-CRF", "attack_results": {"ConcatSent_CrossCategory": {"ori": 87.93, "trans": 83.13, "sample_num": 8467, "ori_download_link": "https://www.textflint.com/static/Tasks/NER/trans_dataset/OntoNotes v5/ori_ConcatSent_CrossCategory.json", "trans_download_link": "https://www.textflint.com/static/Tasks/NER/trans_dataset/OntoNotes v5/trans_ConcatSent_CrossCategory.json", "contributor": {"name": "Yiding Tan", "github": "https://github.com/Tannidy"}}, "ConcatSent_EntTypos": {"ori": 88.83, "trans": 85.67, "sample_num": 1299, "ori_download_link": "https://www.textflint.com/static/Tasks/NER/trans_dataset/OntoNotes v5/ori_ConcatSent_EntTypos.json", "trans_download_link": "https://www.textflint.com/static/Tasks/NER/trans_dataset/OntoNotes v5/trans_ConcatSent_EntTypos.json", "contributor": {"name": "Yiding Tan", "github": "https://github.com/Tannidy"}}, "ConcatSent_OOV": {"ori": 87.93, "trans": 85.85, "sample_num": 8467, "ori_download_link": "https://www.textflint.com/static/Tasks/NER/trans_dataset/OntoNotes v5/ori_ConcatSent_OOV.json", "trans_download_link": "https://www.textflint.com/static/Tasks/NER/trans_dataset/OntoNotes v5/trans_ConcatSent_OOV.json", "contributor": {"name": "Yiding Tan", "github": "https://github.com/Tannidy"}}, "ConcatSent_SwapLonger": {"ori": 87.93, "trans": 85.72, "sample_num": 8467, "ori_download_link": "https://www.textflint.com/static/Tasks/NER/trans_dataset/OntoNotes v5/ori_ConcatSent_SwapLonger.json", "trans_download_link": "https://www.textflint.com/static/Tasks/NER/trans_dataset/OntoNotes v5/trans_ConcatSent_SwapLonger.json", "contributor": {"name": "Yiding Tan", "github": "https://github.com/Tannidy"}}, "CrossCategory_EntTypos": {"ori": 88.8, "trans": 62.52, "sample_num": 1297, "ori_download_link": "https://www.textflint.com/static/Tasks/NER/trans_dataset/OntoNotes v5/ori_CrossCategory_EntTypos.json", "trans_download_link": "https://www.textflint.com/static/Tasks/NER/trans_dataset/OntoNotes v5/trans_CrossCategory_EntTypos.json", "contributor": {"name": "Yiding Tan", "github": "https://github.com/Tannidy"}}, "CrossCategory_SwapLonger": {"ori": 87.92, "trans": 83.57, "sample_num": 8468, "ori_download_link": "https://www.textflint.com/static/Tasks/NER/trans_dataset/OntoNotes v5/ori_CrossCategory_SwapLonger.json", "trans_download_link": "https://www.textflint.com/static/Tasks/NER/trans_dataset/OntoNotes v5/trans_CrossCategory_SwapLonger.json", "contributor": {"name": "Yiding Tan", "github": "https://github.com/Tannidy"}}, "OOV_EntTypos": {"ori": 88.81, "trans": 76.25, "sample_num": 1302, "ori_download_link": "https://www.textflint.com/static/Tasks/NER/trans_dataset/OntoNotes v5/ori_OOV_EntTypos.json", "trans_download_link": "https://www.textflint.com/static/Tasks/NER/trans_dataset/OntoNotes v5/trans_OOV_EntTypos.json", "contributor": {"name": "Yiding Tan", "github": "https://github.com/Tannidy"}}, "OOV_SwapLonger": {"ori": 87.92, "trans": 83.75, "sample_num": 8468, "ori_download_link": "https://www.textflint.com/static/Tasks/NER/trans_dataset/OntoNotes v5/ori_OOV_SwapLonger.json", "trans_download_link": "https://www.textflint.com/static/Tasks/NER/trans_dataset/OntoNotes v5/trans_OOV_SwapLonger.json", "contributor": {"name": "Yiding Tan", "github": "https://github.com/Tannidy"}}, "SwapLonger_EntTypos": {"ori": 88.88, "trans": 76.55, "sample_num": 1294, "ori_download_link": "https://www.textflint.com/static/Tasks/NER/trans_dataset/OntoNotes v5/ori_SwapLonger_EntTypos.json", "trans_download_link": "https://www.textflint.com/static/Tasks/NER/trans_dataset/OntoNotes v5/trans_SwapLonger_EntTypos.json", "contributor": {"name": "Yiding Tan", "github": "https://github.com/Tannidy"}}}}, {"model": "BERT-base(cased)", "attack_results": {"ConcatSent_CrossCategory": {"ori": 88.84, "trans": 84.97, "sample_num": 8467, "ori_download_link": "https://www.textflint.com/static/Tasks/NER/trans_dataset/OntoNotes v5/ori_ConcatSent_CrossCategory.json", "trans_download_link": "https://www.textflint.com/static/Tasks/NER/trans_dataset/OntoNotes v5/trans_ConcatSent_CrossCategory.json", "contributor": {"name": "Yiding Tan", "github": "https://github.com/Tannidy"}}, "ConcatSent_EntTypos": {"ori": 90.33, "trans": 87.32, "sample_num": 1299, "ori_download_link": "https://www.textflint.com/static/Tasks/NER/trans_dataset/OntoNotes v5/ori_ConcatSent_EntTypos.json", "trans_download_link": "https://www.textflint.com/static/Tasks/NER/trans_dataset/OntoNotes v5/trans_ConcatSent_EntTypos.json", "contributor": {"name": "Yiding Tan", "github": "https://github.com/Tannidy"}}, "ConcatSent_OOV": {"ori": 88.84, "trans": 87.28, "sample_num": 8467, "ori_download_link": "https://www.textflint.com/static/Tasks/NER/trans_dataset/OntoNotes v5/ori_ConcatSent_OOV.json", "trans_download_link": "https://www.textflint.com/static/Tasks/NER/trans_dataset/OntoNotes v5/trans_ConcatSent_OOV.json", "contributor": {"name": "Yiding Tan", "github": "https://github.com/Tannidy"}}, "ConcatSent_SwapLonger": {"ori": 88.84, "trans": 86.68, "sample_num": 8467, "ori_download_link": "https://www.textflint.com/static/Tasks/NER/trans_dataset/OntoNotes v5/ori_ConcatSent_SwapLonger.json", "trans_download_link": "https://www.textflint.com/static/Tasks/NER/trans_dataset/OntoNotes v5/trans_ConcatSent_SwapLonger.json", "contributor": {"name": "Yiding Tan", "github": "https://github.com/Tannidy"}}, "CrossCategory_EntTypos": {"ori": 90.33, "trans": 68.45, "sample_num": 1297, "ori_download_link": "https://www.textflint.com/static/Tasks/NER/trans_dataset/OntoNotes v5/ori_CrossCategory_EntTypos.json", "trans_download_link": "https://www.textflint.com/static/Tasks/NER/trans_dataset/OntoNotes v5/trans_CrossCategory_EntTypos.json", "contributor": {"name": "Yiding Tan", "github": "https://github.com/Tannidy"}}, "CrossCategory_SwapLonger": {"ori": 88.85, "trans": 83.87, "sample_num": 8468, "ori_download_link": "https://www.textflint.com/static/Tasks/NER/trans_dataset/OntoNotes v5/ori_CrossCategory_SwapLonger.json", "trans_download_link": "https://www.textflint.com/static/Tasks/NER/trans_dataset/OntoNotes v5/trans_CrossCategory_SwapLonger.json", "contributor": {"name": "Yiding Tan", "github": "https://github.com/Tannidy"}}, "OOV_EntTypos": {"ori": 90.36, "trans": 81.07, "sample_num": 1302, "ori_download_link": "https://www.textflint.com/static/Tasks/NER/trans_dataset/OntoNotes v5/ori_OOV_EntTypos.json", "trans_download_link": "https://www.textflint.com/static/Tasks/NER/trans_dataset/OntoNotes v5/trans_OOV_EntTypos.json", "contributor": {"name": "Yiding Tan", "github": "https://github.com/Tannidy"}}, "OOV_SwapLonger": {"ori": 88.85, "trans": 84.0, "sample_num": 8468, "ori_download_link": "https://www.textflint.com/static/Tasks/NER/trans_dataset/OntoNotes v5/ori_OOV_SwapLonger.json", "trans_download_link": "https://www.textflint.com/static/Tasks/NER/trans_dataset/OntoNotes v5/trans_OOV_SwapLonger.json", "contributor": {"name": "Yiding Tan", "github": "https://github.com/Tannidy"}}, "SwapLonger_EntTypos": {"ori": 90.4, "trans": 76.26, "sample_num": 1294, "ori_download_link": "https://www.textflint.com/static/Tasks/NER/trans_dataset/OntoNotes v5/ori_SwapLonger_EntTypos.json", "trans_download_link": "https://www.textflint.com/static/Tasks/NER/trans_dataset/OntoNotes v5/trans_SwapLonger_EntTypos.json", "contributor": {"name": "Yiding Tan", "github": "https://github.com/Tannidy"}}}}, {"model": "BERT-base(uncased)", "attack_results": {"ConcatSent_CrossCategory": {"ori": 86.85, "trans": 82.6, "sample_num": 8467, "ori_download_link": "https://www.textflint.com/static/Tasks/NER/trans_dataset/OntoNotes v5/ori_ConcatSent_CrossCategory.json", "trans_download_link": "https://www.textflint.com/static/Tasks/NER/trans_dataset/OntoNotes v5/trans_ConcatSent_CrossCategory.json", "contributor": {"name": "Yiding Tan", "github": "https://github.com/Tannidy"}}, "ConcatSent_EntTypos": {"ori": 87.41, "trans": 84.66, "sample_num": 1299, "ori_download_link": "https://www.textflint.com/static/Tasks/NER/trans_dataset/OntoNotes v5/ori_ConcatSent_EntTypos.json", "trans_download_link": "https://www.textflint.com/static/Tasks/NER/trans_dataset/OntoNotes v5/trans_ConcatSent_EntTypos.json", "contributor": {"name": "Yiding Tan", "github": "https://github.com/Tannidy"}}, "ConcatSent_OOV": {"ori": 86.85, "trans": 85.33, "sample_num": 8467, "ori_download_link": "https://www.textflint.com/static/Tasks/NER/trans_dataset/OntoNotes v5/ori_ConcatSent_OOV.json", "trans_download_link": "https://www.textflint.com/static/Tasks/NER/trans_dataset/OntoNotes v5/trans_ConcatSent_OOV.json", "contributor": {"name": "Yiding Tan", "github": "https://github.com/Tannidy"}}, "ConcatSent_SwapLonger": {"ori": 86.85, "trans": 84.87, "sample_num": 8467, "ori_download_link": "https://www.textflint.com/static/Tasks/NER/trans_dataset/OntoNotes v5/ori_ConcatSent_SwapLonger.json", "trans_download_link": "https://www.textflint.com/static/Tasks/NER/trans_dataset/OntoNotes v5/trans_ConcatSent_SwapLonger.json", "contributor": {"name": "Yiding Tan", "github": "https://github.com/Tannidy"}}, "CrossCategory_EntTypos": {"ori": 87.42, "trans": 62.22, "sample_num": 1297, "ori_download_link": "https://www.textflint.com/static/Tasks/NER/trans_dataset/OntoNotes v5/ori_CrossCategory_EntTypos.json", "trans_download_link": "https://www.textflint.com/static/Tasks/NER/trans_dataset/OntoNotes v5/trans_CrossCategory_EntTypos.json", "contributor": {"name": "Yiding Tan", "github": "https://github.com/Tannidy"}}, "CrossCategory_SwapLonger": {"ori": 86.85, "trans": 82.0, "sample_num": 8468, "ori_download_link": "https://www.textflint.com/static/Tasks/NER/trans_dataset/OntoNotes v5/ori_CrossCategory_SwapLonger.json", "trans_download_link": "https://www.textflint.com/static/Tasks/NER/trans_dataset/OntoNotes v5/trans_CrossCategory_SwapLonger.json", "contributor": {"name": "Yiding Tan", "github": "https://github.com/Tannidy"}}, "OOV_EntTypos": {"ori": 87.4, "trans": 76.28, "sample_num": 1302, "ori_download_link": "https://www.textflint.com/static/Tasks/NER/trans_dataset/OntoNotes v5/ori_OOV_EntTypos.json", "trans_download_link": "https://www.textflint.com/static/Tasks/NER/trans_dataset/OntoNotes v5/trans_OOV_EntTypos.json", "contributor": {"name": "Yiding Tan", "github": "https://github.com/Tannidy"}}, "OOV_SwapLonger": {"ori": 86.85, "trans": 82.05, "sample_num": 8468, "ori_download_link": "https://www.textflint.com/static/Tasks/NER/trans_dataset/OntoNotes v5/ori_OOV_SwapLonger.json", "trans_download_link": "https://www.textflint.com/static/Tasks/NER/trans_dataset/OntoNotes v5/trans_OOV_SwapLonger.json", "contributor": {"name": "Yiding Tan", "github": "https://github.com/Tannidy"}}, "SwapLonger_EntTypos": {"ori": 87.47, "trans": 71.9, "sample_num": 1294, "ori_download_link": "https://www.textflint.com/static/Tasks/NER/trans_dataset/OntoNotes v5/ori_SwapLonger_EntTypos.json", "trans_download_link": "https://www.textflint.com/static/Tasks/NER/trans_dataset/OntoNotes v5/trans_SwapLonger_EntTypos.json", "contributor": {"name": "Yiding Tan", "github": "https://github.com/Tannidy"}}}}, {"model": "TENER", "attack_results": {"ConcatSent_CrossCategory": {"ori": 87.93, "trans": 83.44, "sample_num": 8467, "ori_download_link": "https://www.textflint.com/static/Tasks/NER/trans_dataset/OntoNotes v5/ori_ConcatSent_CrossCategory.json", "trans_download_link": "https://www.textflint.com/static/Tasks/NER/trans_dataset/OntoNotes v5/trans_ConcatSent_CrossCategory.json", "contributor": {"name": "Yiding Tan", "github": "https://github.com/Tannidy"}}, "ConcatSent_EntTypos": {"ori": 88.87, "trans": 85.1, "sample_num": 1299, "ori_download_link": "https://www.textflint.com/static/Tasks/NER/trans_dataset/OntoNotes v5/ori_ConcatSent_EntTypos.json", "trans_download_link": "https://www.textflint.com/static/Tasks/NER/trans_dataset/OntoNotes v5/trans_ConcatSent_EntTypos.json", "contributor": {"name": "Yiding Tan", "github": "https://github.com/Tannidy"}}, "ConcatSent_OOV": {"ori": 87.93, "trans": 85.44, "sample_num": 8467, "ori_download_link": "https://www.textflint.com/static/Tasks/NER/trans_dataset/OntoNotes v5/ori_ConcatSent_OOV.json", "trans_download_link": "https://www.textflint.com/static/Tasks/NER/trans_dataset/OntoNotes v5/trans_ConcatSent_OOV.json", "contributor": {"name": "Yiding Tan", "github": "https://github.com/Tannidy"}}, "ConcatSent_SwapLonger": {"ori": 87.93, "trans": 85.43, "sample_num": 8467, "ori_download_link": "https://www.textflint.com/static/Tasks/NER/trans_dataset/OntoNotes v5/ori_ConcatSent_SwapLonger.json", "trans_download_link": "https://www.textflint.com/static/Tasks/NER/trans_dataset/OntoNotes v5/trans_ConcatSent_SwapLonger.json", "contributor": {"name": "Yiding Tan", "github": "https://github.com/Tannidy"}}, "CrossCategory_EntTypos": {"ori": 88.91, "trans": 60.61, "sample_num": 1297, "ori_download_link": "https://www.textflint.com/static/Tasks/NER/trans_dataset/OntoNotes v5/ori_CrossCategory_EntTypos.json", "trans_download_link": "https://www.textflint.com/static/Tasks/NER/trans_dataset/OntoNotes v5/trans_CrossCategory_EntTypos.json", "contributor": {"name": "Yiding Tan", "github": "https://github.com/Tannidy"}}, "CrossCategory_SwapLonger": {"ori": 87.92, "trans": 82.5, "sample_num": 8468, "ori_download_link": "https://www.textflint.com/static/Tasks/NER/trans_dataset/OntoNotes v5/ori_CrossCategory_SwapLonger.json", "trans_download_link": "https://www.textflint.com/static/Tasks/NER/trans_dataset/OntoNotes v5/trans_CrossCategory_SwapLonger.json", "contributor": {"name": "Yiding Tan", "github": "https://github.com/Tannidy"}}, "OOV_EntTypos": {"ori": 88.89, "trans": 72.16, "sample_num": 1302, "ori_download_link": "https://www.textflint.com/static/Tasks/NER/trans_dataset/OntoNotes v5/ori_OOV_EntTypos.json", "trans_download_link": "https://www.textflint.com/static/Tasks/NER/trans_dataset/OntoNotes v5/trans_OOV_EntTypos.json", "contributor": {"name": "Yiding Tan", "github": "https://github.com/Tannidy"}}, "OOV_SwapLonger": {"ori": 87.92, "trans": 82.64, "sample_num": 8468, "ori_download_link": "https://www.textflint.com/static/Tasks/NER/trans_dataset/OntoNotes v5/ori_OOV_SwapLonger.json", "trans_download_link": "https://www.textflint.com/static/Tasks/NER/trans_dataset/OntoNotes v5/trans_OOV_SwapLonger.json", "contributor": {"name": "Yiding Tan", "github": "https://github.com/Tannidy"}}, "SwapLonger_EntTypos": {"ori": 88.99, "trans": 73.79, "sample_num": 1294, "ori_download_link": "https://www.textflint.com/static/Tasks/NER/trans_dataset/OntoNotes v5/ori_SwapLonger_EntTypos.json", "trans_download_link": "https://www.textflint.com/static/Tasks/NER/trans_dataset/OntoNotes v5/trans_SwapLonger_EntTypos.json", "contributor": {"name": "Yiding Tan", "github": "https://github.com/Tannidy"}}}}, {"model": "GRN", "attack_results": {"ConcatSent_CrossCategory": {"ori": 87.26, "trans": 82.49, "sample_num": 8467, "ori_download_link": "https://www.textflint.com/static/Tasks/NER/trans_dataset/OntoNotes v5/ori_ConcatSent_CrossCategory.json", "trans_download_link": "https://www.textflint.com/static/Tasks/NER/trans_dataset/OntoNotes v5/trans_ConcatSent_CrossCategory.json", "contributor": {"name": "Yiding Tan", "github": "https://github.com/Tannidy"}}, "ConcatSent_EntTypos": {"ori": 87.99, "trans": 85.7, "sample_num": 1299, "ori_download_link": "https://www.textflint.com/static/Tasks/NER/trans_dataset/OntoNotes v5/ori_ConcatSent_EntTypos.json", "trans_download_link": "https://www.textflint.com/static/Tasks/NER/trans_dataset/OntoNotes v5/trans_ConcatSent_EntTypos.json", "contributor": {"name": "Yiding Tan", "github": "https://github.com/Tannidy"}}, "ConcatSent_OOV": {"ori": 87.26, "trans": 85.51, "sample_num": 8467, "ori_download_link": "https://www.textflint.com/static/Tasks/NER/trans_dataset/OntoNotes v5/ori_ConcatSent_OOV.json", "trans_download_link": "https://www.textflint.com/static/Tasks/NER/trans_dataset/OntoNotes v5/trans_ConcatSent_OOV.json", "contributor": {"name": "Yiding Tan", "github": "https://github.com/Tannidy"}}, "ConcatSent_SwapLonger": {"ori": 87.26, "trans": 85.14, "sample_num": 8467, "ori_download_link": "https://www.textflint.com/static/Tasks/NER/trans_dataset/OntoNotes v5/ori_ConcatSent_SwapLonger.json", "trans_download_link": "https://www.textflint.com/static/Tasks/NER/trans_dataset/OntoNotes v5/trans_ConcatSent_SwapLonger.json", "contributor": {"name": "Yiding Tan", "github": "https://github.com/Tannidy"}}, "CrossCategory_EntTypos": {"ori": 87.99, "trans": 60.53, "sample_num": 1297, "ori_download_link": "https://www.textflint.com/static/Tasks/NER/trans_dataset/OntoNotes v5/ori_CrossCategory_EntTypos.json", "trans_download_link": "https://www.textflint.com/static/Tasks/NER/trans_dataset/OntoNotes v5/trans_CrossCategory_EntTypos.json", "contributor": {"name": "Yiding Tan", "github": "https://github.com/Tannidy"}}, "CrossCategory_SwapLonger": {"ori": 87.25, "trans": 82.4, "sample_num": 8468, "ori_download_link": "https://www.textflint.com/static/Tasks/NER/trans_dataset/OntoNotes v5/ori_CrossCategory_SwapLonger.json", "trans_download_link": "https://www.textflint.com/static/Tasks/NER/trans_dataset/OntoNotes v5/trans_CrossCategory_SwapLonger.json", "contributor": {"name": "Yiding Tan", "github": "https://github.com/Tannidy"}}, "OOV_EntTypos": {"ori": 87.98, "trans": 76.38, "sample_num": 1302, "ori_download_link": "https://www.textflint.com/static/Tasks/NER/trans_dataset/OntoNotes v5/ori_OOV_EntTypos.json", "trans_download_link": "https://www.textflint.com/static/Tasks/NER/trans_dataset/OntoNotes v5/trans_OOV_EntTypos.json", "contributor": {"name": "Yiding Tan", "github": "https://github.com/Tannidy"}}, "OOV_SwapLonger": {"ori": 87.25, "trans": 82.68, "sample_num": 8468, "ori_download_link": "https://www.textflint.com/static/Tasks/NER/trans_dataset/OntoNotes v5/ori_OOV_SwapLonger.json", "trans_download_link": "https://www.textflint.com/static/Tasks/NER/trans_dataset/OntoNotes v5/trans_OOV_SwapLonger.json", "contributor": {"name": "Yiding Tan", "github": "https://github.com/Tannidy"}}, "SwapLonger_EntTypos": {"ori": 88.03, "trans": 75.13, "sample_num": 1294, "ori_download_link": "https://www.textflint.com/static/Tasks/NER/trans_dataset/OntoNotes v5/ori_SwapLonger_EntTypos.json", "trans_download_link": "https://www.textflint.com/static/Tasks/NER/trans_dataset/OntoNotes v5/trans_SwapLonger_EntTypos.json", "contributor": {"name": "Yiding Tan", "github": "https://github.com/Tannidy"}}}}, {"model": "flair embeddings", "attack_results": {"ConcatSent_CrossCategory": {"ori": 86.95, "trans": 82.7, "sample_num": 8467, "ori_download_link": "https://www.textflint.com/static/Tasks/NER/trans_dataset/OntoNotes v5/ori_ConcatSent_CrossCategory.json", "trans_download_link": "https://www.textflint.com/static/Tasks/NER/trans_dataset/OntoNotes v5/trans_ConcatSent_CrossCategory.json", "contributor": {"name": "Yiding Tan", "github": "https://github.com/Tannidy"}}, "ConcatSent_EntTypos": {"ori": 88.06, "trans": 86.68, "sample_num": 1299, "ori_download_link": "https://www.textflint.com/static/Tasks/NER/trans_dataset/OntoNotes v5/ori_ConcatSent_EntTypos.json", "trans_download_link": "https://www.textflint.com/static/Tasks/NER/trans_dataset/OntoNotes v5/trans_ConcatSent_EntTypos.json", "contributor": {"name": "Yiding Tan", "github": "https://github.com/Tannidy"}}, "ConcatSent_OOV": {"ori": 86.95, "trans": 85.54, "sample_num": 8467, "ori_download_link": "https://www.textflint.com/static/Tasks/NER/trans_dataset/OntoNotes v5/ori_ConcatSent_OOV.json", "trans_download_link": "https://www.textflint.com/static/Tasks/NER/trans_dataset/OntoNotes v5/trans_ConcatSent_OOV.json", "contributor": {"name": "Yiding Tan", "github": "https://github.com/Tannidy"}}, "ConcatSent_SwapLonger": {"ori": 86.95, "trans": 85.26, "sample_num": 8467, "ori_download_link": "https://www.textflint.com/static/Tasks/NER/trans_dataset/OntoNotes v5/ori_ConcatSent_SwapLonger.json", "trans_download_link": "https://www.textflint.com/static/Tasks/NER/trans_dataset/OntoNotes v5/trans_ConcatSent_SwapLonger.json", "contributor": {"name": "Yiding Tan", "github": "https://github.com/Tannidy"}}, "CrossCategory_EntTypos": {"ori": 88.1, "trans": 63.66, "sample_num": 1297, "ori_download_link": "https://www.textflint.com/static/Tasks/NER/trans_dataset/OntoNotes v5/ori_CrossCategory_EntTypos.json", "trans_download_link": "https://www.textflint.com/static/Tasks/NER/trans_dataset/OntoNotes v5/trans_CrossCategory_EntTypos.json", "contributor": {"name": "Yiding Tan", "github": "https://github.com/Tannidy"}}, "CrossCategory_SwapLonger": {"ori": 86.96, "trans": 82.94, "sample_num": 8468, "ori_download_link": "https://www.textflint.com/static/Tasks/NER/trans_dataset/OntoNotes v5/ori_CrossCategory_SwapLonger.json", "trans_download_link": "https://www.textflint.com/static/Tasks/NER/trans_dataset/OntoNotes v5/trans_CrossCategory_SwapLonger.json", "contributor": {"name": "Yiding Tan", "github": "https://github.com/Tannidy"}}, "OOV_EntTypos": {"ori": 88.1, "trans": 77.8, "sample_num": 1302, "ori_download_link": "https://www.textflint.com/static/Tasks/NER/trans_dataset/OntoNotes v5/ori_OOV_EntTypos.json", "trans_download_link": "https://www.textflint.com/static/Tasks/NER/trans_dataset/OntoNotes v5/trans_OOV_EntTypos.json", "contributor": {"name": "Yiding Tan", "github": "https://github.com/Tannidy"}}, "OOV_SwapLonger": {"ori": 86.96, "trans": 82.81, "sample_num": 8468, "ori_download_link": "https://www.textflint.com/static/Tasks/NER/trans_dataset/OntoNotes v5/ori_OOV_SwapLonger.json", "trans_download_link": "https://www.textflint.com/static/Tasks/NER/trans_dataset/OntoNotes v5/trans_OOV_SwapLonger.json", "contributor": {"name": "Yiding Tan", "github": "https://github.com/Tannidy"}}, "SwapLonger_EntTypos": {"ori": 88.18, "trans": 77.48, "sample_num": 1294, "ori_download_link": "https://www.textflint.com/static/Tasks/NER/trans_dataset/OntoNotes v5/ori_SwapLonger_EntTypos.json", "trans_download_link": "https://www.textflint.com/static/Tasks/NER/trans_dataset/OntoNotes v5/trans_SwapLonger_EntTypos.json", "contributor": {"name": "Yiding Tan", "github": "https://github.com/Tannidy"}}}}, {"model": "BiLSTM-CRF+ELMo", "attack_results": {"ConcatSent_CrossCategory": {"ori": 86.95, "trans": 82.95, "sample_num": 8467, "ori_download_link": "https://www.textflint.com/static/Tasks/NER/trans_dataset/OntoNotes v5/ori_ConcatSent_CrossCategory.json", "trans_download_link": "https://www.textflint.com/static/Tasks/NER/trans_dataset/OntoNotes v5/trans_ConcatSent_CrossCategory.json", "contributor": {"name": "Yiding Tan", "github": "https://github.com/Tannidy"}}, "ConcatSent_EntTypos": {"ori": 88.72, "trans": 86.99, "sample_num": 1299, "ori_download_link": "https://www.textflint.com/static/Tasks/NER/trans_dataset/OntoNotes v5/ori_ConcatSent_EntTypos.json", "trans_download_link": "https://www.textflint.com/static/Tasks/NER/trans_dataset/OntoNotes v5/trans_ConcatSent_EntTypos.json", "contributor": {"name": "Yiding Tan", "github": "https://github.com/Tannidy"}}, "ConcatSent_OOV": {"ori": 86.95, "trans": 85.53, "sample_num": 8467, "ori_download_link": "https://www.textflint.com/static/Tasks/NER/trans_dataset/OntoNotes v5/ori_ConcatSent_OOV.json", "trans_download_link": "https://www.textflint.com/static/Tasks/NER/trans_dataset/OntoNotes v5/trans_ConcatSent_OOV.json", "contributor": {"name": "Yiding Tan", "github": "https://github.com/Tannidy"}}, "ConcatSent_SwapLonger": {"ori": 86.95, "trans": 85.19, "sample_num": 8467, "ori_download_link": "https://www.textflint.com/static/Tasks/NER/trans_dataset/OntoNotes v5/ori_ConcatSent_SwapLonger.json", "trans_download_link": "https://www.textflint.com/static/Tasks/NER/trans_dataset/OntoNotes v5/trans_ConcatSent_SwapLonger.json", "contributor": {"name": "Yiding Tan", "github": "https://github.com/Tannidy"}}, "CrossCategory_EntTypos": {"ori": 88.77, "trans": 65.79, "sample_num": 1297, "ori_download_link": "https://www.textflint.com/static/Tasks/NER/trans_dataset/OntoNotes v5/ori_CrossCategory_EntTypos.json", "trans_download_link": "https://www.textflint.com/static/Tasks/NER/trans_dataset/OntoNotes v5/trans_CrossCategory_EntTypos.json", "contributor": {"name": "Yiding Tan", "github": "https://github.com/Tannidy"}}, "CrossCategory_SwapLonger": {"ori": 86.94, "trans": 82.99, "sample_num": 8468, "ori_download_link": "https://www.textflint.com/static/Tasks/NER/trans_dataset/OntoNotes v5/ori_CrossCategory_SwapLonger.json", "trans_download_link": "https://www.textflint.com/static/Tasks/NER/trans_dataset/OntoNotes v5/trans_CrossCategory_SwapLonger.json", "contributor": {"name": "Yiding Tan", "github": "https://github.com/Tannidy"}}, "OOV_EntTypos": {"ori": 88.77, "trans": 79.61, "sample_num": 1302, "ori_download_link": "https://www.textflint.com/static/Tasks/NER/trans_dataset/OntoNotes v5/ori_OOV_EntTypos.json", "trans_download_link": "https://www.textflint.com/static/Tasks/NER/trans_dataset/OntoNotes v5/trans_OOV_EntTypos.json", "contributor": {"name": "Yiding Tan", "github": "https://github.com/Tannidy"}}, "OOV_SwapLonger": {"ori": 86.94, "trans": 82.86, "sample_num": 8468, "ori_download_link": "https://www.textflint.com/static/Tasks/NER/trans_dataset/OntoNotes v5/ori_OOV_SwapLonger.json", "trans_download_link": "https://www.textflint.com/static/Tasks/NER/trans_dataset/OntoNotes v5/trans_OOV_SwapLonger.json", "contributor": {"name": "Yiding Tan", "github": "https://github.com/Tannidy"}}, "SwapLonger_EntTypos": {"ori": 88.81, "trans": 78.53, "sample_num": 1294, "ori_download_link": "https://www.textflint.com/static/Tasks/NER/trans_dataset/OntoNotes v5/ori_SwapLonger_EntTypos.json", "trans_download_link": "https://www.textflint.com/static/Tasks/NER/trans_dataset/OntoNotes v5/trans_SwapLonger_EntTypos.json", "contributor": {"name": "Yiding Tan", "github": "https://github.com/Tannidy"}}}}, {"model": "Flair embeddings + Pooling", "attack_results": {"ConcatSent_CrossCategory": {"ori": 85.37, "trans": 81.44, "sample_num": 8467, "ori_download_link": "https://www.textflint.com/static/Tasks/NER/trans_dataset/OntoNotes v5/ori_ConcatSent_CrossCategory.json", "trans_download_link": "https://www.textflint.com/static/Tasks/NER/trans_dataset/OntoNotes v5/trans_ConcatSent_CrossCategory.json", "contributor": {"name": "Yiding Tan", "github": "https://github.com/Tannidy"}}, "ConcatSent_EntTypos": {"ori": 86.22, "trans": 84.28, "sample_num": 1299, "ori_download_link": "https://www.textflint.com/static/Tasks/NER/trans_dataset/OntoNotes v5/ori_ConcatSent_EntTypos.json", "trans_download_link": "https://www.textflint.com/static/Tasks/NER/trans_dataset/OntoNotes v5/trans_ConcatSent_EntTypos.json", "contributor": {"name": "Yiding Tan", "github": "https://github.com/Tannidy"}}, "ConcatSent_OOV": {"ori": 85.37, "trans": 83.97, "sample_num": 8467, "ori_download_link": "https://www.textflint.com/static/Tasks/NER/trans_dataset/OntoNotes v5/ori_ConcatSent_OOV.json", "trans_download_link": "https://www.textflint.com/static/Tasks/NER/trans_dataset/OntoNotes v5/trans_ConcatSent_OOV.json", "contributor": {"name": "Yiding Tan", "github": "https://github.com/Tannidy"}}, "ConcatSent_SwapLonger": {"ori": 85.37, "trans": 83.94, "sample_num": 8467, "ori_download_link": "https://www.textflint.com/static/Tasks/NER/trans_dataset/OntoNotes v5/ori_ConcatSent_SwapLonger.json", "trans_download_link": "https://www.textflint.com/static/Tasks/NER/trans_dataset/OntoNotes v5/trans_ConcatSent_SwapLonger.json", "contributor": {"name": "Yiding Tan", "github": "https://github.com/Tannidy"}}, "CrossCategory_EntTypos": {"ori": 86.27, "trans": 64.98, "sample_num": 1297, "ori_download_link": "https://www.textflint.com/static/Tasks/NER/trans_dataset/OntoNotes v5/ori_CrossCategory_EntTypos.json", "trans_download_link": "https://www.textflint.com/static/Tasks/NER/trans_dataset/OntoNotes v5/trans_CrossCategory_EntTypos.json", "contributor": {"name": "Yiding Tan", "github": "https://github.com/Tannidy"}}, "CrossCategory_SwapLonger": {"ori": 85.38, "trans": 82.25, "sample_num": 8468, "ori_download_link": "https://www.textflint.com/static/Tasks/NER/trans_dataset/OntoNotes v5/ori_CrossCategory_SwapLonger.json", "trans_download_link": "https://www.textflint.com/static/Tasks/NER/trans_dataset/OntoNotes v5/trans_CrossCategory_SwapLonger.json", "contributor": {"name": "Yiding Tan", "github": "https://github.com/Tannidy"}}, "OOV_EntTypos": {"ori": 86.23, "trans": 76.77, "sample_num": 1302, "ori_download_link": "https://www.textflint.com/static/Tasks/NER/trans_dataset/OntoNotes v5/ori_OOV_EntTypos.json", "trans_download_link": "https://www.textflint.com/static/Tasks/NER/trans_dataset/OntoNotes v5/trans_OOV_EntTypos.json", "contributor": {"name": "Yiding Tan", "github": "https://github.com/Tannidy"}}, "OOV_SwapLonger": {"ori": 85.38, "trans": 82.29, "sample_num": 8468, "ori_download_link": "https://www.textflint.com/static/Tasks/NER/trans_dataset/OntoNotes v5/ori_OOV_SwapLonger.json", "trans_download_link": "https://www.textflint.com/static/Tasks/NER/trans_dataset/OntoNotes v5/trans_OOV_SwapLonger.json", "contributor": {"name": "Yiding Tan", "github": "https://github.com/Tannidy"}}, "SwapLonger_EntTypos": {"ori": 86.23, "trans": 77.8, "sample_num": 1294, "ori_download_link": "https://www.textflint.com/static/Tasks/NER/trans_dataset/OntoNotes v5/ori_SwapLonger_EntTypos.json", "trans_download_link": "https://www.textflint.com/static/Tasks/NER/trans_dataset/OntoNotes v5/trans_SwapLonger_EntTypos.json", "contributor": {"name": "Yiding Tan", "github": "https://github.com/Tannidy"}}}}]