[{"model": "BiLSTM-CNN-CRF", "attack_results": {"ConcatSent": {"ori": 85.95, "trans": 85.45, "sample_num": 8469, "ori_download_link": "https://www.textflint.com/static/Tasks/NER/trans_dataset/OntoNotes v5/ori_ConcatSent.json", "trans_download_link": "https://www.textflint.com/static/Tasks/NER/trans_dataset/OntoNotes v5/trans_ConcatSent.json", "contributor": {"name": "Yiding Tan", "github": "https://github.com/Tannidy"}}, "CrossCategory": {"ori": 69.1, "trans": 26.49, "sample_num": 4226, "ori_download_link": "https://www.textflint.com/static/Tasks/NER/trans_dataset/OntoNotes v5/ori_CrossCategory.json", "trans_download_link": "https://www.textflint.com/static/Tasks/NER/trans_dataset/OntoNotes v5/trans_CrossCategory.json", "contributor": {"name": "Yiding Tan", "github": "https://github.com/Tannidy"}}, "EntTypos": {"ori": 86.65, "trans": 73.76, "sample_num": 4492, "ori_download_link": "https://www.textflint.com/static/Tasks/NER/trans_dataset/OntoNotes v5/ori_EntTypos.json", "trans_download_link": "https://www.textflint.com/static/Tasks/NER/trans_dataset/OntoNotes v5/trans_EntTypos.json", "contributor": {"name": "Yiding Tan", "github": "https://github.com/Tannidy"}}, "OOV": {"ori": 69.1, "trans": 45.62, "sample_num": 4226, "ori_download_link": "https://www.textflint.com/static/Tasks/NER/trans_dataset/OntoNotes v5/ori_OOV.json", "trans_download_link": "https://www.textflint.com/static/Tasks/NER/trans_dataset/OntoNotes v5/trans_OOV.json", "contributor": {"name": "Yiding Tan", "github": "https://github.com/Tannidy"}}, "SwapLonger": {"ori": 69.1, "trans": 54.43, "sample_num": 4226, "ori_download_link": "https://www.textflint.com/static/Tasks/NER/trans_dataset/OntoNotes v5/ori_SwapLonger.json", "trans_download_link": "https://www.textflint.com/static/Tasks/NER/trans_dataset/OntoNotes v5/trans_SwapLonger.json", "contributor": {"name": "Yiding Tan", "github": "https://github.com/Tannidy"}}}}, {"model": "BiLSTM-CRF", "attack_results": {"ConcatSent": {"ori": 84.75, "trans": 84.23, "sample_num": 8469, "ori_download_link": "https://www.textflint.com/static/Tasks/NER/trans_dataset/OntoNotes v5/ori_ConcatSent.json", "trans_download_link": "https://www.textflint.com/static/Tasks/NER/trans_dataset/OntoNotes v5/trans_ConcatSent.json", "contributor": {"name": "Yiding Tan", "github": "https://github.com/Tannidy"}}, "CrossCategory": {"ori": 63.72, "trans": 23.63, "sample_num": 4226, "ori_download_link": "https://www.textflint.com/static/Tasks/NER/trans_dataset/OntoNotes v5/ori_CrossCategory.json", "trans_download_link": "https://www.textflint.com/static/Tasks/NER/trans_dataset/OntoNotes v5/trans_CrossCategory.json", "contributor": {"name": "Yiding Tan", "github": "https://github.com/Tannidy"}}, "EntTypos": {"ori": 85.47, "trans": 70.96, "sample_num": 4492, "ori_download_link": "https://www.textflint.com/static/Tasks/NER/trans_dataset/OntoNotes v5/ori_EntTypos.json", "trans_download_link": "https://www.textflint.com/static/Tasks/NER/trans_dataset/OntoNotes v5/trans_EntTypos.json", "contributor": {"name": "Yiding Tan", "github": "https://github.com/Tannidy"}}, "OOV": {"ori": 63.72, "trans": 35.9, "sample_num": 4226, "ori_download_link": "https://www.textflint.com/static/Tasks/NER/trans_dataset/OntoNotes v5/ori_OOV.json", "trans_download_link": "https://www.textflint.com/static/Tasks/NER/trans_dataset/OntoNotes v5/trans_OOV.json", "contributor": {"name": "Yiding Tan", "github": "https://github.com/Tannidy"}}, "SwapLonger": {"ori": 63.72, "trans": 42.17, "sample_num": 4226, "ori_download_link": "https://www.textflint.com/static/Tasks/NER/trans_dataset/OntoNotes v5/ori_SwapLonger.json", "trans_download_link": "https://www.textflint.com/static/Tasks/NER/trans_dataset/OntoNotes v5/trans_SwapLonger.json", "contributor": {"name": "Yiding Tan", "github": "https://github.com/Tannidy"}}}}, {"model": "LM-LSTM-CRF", "attack_results": {"ConcatSent": {"ori": 87.92, "trans": 87.09, "sample_num": 8469, "ori_download_link": "https://www.textflint.com/static/Tasks/NER/trans_dataset/OntoNotes v5/ori_ConcatSent.json", "trans_download_link": "https://www.textflint.com/static/Tasks/NER/trans_dataset/OntoNotes v5/trans_ConcatSent.json", "contributor": {"name": "Yiding Tan", "github": "https://github.com/Tannidy"}}, "CrossCategory": {"ori": 72.35, "trans": 26.2, "sample_num": 4226, "ori_download_link": "https://www.textflint.com/static/Tasks/NER/trans_dataset/OntoNotes v5/ori_CrossCategory.json", "trans_download_link": "https://www.textflint.com/static/Tasks/NER/trans_dataset/OntoNotes v5/trans_CrossCategory.json", "contributor": {"name": "Yiding Tan", "github": "https://github.com/Tannidy"}}, "EntTypos": {"ori": 88.54, "trans": 76.6, "sample_num": 4492, "ori_download_link": "https://www.textflint.com/static/Tasks/NER/trans_dataset/OntoNotes v5/ori_EntTypos.json", "trans_download_link": "https://www.textflint.com/static/Tasks/NER/trans_dataset/OntoNotes v5/trans_EntTypos.json", "contributor": {"name": "Yiding Tan", "github": "https://github.com/Tannidy"}}, "OOV": {"ori": 72.35, "trans": 54.29, "sample_num": 4226, "ori_download_link": "https://www.textflint.com/static/Tasks/NER/trans_dataset/OntoNotes v5/ori_OOV.json", "trans_download_link": "https://www.textflint.com/static/Tasks/NER/trans_dataset/OntoNotes v5/trans_OOV.json", "contributor": {"name": "Yiding Tan", "github": "https://github.com/Tannidy"}}, "SwapLonger": {"ori": 72.35, "trans": 57.79, "sample_num": 4226, "ori_download_link": "https://www.textflint.com/static/Tasks/NER/trans_dataset/OntoNotes v5/ori_SwapLonger.json", "trans_download_link": "https://www.textflint.com/static/Tasks/NER/trans_dataset/OntoNotes v5/trans_SwapLonger.json", "contributor": {"name": "Yiding Tan", "github": "https://github.com/Tannidy"}}}}, {"model": "BERT-base(cased)", "attack_results": {"ConcatSent": {"ori": 88.85, "trans": 88.31, "sample_num": 8469, "ori_download_link": "https://www.textflint.com/static/Tasks/NER/trans_dataset/OntoNotes v5/ori_ConcatSent.json", "trans_download_link": "https://www.textflint.com/static/Tasks/NER/trans_dataset/OntoNotes v5/trans_ConcatSent.json", "contributor": {"name": "Yiding Tan", "github": "https://github.com/Tannidy"}}, "CrossCategory": {"ori": 80.11, "trans": 34.96, "sample_num": 4226, "ori_download_link": "https://www.textflint.com/static/Tasks/NER/trans_dataset/OntoNotes v5/ori_CrossCategory.json", "trans_download_link": "https://www.textflint.com/static/Tasks/NER/trans_dataset/OntoNotes v5/trans_CrossCategory.json", "contributor": {"name": "Yiding Tan", "github": "https://github.com/Tannidy"}}, "EntTypos": {"ori": 89.46, "trans": 78.31, "sample_num": 4492, "ori_download_link": "https://www.textflint.com/static/Tasks/NER/trans_dataset/OntoNotes v5/ori_EntTypos.json", "trans_download_link": "https://www.textflint.com/static/Tasks/NER/trans_dataset/OntoNotes v5/trans_EntTypos.json", "contributor": {"name": "Yiding Tan", "github": "https://github.com/Tannidy"}}, "OOV": {"ori": 80.11, "trans": 66.39, "sample_num": 4226, "ori_download_link": "https://www.textflint.com/static/Tasks/NER/trans_dataset/OntoNotes v5/ori_OOV.json", "trans_download_link": "https://www.textflint.com/static/Tasks/NER/trans_dataset/OntoNotes v5/trans_OOV.json", "contributor": {"name": "Yiding Tan", "github": "https://github.com/Tannidy"}}, "SwapLonger": {"ori": 80.11, "trans": 60.83, "sample_num": 4226, "ori_download_link": "https://www.textflint.com/static/Tasks/NER/trans_dataset/OntoNotes v5/ori_SwapLonger.json", "trans_download_link": "https://www.textflint.com/static/Tasks/NER/trans_dataset/OntoNotes v5/trans_SwapLonger.json", "contributor": {"name": "Yiding Tan", "github": "https://github.com/Tannidy"}}}}, {"model": "BERT-base(uncased)", "attack_results": {"ConcatSent": {"ori": 86.85, "trans": 86.68, "sample_num": 8469, "ori_download_link": "https://www.textflint.com/static/Tasks/NER/trans_dataset/OntoNotes v5/ori_ConcatSent.json", "trans_download_link": "https://www.textflint.com/static/Tasks/NER/trans_dataset/OntoNotes v5/trans_ConcatSent.json", "contributor": {"name": "Yiding Tan", "github": "https://github.com/Tannidy"}}, "CrossCategory": {"ori": 75.21, "trans": 33.47, "sample_num": 4226, "ori_download_link": "https://www.textflint.com/static/Tasks/NER/trans_dataset/OntoNotes v5/ori_CrossCategory.json", "trans_download_link": "https://www.textflint.com/static/Tasks/NER/trans_dataset/OntoNotes v5/trans_CrossCategory.json", "contributor": {"name": "Yiding Tan", "github": "https://github.com/Tannidy"}}, "EntTypos": {"ori": 87.45, "trans": 75.11, "sample_num": 4492, "ori_download_link": "https://www.textflint.com/static/Tasks/NER/trans_dataset/OntoNotes v5/ori_EntTypos.json", "trans_download_link": "https://www.textflint.com/static/Tasks/NER/trans_dataset/OntoNotes v5/trans_EntTypos.json", "contributor": {"name": "Yiding Tan", "github": "https://github.com/Tannidy"}}, "OOV": {"ori": 75.21, "trans": 59.56, "sample_num": 4226, "ori_download_link": "https://www.textflint.com/static/Tasks/NER/trans_dataset/OntoNotes v5/ori_OOV.json", "trans_download_link": "https://www.textflint.com/static/Tasks/NER/trans_dataset/OntoNotes v5/trans_OOV.json", "contributor": {"name": "Yiding Tan", "github": "https://github.com/Tannidy"}}, "SwapLonger": {"ori": 75.21, "trans": 55.09, "sample_num": 4226, "ori_download_link": "https://www.textflint.com/static/Tasks/NER/trans_dataset/OntoNotes v5/ori_SwapLonger.json", "trans_download_link": "https://www.textflint.com/static/Tasks/NER/trans_dataset/OntoNotes v5/trans_SwapLonger.json", "contributor": {"name": "Yiding Tan", "github": "https://github.com/Tannidy"}}}}, {"model": "TENER", "attack_results": {"ConcatSent": {"ori": 87.92, "trans": 87.29, "sample_num": 8469, "ori_download_link": "https://www.textflint.com/static/Tasks/NER/trans_dataset/OntoNotes v5/ori_ConcatSent.json", "trans_download_link": "https://www.textflint.com/static/Tasks/NER/trans_dataset/OntoNotes v5/trans_ConcatSent.json", "contributor": {"name": "Yiding Tan", "github": "https://github.com/Tannidy"}}, "CrossCategory": {"ori": 71.23, "trans": 26.48, "sample_num": 4226, "ori_download_link": "https://www.textflint.com/static/Tasks/NER/trans_dataset/OntoNotes v5/ori_CrossCategory.json", "trans_download_link": "https://www.textflint.com/static/Tasks/NER/trans_dataset/OntoNotes v5/trans_CrossCategory.json", "contributor": {"name": "Yiding Tan", "github": "https://github.com/Tannidy"}}, "EntTypos": {"ori": 88.58, "trans": 75.0, "sample_num": 4492, "ori_download_link": "https://www.textflint.com/static/Tasks/NER/trans_dataset/OntoNotes v5/ori_EntTypos.json", "trans_download_link": "https://www.textflint.com/static/Tasks/NER/trans_dataset/OntoNotes v5/trans_EntTypos.json", "contributor": {"name": "Yiding Tan", "github": "https://github.com/Tannidy"}}, "OOV": {"ori": 71.23, "trans": 45.08, "sample_num": 4226, "ori_download_link": "https://www.textflint.com/static/Tasks/NER/trans_dataset/OntoNotes v5/ori_OOV.json", "trans_download_link": "https://www.textflint.com/static/Tasks/NER/trans_dataset/OntoNotes v5/trans_OOV.json", "contributor": {"name": "Yiding Tan", "github": "https://github.com/Tannidy"}}, "SwapLonger": {"ori": 71.23, "trans": 50.93, "sample_num": 4226, "ori_download_link": "https://www.textflint.com/static/Tasks/NER/trans_dataset/OntoNotes v5/ori_SwapLonger.json", "trans_download_link": "https://www.textflint.com/static/Tasks/NER/trans_dataset/OntoNotes v5/trans_SwapLonger.json", "contributor": {"name": "Yiding Tan", "github": "https://github.com/Tannidy"}}}}, {"model": "GRN", "attack_results": {"ConcatSent": {"ori": 87.25, "trans": 86.8, "sample_num": 8469, "ori_download_link": "https://www.textflint.com/static/Tasks/NER/trans_dataset/OntoNotes v5/ori_ConcatSent.json", "trans_download_link": "https://www.textflint.com/static/Tasks/NER/trans_dataset/OntoNotes v5/trans_ConcatSent.json", "contributor": {"name": "Yiding Tan", "github": "https://github.com/Tannidy"}}, "CrossCategory": {"ori": 70.27, "trans": 24.86, "sample_num": 4226, "ori_download_link": "https://www.textflint.com/static/Tasks/NER/trans_dataset/OntoNotes v5/ori_CrossCategory.json", "trans_download_link": "https://www.textflint.com/static/Tasks/NER/trans_dataset/OntoNotes v5/trans_CrossCategory.json", "contributor": {"name": "Yiding Tan", "github": "https://github.com/Tannidy"}}, "EntTypos": {"ori": 87.94, "trans": 75.61, "sample_num": 4492, "ori_download_link": "https://www.textflint.com/static/Tasks/NER/trans_dataset/OntoNotes v5/ori_EntTypos.json", "trans_download_link": "https://www.textflint.com/static/Tasks/NER/trans_dataset/OntoNotes v5/trans_EntTypos.json", "contributor": {"name": "Yiding Tan", "github": "https://github.com/Tannidy"}}, "OOV": {"ori": 70.27, "trans": 54.35, "sample_num": 4226, "ori_download_link": "https://www.textflint.com/static/Tasks/NER/trans_dataset/OntoNotes v5/ori_OOV.json", "trans_download_link": "https://www.textflint.com/static/Tasks/NER/trans_dataset/OntoNotes v5/trans_OOV.json", "contributor": {"name": "Yiding Tan", "github": "https://github.com/Tannidy"}}, "SwapLonger": {"ori": 70.27, "trans": 52.7, "sample_num": 4226, "ori_download_link": "https://www.textflint.com/static/Tasks/NER/trans_dataset/OntoNotes v5/ori_SwapLonger.json", "trans_download_link": "https://www.textflint.com/static/Tasks/NER/trans_dataset/OntoNotes v5/trans_SwapLonger.json", "contributor": {"name": "Yiding Tan", "github": "https://github.com/Tannidy"}}}}, {"model": "flair embeddings", "attack_results": {"ConcatSent": {"ori": 86.96, "trans": 86.67, "sample_num": 8469, "ori_download_link": "https://www.textflint.com/static/Tasks/NER/trans_dataset/OntoNotes v5/ori_ConcatSent.json", "trans_download_link": "https://www.textflint.com/static/Tasks/NER/trans_dataset/OntoNotes v5/trans_ConcatSent.json", "contributor": {"name": "Yiding Tan", "github": "https://github.com/Tannidy"}}, "CrossCategory": {"ori": 70.65, "trans": 25.78, "sample_num": 4226, "ori_download_link": "https://www.textflint.com/static/Tasks/NER/trans_dataset/OntoNotes v5/ori_CrossCategory.json", "trans_download_link": "https://www.textflint.com/static/Tasks/NER/trans_dataset/OntoNotes v5/trans_CrossCategory.json", "contributor": {"name": "Yiding Tan", "github": "https://github.com/Tannidy"}}, "EntTypos": {"ori": 87.66, "trans": 80.12, "sample_num": 4492, "ori_download_link": "https://www.textflint.com/static/Tasks/NER/trans_dataset/OntoNotes v5/ori_EntTypos.json", "trans_download_link": "https://www.textflint.com/static/Tasks/NER/trans_dataset/OntoNotes v5/trans_EntTypos.json", "contributor": {"name": "Yiding Tan", "github": "https://github.com/Tannidy"}}, "OOV": {"ori": 70.65, "trans": 55.76, "sample_num": 4226, "ori_download_link": "https://www.textflint.com/static/Tasks/NER/trans_dataset/OntoNotes v5/ori_OOV.json", "trans_download_link": "https://www.textflint.com/static/Tasks/NER/trans_dataset/OntoNotes v5/trans_OOV.json", "contributor": {"name": "Yiding Tan", "github": "https://github.com/Tannidy"}}, "SwapLonger": {"ori": 70.65, "trans": 55.12, "sample_num": 4226, "ori_download_link": "https://www.textflint.com/static/Tasks/NER/trans_dataset/OntoNotes v5/ori_SwapLonger.json", "trans_download_link": "https://www.textflint.com/static/Tasks/NER/trans_dataset/OntoNotes v5/trans_SwapLonger.json", "contributor": {"name": "Yiding Tan", "github": "https://github.com/Tannidy"}}}}, {"model": "BiLSTM-CRF+ELMo", "attack_results": {"ConcatSent": {"ori": 86.94, "trans": 86.59, "sample_num": 8469, "ori_download_link": "https://www.textflint.com/static/Tasks/NER/trans_dataset/OntoNotes v5/ori_ConcatSent.json", "trans_download_link": "https://www.textflint.com/static/Tasks/NER/trans_dataset/OntoNotes v5/trans_ConcatSent.json", "contributor": {"name": "Yiding Tan", "github": "https://github.com/Tannidy"}}, "CrossCategory": {"ori": 72.68, "trans": 27.37, "sample_num": 4226, "ori_download_link": "https://www.textflint.com/static/Tasks/NER/trans_dataset/OntoNotes v5/ori_CrossCategory.json", "trans_download_link": "https://www.textflint.com/static/Tasks/NER/trans_dataset/OntoNotes v5/trans_CrossCategory.json", "contributor": {"name": "Yiding Tan", "github": "https://github.com/Tannidy"}}, "EntTypos": {"ori": 87.55, "trans": 78.5, "sample_num": 4492, "ori_download_link": "https://www.textflint.com/static/Tasks/NER/trans_dataset/OntoNotes v5/ori_EntTypos.json", "trans_download_link": "https://www.textflint.com/static/Tasks/NER/trans_dataset/OntoNotes v5/trans_EntTypos.json", "contributor": {"name": "Yiding Tan", "github": "https://github.com/Tannidy"}}, "OOV": {"ori": 72.68, "trans": 60.04, "sample_num": 4226, "ori_download_link": "https://www.textflint.com/static/Tasks/NER/trans_dataset/OntoNotes v5/ori_OOV.json", "trans_download_link": "https://www.textflint.com/static/Tasks/NER/trans_dataset/OntoNotes v5/trans_OOV.json", "contributor": {"name": "Yiding Tan", "github": "https://github.com/Tannidy"}}, "SwapLonger": {"ori": 72.68, "trans": 57.17, "sample_num": 4226, "ori_download_link": "https://www.textflint.com/static/Tasks/NER/trans_dataset/OntoNotes v5/ori_SwapLonger.json", "trans_download_link": "https://www.textflint.com/static/Tasks/NER/trans_dataset/OntoNotes v5/trans_SwapLonger.json", "contributor": {"name": "Yiding Tan", "github": "https://github.com/Tannidy"}}}}, {"model": "Flair embeddings + Pooling", "attack_results": {"ConcatSent": {"ori": 85.38, "trans": 85.09, "sample_num": 8469, "ori_download_link": "https://www.textflint.com/static/Tasks/NER/trans_dataset/OntoNotes v5/ori_ConcatSent.json", "trans_download_link": "https://www.textflint.com/static/Tasks/NER/trans_dataset/OntoNotes v5/trans_ConcatSent.json", "contributor": {"name": "Yiding Tan", "github": "https://github.com/Tannidy"}}, "CrossCategory": {"ori": 69.15, "trans": 28.2, "sample_num": 4226, "ori_download_link": "https://www.textflint.com/static/Tasks/NER/trans_dataset/OntoNotes v5/ori_CrossCategory.json", "trans_download_link": "https://www.textflint.com/static/Tasks/NER/trans_dataset/OntoNotes v5/trans_CrossCategory.json", "contributor": {"name": "Yiding Tan", "github": "https://github.com/Tannidy"}}, "EntTypos": {"ori": 86.04, "trans": 77.22, "sample_num": 4492, "ori_download_link": "https://www.textflint.com/static/Tasks/NER/trans_dataset/OntoNotes v5/ori_EntTypos.json", "trans_download_link": "https://www.textflint.com/static/Tasks/NER/trans_dataset/OntoNotes v5/trans_EntTypos.json", "contributor": {"name": "Yiding Tan", "github": "https://github.com/Tannidy"}}, "OOV": {"ori": 69.15, "trans": 56.36, "sample_num": 4226, "ori_download_link": "https://www.textflint.com/static/Tasks/NER/trans_dataset/OntoNotes v5/ori_OOV.json", "trans_download_link": "https://www.textflint.com/static/Tasks/NER/trans_dataset/OntoNotes v5/trans_OOV.json", "contributor": {"name": "Yiding Tan", "github": "https://github.com/Tannidy"}}, "SwapLonger": {"ori": 69.15, "trans": 56.96, "sample_num": 4226, "ori_download_link": "https://www.textflint.com/static/Tasks/NER/trans_dataset/OntoNotes v5/ori_SwapLonger.json", "trans_download_link": "https://www.textflint.com/static/Tasks/NER/trans_dataset/OntoNotes v5/trans_SwapLonger.json", "contributor": {"name": "Yiding Tan", "github": "https://github.com/Tannidy"}}}}]