[{"model": "BiLSTM-CNN-CRF", "attack_results": {"LMSubpopulation_0%-20%": {"trans": 87.28, "sample_num": 1363, "ori_download_link": "https://www.textflint.com/static/Tasks/NER/trans_dataset/OntoNotes v5/ori_LMSubpopulation_0%-20%.json", "trans_download_link": "https://www.textflint.com/static/Tasks/NER/trans_dataset/OntoNotes v5/trans_LMSubpopulation_0%-20%.json", "contributor": {"name": "Yiding Tan", "github": "https://github.com/Tannidy"}}, "LMSubpopulation_80%-100%": {"trans": 81.9, "sample_num": 1364, "ori_download_link": "https://www.textflint.com/static/Tasks/NER/trans_dataset/OntoNotes v5/ori_LMSubpopulation_80%-100%.json", "trans_download_link": "https://www.textflint.com/static/Tasks/NER/trans_dataset/OntoNotes v5/trans_LMSubpopulation_80%-100%.json", "contributor": {"name": "Yiding Tan", "github": "https://github.com/Tannidy"}}, "LengthSubPopulation_0%-20%": {"trans": 69.92, "sample_num": 1363, "ori_download_link": "https://www.textflint.com/static/Tasks/NER/trans_dataset/OntoNotes v5/ori_LengthSubPopulation_0%-20%.json", "trans_download_link": "https://www.textflint.com/static/Tasks/NER/trans_dataset/OntoNotes v5/trans_LengthSubPopulation_0%-20%.json", "contributor": {"name": "Yiding Tan", "github": "https://github.com/Tannidy"}}, "LengthSubPopulation_80%-100%": {"trans": 86.08, "sample_num": 1364, "ori_download_link": "https://www.textflint.com/static/Tasks/NER/trans_dataset/OntoNotes v5/ori_LengthSubPopulation_80%-100%.json", "trans_download_link": "https://www.textflint.com/static/Tasks/NER/trans_dataset/OntoNotes v5/trans_LengthSubPopulation_80%-100%.json", "contributor": {"name": "Yiding Tan", "github": "https://github.com/Tannidy"}}, "PhraseSubPopulation-negation": {"trans": 85.69, "sample_num": 596, "ori_download_link": "https://www.textflint.com/static/Tasks/NER/trans_dataset/OntoNotes v5/ori_PhraseSubPopulation-negation.json", "trans_download_link": "https://www.textflint.com/static/Tasks/NER/trans_dataset/OntoNotes v5/trans_PhraseSubPopulation-negation.json", "contributor": {"name": "Yiding Tan", "github": "https://github.com/Tannidy"}}, "PhraseSubPopulation-question": {"trans": 86.03, "sample_num": 709, "ori_download_link": "https://www.textflint.com/static/Tasks/NER/trans_dataset/OntoNotes v5/ori_PhraseSubPopulation-question.json", "trans_download_link": "https://www.textflint.com/static/Tasks/NER/trans_dataset/OntoNotes v5/trans_PhraseSubPopulation-question.json", "contributor": {"name": "Yiding Tan", "github": "https://github.com/Tannidy"}}, "PrejudiceSubPopulation-man": {"trans": 88.63, "sample_num": 1304, "ori_download_link": "https://www.textflint.com/static/Tasks/NER/trans_dataset/OntoNotes v5/ori_PrejudiceSubPopulation-man.json", "trans_download_link": "https://www.textflint.com/static/Tasks/NER/trans_dataset/OntoNotes v5/trans_PrejudiceSubPopulation-man.json", "contributor": {"name": "Yiding Tan", "github": "https://github.com/Tannidy"}}, "PrejudiceSubPopulation-woman": {"trans": 87.36, "sample_num": 713, "ori_download_link": "https://www.textflint.com/static/Tasks/NER/trans_dataset/OntoNotes v5/ori_PrejudiceSubPopulation-woman.json", "trans_download_link": "https://www.textflint.com/static/Tasks/NER/trans_dataset/OntoNotes v5/trans_PrejudiceSubPopulation-woman.json", "contributor": {"name": "Yiding Tan", "github": "https://github.com/Tannidy"}}}}, {"model": "BiLSTM-CRF", "attack_results": {"LMSubpopulation_0%-20%": {"trans": 87.5, "sample_num": 1363, "ori_download_link": "https://www.textflint.com/static/Tasks/NER/trans_dataset/OntoNotes v5/ori_LMSubpopulation_0%-20%.json", "trans_download_link": "https://www.textflint.com/static/Tasks/NER/trans_dataset/OntoNotes v5/trans_LMSubpopulation_0%-20%.json", "contributor": {"name": "Yiding Tan", "github": "https://github.com/Tannidy"}}, "LMSubpopulation_80%-100%": {"trans": 79.04, "sample_num": 1364, "ori_download_link": "https://www.textflint.com/static/Tasks/NER/trans_dataset/OntoNotes v5/ori_LMSubpopulation_80%-100%.json", "trans_download_link": "https://www.textflint.com/static/Tasks/NER/trans_dataset/OntoNotes v5/trans_LMSubpopulation_80%-100%.json", "contributor": {"name": "Yiding Tan", "github": "https://github.com/Tannidy"}}, "LengthSubPopulation_0%-20%": {"trans": 65.94, "sample_num": 1363, "ori_download_link": "https://www.textflint.com/static/Tasks/NER/trans_dataset/OntoNotes v5/ori_LengthSubPopulation_0%-20%.json", "trans_download_link": "https://www.textflint.com/static/Tasks/NER/trans_dataset/OntoNotes v5/trans_LengthSubPopulation_0%-20%.json", "contributor": {"name": "Yiding Tan", "github": "https://github.com/Tannidy"}}, "LengthSubPopulation_80%-100%": {"trans": 85.36, "sample_num": 1364, "ori_download_link": "https://www.textflint.com/static/Tasks/NER/trans_dataset/OntoNotes v5/ori_LengthSubPopulation_80%-100%.json", "trans_download_link": "https://www.textflint.com/static/Tasks/NER/trans_dataset/OntoNotes v5/trans_LengthSubPopulation_80%-100%.json", "contributor": {"name": "Yiding Tan", "github": "https://github.com/Tannidy"}}, "PhraseSubPopulation-negation": {"trans": 85.52, "sample_num": 596, "ori_download_link": "https://www.textflint.com/static/Tasks/NER/trans_dataset/OntoNotes v5/ori_PhraseSubPopulation-negation.json", "trans_download_link": "https://www.textflint.com/static/Tasks/NER/trans_dataset/OntoNotes v5/trans_PhraseSubPopulation-negation.json", "contributor": {"name": "Yiding Tan", "github": "https://github.com/Tannidy"}}, "PhraseSubPopulation-question": {"trans": 84.9, "sample_num": 709, "ori_download_link": "https://www.textflint.com/static/Tasks/NER/trans_dataset/OntoNotes v5/ori_PhraseSubPopulation-question.json", "trans_download_link": "https://www.textflint.com/static/Tasks/NER/trans_dataset/OntoNotes v5/trans_PhraseSubPopulation-question.json", "contributor": {"name": "Yiding Tan", "github": "https://github.com/Tannidy"}}, "PrejudiceSubPopulation-man": {"trans": 86.87, "sample_num": 1304, "ori_download_link": "https://www.textflint.com/static/Tasks/NER/trans_dataset/OntoNotes v5/ori_PrejudiceSubPopulation-man.json", "trans_download_link": "https://www.textflint.com/static/Tasks/NER/trans_dataset/OntoNotes v5/trans_PrejudiceSubPopulation-man.json", "contributor": {"name": "Yiding Tan", "github": "https://github.com/Tannidy"}}, "PrejudiceSubPopulation-woman": {"trans": 86.88, "sample_num": 713, "ori_download_link": "https://www.textflint.com/static/Tasks/NER/trans_dataset/OntoNotes v5/ori_PrejudiceSubPopulation-woman.json", "trans_download_link": "https://www.textflint.com/static/Tasks/NER/trans_dataset/OntoNotes v5/trans_PrejudiceSubPopulation-woman.json", "contributor": {"name": "Yiding Tan", "github": "https://github.com/Tannidy"}}}}, {"model": "LM-LSTM-CRF", "attack_results": {"LMSubpopulation_0%-20%": {"trans": 90.17, "sample_num": 1363, "ori_download_link": "https://www.textflint.com/static/Tasks/NER/trans_dataset/OntoNotes v5/ori_LMSubpopulation_0%-20%.json", "trans_download_link": "https://www.textflint.com/static/Tasks/NER/trans_dataset/OntoNotes v5/trans_LMSubpopulation_0%-20%.json", "contributor": {"name": "Yiding Tan", "github": "https://github.com/Tannidy"}}, "LMSubpopulation_80%-100%": {"trans": 82.09, "sample_num": 1364, "ori_download_link": "https://www.textflint.com/static/Tasks/NER/trans_dataset/OntoNotes v5/ori_LMSubpopulation_80%-100%.json", "trans_download_link": "https://www.textflint.com/static/Tasks/NER/trans_dataset/OntoNotes v5/trans_LMSubpopulation_80%-100%.json", "contributor": {"name": "Yiding Tan", "github": "https://github.com/Tannidy"}}, "LengthSubPopulation_0%-20%": {"trans": 72.45, "sample_num": 1363, "ori_download_link": "https://www.textflint.com/static/Tasks/NER/trans_dataset/OntoNotes v5/ori_LengthSubPopulation_0%-20%.json", "trans_download_link": "https://www.textflint.com/static/Tasks/NER/trans_dataset/OntoNotes v5/trans_LengthSubPopulation_0%-20%.json", "contributor": {"name": "Yiding Tan", "github": "https://github.com/Tannidy"}}, "LengthSubPopulation_80%-100%": {"trans": 88.22, "sample_num": 1364, "ori_download_link": "https://www.textflint.com/static/Tasks/NER/trans_dataset/OntoNotes v5/ori_LengthSubPopulation_80%-100%.json", "trans_download_link": "https://www.textflint.com/static/Tasks/NER/trans_dataset/OntoNotes v5/trans_LengthSubPopulation_80%-100%.json", "contributor": {"name": "Yiding Tan", "github": "https://github.com/Tannidy"}}, "PhraseSubPopulation-negation": {"trans": 87.38, "sample_num": 596, "ori_download_link": "https://www.textflint.com/static/Tasks/NER/trans_dataset/OntoNotes v5/ori_PhraseSubPopulation-negation.json", "trans_download_link": "https://www.textflint.com/static/Tasks/NER/trans_dataset/OntoNotes v5/trans_PhraseSubPopulation-negation.json", "contributor": {"name": "Yiding Tan", "github": "https://github.com/Tannidy"}}, "PhraseSubPopulation-question": {"trans": 88.05, "sample_num": 709, "ori_download_link": "https://www.textflint.com/static/Tasks/NER/trans_dataset/OntoNotes v5/ori_PhraseSubPopulation-question.json", "trans_download_link": "https://www.textflint.com/static/Tasks/NER/trans_dataset/OntoNotes v5/trans_PhraseSubPopulation-question.json", "contributor": {"name": "Yiding Tan", "github": "https://github.com/Tannidy"}}, "PrejudiceSubPopulation-man": {"trans": 89.94, "sample_num": 1304, "ori_download_link": "https://www.textflint.com/static/Tasks/NER/trans_dataset/OntoNotes v5/ori_PrejudiceSubPopulation-man.json", "trans_download_link": "https://www.textflint.com/static/Tasks/NER/trans_dataset/OntoNotes v5/trans_PrejudiceSubPopulation-man.json", "contributor": {"name": "Yiding Tan", "github": "https://github.com/Tannidy"}}, "PrejudiceSubPopulation-woman": {"trans": 88.87, "sample_num": 713, "ori_download_link": "https://www.textflint.com/static/Tasks/NER/trans_dataset/OntoNotes v5/ori_PrejudiceSubPopulation-woman.json", "trans_download_link": "https://www.textflint.com/static/Tasks/NER/trans_dataset/OntoNotes v5/trans_PrejudiceSubPopulation-woman.json", "contributor": {"name": "Yiding Tan", "github": "https://github.com/Tannidy"}}}}, {"model": "BERT-base(cased)", "attack_results": {"LMSubpopulation_0%-20%": {"trans": 90.05, "sample_num": 1363, "ori_download_link": "https://www.textflint.com/static/Tasks/NER/trans_dataset/OntoNotes v5/ori_LMSubpopulation_0%-20%.json", "trans_download_link": "https://www.textflint.com/static/Tasks/NER/trans_dataset/OntoNotes v5/trans_LMSubpopulation_0%-20%.json", "contributor": {"name": "Yiding Tan", "github": "https://github.com/Tannidy"}}, "LMSubpopulation_80%-100%": {"trans": 85.06, "sample_num": 1364, "ori_download_link": "https://www.textflint.com/static/Tasks/NER/trans_dataset/OntoNotes v5/ori_LMSubpopulation_80%-100%.json", "trans_download_link": "https://www.textflint.com/static/Tasks/NER/trans_dataset/OntoNotes v5/trans_LMSubpopulation_80%-100%.json", "contributor": {"name": "Yiding Tan", "github": "https://github.com/Tannidy"}}, "LengthSubPopulation_0%-20%": {"trans": 72.79, "sample_num": 1363, "ori_download_link": "https://www.textflint.com/static/Tasks/NER/trans_dataset/OntoNotes v5/ori_LengthSubPopulation_0%-20%.json", "trans_download_link": "https://www.textflint.com/static/Tasks/NER/trans_dataset/OntoNotes v5/trans_LengthSubPopulation_0%-20%.json", "contributor": {"name": "Yiding Tan", "github": "https://github.com/Tannidy"}}, "LengthSubPopulation_80%-100%": {"trans": 89.16, "sample_num": 1364, "ori_download_link": "https://www.textflint.com/static/Tasks/NER/trans_dataset/OntoNotes v5/ori_LengthSubPopulation_80%-100%.json", "trans_download_link": "https://www.textflint.com/static/Tasks/NER/trans_dataset/OntoNotes v5/trans_LengthSubPopulation_80%-100%.json", "contributor": {"name": "Yiding Tan", "github": "https://github.com/Tannidy"}}, "PhraseSubPopulation-negation": {"trans": 89.3, "sample_num": 596, "ori_download_link": "https://www.textflint.com/static/Tasks/NER/trans_dataset/OntoNotes v5/ori_PhraseSubPopulation-negation.json", "trans_download_link": "https://www.textflint.com/static/Tasks/NER/trans_dataset/OntoNotes v5/trans_PhraseSubPopulation-negation.json", "contributor": {"name": "Yiding Tan", "github": "https://github.com/Tannidy"}}, "PhraseSubPopulation-question": {"trans": 87.73, "sample_num": 709, "ori_download_link": "https://www.textflint.com/static/Tasks/NER/trans_dataset/OntoNotes v5/ori_PhraseSubPopulation-question.json", "trans_download_link": "https://www.textflint.com/static/Tasks/NER/trans_dataset/OntoNotes v5/trans_PhraseSubPopulation-question.json", "contributor": {"name": "Yiding Tan", "github": "https://github.com/Tannidy"}}, "PrejudiceSubPopulation-man": {"trans": 91.18, "sample_num": 1304, "ori_download_link": "https://www.textflint.com/static/Tasks/NER/trans_dataset/OntoNotes v5/ori_PrejudiceSubPopulation-man.json", "trans_download_link": "https://www.textflint.com/static/Tasks/NER/trans_dataset/OntoNotes v5/trans_PrejudiceSubPopulation-man.json", "contributor": {"name": "Yiding Tan", "github": "https://github.com/Tannidy"}}, "PrejudiceSubPopulation-woman": {"trans": 90.99, "sample_num": 713, "ori_download_link": "https://www.textflint.com/static/Tasks/NER/trans_dataset/OntoNotes v5/ori_PrejudiceSubPopulation-woman.json", "trans_download_link": "https://www.textflint.com/static/Tasks/NER/trans_dataset/OntoNotes v5/trans_PrejudiceSubPopulation-woman.json", "contributor": {"name": "Yiding Tan", "github": "https://github.com/Tannidy"}}}}, {"model": "BERT-base(uncased)", "attack_results": {"LMSubpopulation_0%-20%": {"trans": 88.85, "sample_num": 1363, "ori_download_link": "https://www.textflint.com/static/Tasks/NER/trans_dataset/OntoNotes v5/ori_LMSubpopulation_0%-20%.json", "trans_download_link": "https://www.textflint.com/static/Tasks/NER/trans_dataset/OntoNotes v5/trans_LMSubpopulation_0%-20%.json", "contributor": {"name": "Yiding Tan", "github": "https://github.com/Tannidy"}}, "LMSubpopulation_80%-100%": {"trans": 80.3, "sample_num": 1364, "ori_download_link": "https://www.textflint.com/static/Tasks/NER/trans_dataset/OntoNotes v5/ori_LMSubpopulation_80%-100%.json", "trans_download_link": "https://www.textflint.com/static/Tasks/NER/trans_dataset/OntoNotes v5/trans_LMSubpopulation_80%-100%.json", "contributor": {"name": "Yiding Tan", "github": "https://github.com/Tannidy"}}, "LengthSubPopulation_0%-20%": {"trans": 76.49, "sample_num": 1363, "ori_download_link": "https://www.textflint.com/static/Tasks/NER/trans_dataset/OntoNotes v5/ori_LengthSubPopulation_0%-20%.json", "trans_download_link": "https://www.textflint.com/static/Tasks/NER/trans_dataset/OntoNotes v5/trans_LengthSubPopulation_0%-20%.json", "contributor": {"name": "Yiding Tan", "github": "https://github.com/Tannidy"}}, "LengthSubPopulation_80%-100%": {"trans": 86.44, "sample_num": 1364, "ori_download_link": "https://www.textflint.com/static/Tasks/NER/trans_dataset/OntoNotes v5/ori_LengthSubPopulation_80%-100%.json", "trans_download_link": "https://www.textflint.com/static/Tasks/NER/trans_dataset/OntoNotes v5/trans_LengthSubPopulation_80%-100%.json", "contributor": {"name": "Yiding Tan", "github": "https://github.com/Tannidy"}}, "PhraseSubPopulation-negation": {"trans": 86.5, "sample_num": 596, "ori_download_link": "https://www.textflint.com/static/Tasks/NER/trans_dataset/OntoNotes v5/ori_PhraseSubPopulation-negation.json", "trans_download_link": "https://www.textflint.com/static/Tasks/NER/trans_dataset/OntoNotes v5/trans_PhraseSubPopulation-negation.json", "contributor": {"name": "Yiding Tan", "github": "https://github.com/Tannidy"}}, "PhraseSubPopulation-question": {"trans": 85.44, "sample_num": 709, "ori_download_link": "https://www.textflint.com/static/Tasks/NER/trans_dataset/OntoNotes v5/ori_PhraseSubPopulation-question.json", "trans_download_link": "https://www.textflint.com/static/Tasks/NER/trans_dataset/OntoNotes v5/trans_PhraseSubPopulation-question.json", "contributor": {"name": "Yiding Tan", "github": "https://github.com/Tannidy"}}, "PrejudiceSubPopulation-man": {"trans": 88.5, "sample_num": 1304, "ori_download_link": "https://www.textflint.com/static/Tasks/NER/trans_dataset/OntoNotes v5/ori_PrejudiceSubPopulation-man.json", "trans_download_link": "https://www.textflint.com/static/Tasks/NER/trans_dataset/OntoNotes v5/trans_PrejudiceSubPopulation-man.json", "contributor": {"name": "Yiding Tan", "github": "https://github.com/Tannidy"}}, "PrejudiceSubPopulation-woman": {"trans": 87.2, "sample_num": 713, "ori_download_link": "https://www.textflint.com/static/Tasks/NER/trans_dataset/OntoNotes v5/ori_PrejudiceSubPopulation-woman.json", "trans_download_link": "https://www.textflint.com/static/Tasks/NER/trans_dataset/OntoNotes v5/trans_PrejudiceSubPopulation-woman.json", "contributor": {"name": "Yiding Tan", "github": "https://github.com/Tannidy"}}}}, {"model": "TENER", "attack_results": {"LMSubpopulation_0%-20%": {"trans": 89.53, "sample_num": 1363, "ori_download_link": "https://www.textflint.com/static/Tasks/NER/trans_dataset/OntoNotes v5/ori_LMSubpopulation_0%-20%.json", "trans_download_link": "https://www.textflint.com/static/Tasks/NER/trans_dataset/OntoNotes v5/trans_LMSubpopulation_0%-20%.json", "contributor": {"name": "Yiding Tan", "github": "https://github.com/Tannidy"}}, "LMSubpopulation_80%-100%": {"trans": 82.58, "sample_num": 1364, "ori_download_link": "https://www.textflint.com/static/Tasks/NER/trans_dataset/OntoNotes v5/ori_LMSubpopulation_80%-100%.json", "trans_download_link": "https://www.textflint.com/static/Tasks/NER/trans_dataset/OntoNotes v5/trans_LMSubpopulation_80%-100%.json", "contributor": {"name": "Yiding Tan", "github": "https://github.com/Tannidy"}}, "LengthSubPopulation_0%-20%": {"trans": 74.23, "sample_num": 1363, "ori_download_link": "https://www.textflint.com/static/Tasks/NER/trans_dataset/OntoNotes v5/ori_LengthSubPopulation_0%-20%.json", "trans_download_link": "https://www.textflint.com/static/Tasks/NER/trans_dataset/OntoNotes v5/trans_LengthSubPopulation_0%-20%.json", "contributor": {"name": "Yiding Tan", "github": "https://github.com/Tannidy"}}, "LengthSubPopulation_80%-100%": {"trans": 88.17, "sample_num": 1364, "ori_download_link": "https://www.textflint.com/static/Tasks/NER/trans_dataset/OntoNotes v5/ori_LengthSubPopulation_80%-100%.json", "trans_download_link": "https://www.textflint.com/static/Tasks/NER/trans_dataset/OntoNotes v5/trans_LengthSubPopulation_80%-100%.json", "contributor": {"name": "Yiding Tan", "github": "https://github.com/Tannidy"}}, "PhraseSubPopulation-negation": {"trans": 87.42, "sample_num": 596, "ori_download_link": "https://www.textflint.com/static/Tasks/NER/trans_dataset/OntoNotes v5/ori_PhraseSubPopulation-negation.json", "trans_download_link": "https://www.textflint.com/static/Tasks/NER/trans_dataset/OntoNotes v5/trans_PhraseSubPopulation-negation.json", "contributor": {"name": "Yiding Tan", "github": "https://github.com/Tannidy"}}, "PhraseSubPopulation-question": {"trans": 87.43, "sample_num": 709, "ori_download_link": "https://www.textflint.com/static/Tasks/NER/trans_dataset/OntoNotes v5/ori_PhraseSubPopulation-question.json", "trans_download_link": "https://www.textflint.com/static/Tasks/NER/trans_dataset/OntoNotes v5/trans_PhraseSubPopulation-question.json", "contributor": {"name": "Yiding Tan", "github": "https://github.com/Tannidy"}}, "PrejudiceSubPopulation-man": {"trans": 89.86, "sample_num": 1304, "ori_download_link": "https://www.textflint.com/static/Tasks/NER/trans_dataset/OntoNotes v5/ori_PrejudiceSubPopulation-man.json", "trans_download_link": "https://www.textflint.com/static/Tasks/NER/trans_dataset/OntoNotes v5/trans_PrejudiceSubPopulation-man.json", "contributor": {"name": "Yiding Tan", "github": "https://github.com/Tannidy"}}, "PrejudiceSubPopulation-woman": {"trans": 88.94, "sample_num": 713, "ori_download_link": "https://www.textflint.com/static/Tasks/NER/trans_dataset/OntoNotes v5/ori_PrejudiceSubPopulation-woman.json", "trans_download_link": "https://www.textflint.com/static/Tasks/NER/trans_dataset/OntoNotes v5/trans_PrejudiceSubPopulation-woman.json", "contributor": {"name": "Yiding Tan", "github": "https://github.com/Tannidy"}}}}, {"model": "GRN", "attack_results": {"LMSubpopulation_0%-20%": {"trans": 88.7, "sample_num": 1363, "ori_download_link": "https://www.textflint.com/static/Tasks/NER/trans_dataset/OntoNotes v5/ori_LMSubpopulation_0%-20%.json", "trans_download_link": "https://www.textflint.com/static/Tasks/NER/trans_dataset/OntoNotes v5/trans_LMSubpopulation_0%-20%.json", "contributor": {"name": "Yiding Tan", "github": "https://github.com/Tannidy"}}, "LMSubpopulation_80%-100%": {"trans": 81.82, "sample_num": 1364, "ori_download_link": "https://www.textflint.com/static/Tasks/NER/trans_dataset/OntoNotes v5/ori_LMSubpopulation_80%-100%.json", "trans_download_link": "https://www.textflint.com/static/Tasks/NER/trans_dataset/OntoNotes v5/trans_LMSubpopulation_80%-100%.json", "contributor": {"name": "Yiding Tan", "github": "https://github.com/Tannidy"}}, "LengthSubPopulation_0%-20%": {"trans": 86.46, "sample_num": 1363, "ori_download_link": "https://www.textflint.com/static/Tasks/NER/trans_dataset/OntoNotes v5/ori_LengthSubPopulation_0%-20%.json", "trans_download_link": "https://www.textflint.com/static/Tasks/NER/trans_dataset/OntoNotes v5/trans_LengthSubPopulation_0%-20%.json", "contributor": {"name": "Yiding Tan", "github": "https://github.com/Tannidy"}}, "LengthSubPopulation_80%-100%": {"trans": 86.57, "sample_num": 1364, "ori_download_link": "https://www.textflint.com/static/Tasks/NER/trans_dataset/OntoNotes v5/ori_LengthSubPopulation_80%-100%.json", "trans_download_link": "https://www.textflint.com/static/Tasks/NER/trans_dataset/OntoNotes v5/trans_LengthSubPopulation_80%-100%.json", "contributor": {"name": "Yiding Tan", "github": "https://github.com/Tannidy"}}, "PhraseSubPopulation-negation": {"trans": 72.96, "sample_num": 596, "ori_download_link": "https://www.textflint.com/static/Tasks/NER/trans_dataset/OntoNotes v5/ori_PhraseSubPopulation-negation.json", "trans_download_link": "https://www.textflint.com/static/Tasks/NER/trans_dataset/OntoNotes v5/trans_PhraseSubPopulation-negation.json", "contributor": {"name": "Yiding Tan", "github": "https://github.com/Tannidy"}}, "PhraseSubPopulation-question": {"trans": 87.48, "sample_num": 709, "ori_download_link": "https://www.textflint.com/static/Tasks/NER/trans_dataset/OntoNotes v5/ori_PhraseSubPopulation-question.json", "trans_download_link": "https://www.textflint.com/static/Tasks/NER/trans_dataset/OntoNotes v5/trans_PhraseSubPopulation-question.json", "contributor": {"name": "Yiding Tan", "github": "https://github.com/Tannidy"}}, "PrejudiceSubPopulation-man": {"trans": 88.87, "sample_num": 1304, "ori_download_link": "https://www.textflint.com/static/Tasks/NER/trans_dataset/OntoNotes v5/ori_PrejudiceSubPopulation-man.json", "trans_download_link": "https://www.textflint.com/static/Tasks/NER/trans_dataset/OntoNotes v5/trans_PrejudiceSubPopulation-man.json", "contributor": {"name": "Yiding Tan", "github": "https://github.com/Tannidy"}}, "PrejudiceSubPopulation-woman": {"trans": 88.51, "sample_num": 713, "ori_download_link": "https://www.textflint.com/static/Tasks/NER/trans_dataset/OntoNotes v5/ori_PrejudiceSubPopulation-woman.json", "trans_download_link": "https://www.textflint.com/static/Tasks/NER/trans_dataset/OntoNotes v5/trans_PrejudiceSubPopulation-woman.json", "contributor": {"name": "Yiding Tan", "github": "https://github.com/Tannidy"}}}}, {"model": "flair embeddings", "attack_results": {"LMSubpopulation_0%-20%": {"trans": 89.2, "sample_num": 1363, "ori_download_link": "https://www.textflint.com/static/Tasks/NER/trans_dataset/OntoNotes v5/ori_LMSubpopulation_0%-20%.json", "trans_download_link": "https://www.textflint.com/static/Tasks/NER/trans_dataset/OntoNotes v5/trans_LMSubpopulation_0%-20%.json", "contributor": {"name": "Yiding Tan", "github": "https://github.com/Tannidy"}}, "LMSubpopulation_80%-100%": {"trans": 85.23, "sample_num": 1364, "ori_download_link": "https://www.textflint.com/static/Tasks/NER/trans_dataset/OntoNotes v5/ori_LMSubpopulation_80%-100%.json", "trans_download_link": "https://www.textflint.com/static/Tasks/NER/trans_dataset/OntoNotes v5/trans_LMSubpopulation_80%-100%.json", "contributor": {"name": "Yiding Tan", "github": "https://github.com/Tannidy"}}, "LengthSubPopulation_0%-20%": {"trans": 87.58, "sample_num": 1363, "ori_download_link": "https://www.textflint.com/static/Tasks/NER/trans_dataset/OntoNotes v5/ori_LengthSubPopulation_0%-20%.json", "trans_download_link": "https://www.textflint.com/static/Tasks/NER/trans_dataset/OntoNotes v5/trans_LengthSubPopulation_0%-20%.json", "contributor": {"name": "Yiding Tan", "github": "https://github.com/Tannidy"}}, "LengthSubPopulation_80%-100%": {"trans": 87.86, "sample_num": 1364, "ori_download_link": "https://www.textflint.com/static/Tasks/NER/trans_dataset/OntoNotes v5/ori_LengthSubPopulation_80%-100%.json", "trans_download_link": "https://www.textflint.com/static/Tasks/NER/trans_dataset/OntoNotes v5/trans_LengthSubPopulation_80%-100%.json", "contributor": {"name": "Yiding Tan", "github": "https://github.com/Tannidy"}}, "PhraseSubPopulation-negation": {"trans": 65.97, "sample_num": 596, "ori_download_link": "https://www.textflint.com/static/Tasks/NER/trans_dataset/OntoNotes v5/ori_PhraseSubPopulation-negation.json", "trans_download_link": "https://www.textflint.com/static/Tasks/NER/trans_dataset/OntoNotes v5/trans_PhraseSubPopulation-negation.json", "contributor": {"name": "Yiding Tan", "github": "https://github.com/Tannidy"}}, "PhraseSubPopulation-question": {"trans": 87.5, "sample_num": 709, "ori_download_link": "https://www.textflint.com/static/Tasks/NER/trans_dataset/OntoNotes v5/ori_PhraseSubPopulation-question.json", "trans_download_link": "https://www.textflint.com/static/Tasks/NER/trans_dataset/OntoNotes v5/trans_PhraseSubPopulation-question.json", "contributor": {"name": "Yiding Tan", "github": "https://github.com/Tannidy"}}, "PrejudiceSubPopulation-man": {"trans": 89.32, "sample_num": 1304, "ori_download_link": "https://www.textflint.com/static/Tasks/NER/trans_dataset/OntoNotes v5/ori_PrejudiceSubPopulation-man.json", "trans_download_link": "https://www.textflint.com/static/Tasks/NER/trans_dataset/OntoNotes v5/trans_PrejudiceSubPopulation-man.json", "contributor": {"name": "Yiding Tan", "github": "https://github.com/Tannidy"}}, "PrejudiceSubPopulation-woman": {"trans": 88.59, "sample_num": 713, "ori_download_link": "https://www.textflint.com/static/Tasks/NER/trans_dataset/OntoNotes v5/ori_PrejudiceSubPopulation-woman.json", "trans_download_link": "https://www.textflint.com/static/Tasks/NER/trans_dataset/OntoNotes v5/trans_PrejudiceSubPopulation-woman.json", "contributor": {"name": "Yiding Tan", "github": "https://github.com/Tannidy"}}}}, {"model": "BiLSTM-CRF+ELMo", "attack_results": {"LMSubpopulation_0%-20%": {"trans": 88.9, "sample_num": 1363, "ori_download_link": "https://www.textflint.com/static/Tasks/NER/trans_dataset/OntoNotes v5/ori_LMSubpopulation_0%-20%.json", "trans_download_link": "https://www.textflint.com/static/Tasks/NER/trans_dataset/OntoNotes v5/trans_LMSubpopulation_0%-20%.json", "contributor": {"name": "Yiding Tan", "github": "https://github.com/Tannidy"}}, "LMSubpopulation_80%-100%": {"trans": 84.89, "sample_num": 1364, "ori_download_link": "https://www.textflint.com/static/Tasks/NER/trans_dataset/OntoNotes v5/ori_LMSubpopulation_80%-100%.json", "trans_download_link": "https://www.textflint.com/static/Tasks/NER/trans_dataset/OntoNotes v5/trans_LMSubpopulation_80%-100%.json", "contributor": {"name": "Yiding Tan", "github": "https://github.com/Tannidy"}}, "LengthSubPopulation_0%-20%": {"trans": 87.51, "sample_num": 1363, "ori_download_link": "https://www.textflint.com/static/Tasks/NER/trans_dataset/OntoNotes v5/ori_LengthSubPopulation_0%-20%.json", "trans_download_link": "https://www.textflint.com/static/Tasks/NER/trans_dataset/OntoNotes v5/trans_LengthSubPopulation_0%-20%.json", "contributor": {"name": "Yiding Tan", "github": "https://github.com/Tannidy"}}, "LengthSubPopulation_80%-100%": {"trans": 87.6, "sample_num": 1364, "ori_download_link": "https://www.textflint.com/static/Tasks/NER/trans_dataset/OntoNotes v5/ori_LengthSubPopulation_80%-100%.json", "trans_download_link": "https://www.textflint.com/static/Tasks/NER/trans_dataset/OntoNotes v5/trans_LengthSubPopulation_80%-100%.json", "contributor": {"name": "Yiding Tan", "github": "https://github.com/Tannidy"}}, "PhraseSubPopulation-negation": {"trans": 70.5, "sample_num": 596, "ori_download_link": "https://www.textflint.com/static/Tasks/NER/trans_dataset/OntoNotes v5/ori_PhraseSubPopulation-negation.json", "trans_download_link": "https://www.textflint.com/static/Tasks/NER/trans_dataset/OntoNotes v5/trans_PhraseSubPopulation-negation.json", "contributor": {"name": "Yiding Tan", "github": "https://github.com/Tannidy"}}, "PhraseSubPopulation-question": {"trans": 87.32, "sample_num": 709, "ori_download_link": "https://www.textflint.com/static/Tasks/NER/trans_dataset/OntoNotes v5/ori_PhraseSubPopulation-question.json", "trans_download_link": "https://www.textflint.com/static/Tasks/NER/trans_dataset/OntoNotes v5/trans_PhraseSubPopulation-question.json", "contributor": {"name": "Yiding Tan", "github": "https://github.com/Tannidy"}}, "PrejudiceSubPopulation-man": {"trans": 89.3, "sample_num": 1304, "ori_download_link": "https://www.textflint.com/static/Tasks/NER/trans_dataset/OntoNotes v5/ori_PrejudiceSubPopulation-man.json", "trans_download_link": "https://www.textflint.com/static/Tasks/NER/trans_dataset/OntoNotes v5/trans_PrejudiceSubPopulation-man.json", "contributor": {"name": "Yiding Tan", "github": "https://github.com/Tannidy"}}, "PrejudiceSubPopulation-woman": {"trans": 88.47, "sample_num": 713, "ori_download_link": "https://www.textflint.com/static/Tasks/NER/trans_dataset/OntoNotes v5/ori_PrejudiceSubPopulation-woman.json", "trans_download_link": "https://www.textflint.com/static/Tasks/NER/trans_dataset/OntoNotes v5/trans_PrejudiceSubPopulation-woman.json", "contributor": {"name": "Yiding Tan", "github": "https://github.com/Tannidy"}}}}, {"model": "Flair embeddings + Pooling", "attack_results": {"LMSubpopulation_0%-20%": {"trans": 87.09, "sample_num": 1363, "ori_download_link": "https://www.textflint.com/static/Tasks/NER/trans_dataset/OntoNotes v5/ori_LMSubpopulation_0%-20%.json", "trans_download_link": "https://www.textflint.com/static/Tasks/NER/trans_dataset/OntoNotes v5/trans_LMSubpopulation_0%-20%.json", "contributor": {"name": "Yiding Tan", "github": "https://github.com/Tannidy"}}, "LMSubpopulation_80%-100%": {"trans": 84.85, "sample_num": 1364, "ori_download_link": "https://www.textflint.com/static/Tasks/NER/trans_dataset/OntoNotes v5/ori_LMSubpopulation_80%-100%.json", "trans_download_link": "https://www.textflint.com/static/Tasks/NER/trans_dataset/OntoNotes v5/trans_LMSubpopulation_80%-100%.json", "contributor": {"name": "Yiding Tan", "github": "https://github.com/Tannidy"}}, "LengthSubPopulation_0%-20%": {"trans": 84.92, "sample_num": 1363, "ori_download_link": "https://www.textflint.com/static/Tasks/NER/trans_dataset/OntoNotes v5/ori_LengthSubPopulation_0%-20%.json", "trans_download_link": "https://www.textflint.com/static/Tasks/NER/trans_dataset/OntoNotes v5/trans_LengthSubPopulation_0%-20%.json", "contributor": {"name": "Yiding Tan", "github": "https://github.com/Tannidy"}}, "LengthSubPopulation_80%-100%": {"trans": 85.53, "sample_num": 1364, "ori_download_link": "https://www.textflint.com/static/Tasks/NER/trans_dataset/OntoNotes v5/ori_LengthSubPopulation_80%-100%.json", "trans_download_link": "https://www.textflint.com/static/Tasks/NER/trans_dataset/OntoNotes v5/trans_LengthSubPopulation_80%-100%.json", "contributor": {"name": "Yiding Tan", "github": "https://github.com/Tannidy"}}, "PhraseSubPopulation-negation": {"trans": 69.13, "sample_num": 596, "ori_download_link": "https://www.textflint.com/static/Tasks/NER/trans_dataset/OntoNotes v5/ori_PhraseSubPopulation-negation.json", "trans_download_link": "https://www.textflint.com/static/Tasks/NER/trans_dataset/OntoNotes v5/trans_PhraseSubPopulation-negation.json", "contributor": {"name": "Yiding Tan", "github": "https://github.com/Tannidy"}}, "PhraseSubPopulation-question": {"trans": 85.96, "sample_num": 709, "ori_download_link": "https://www.textflint.com/static/Tasks/NER/trans_dataset/OntoNotes v5/ori_PhraseSubPopulation-question.json", "trans_download_link": "https://www.textflint.com/static/Tasks/NER/trans_dataset/OntoNotes v5/trans_PhraseSubPopulation-question.json", "contributor": {"name": "Yiding Tan", "github": "https://github.com/Tannidy"}}, "PrejudiceSubPopulation-man": {"trans": 87.96, "sample_num": 1304, "ori_download_link": "https://www.textflint.com/static/Tasks/NER/trans_dataset/OntoNotes v5/ori_PrejudiceSubPopulation-man.json", "trans_download_link": "https://www.textflint.com/static/Tasks/NER/trans_dataset/OntoNotes v5/trans_PrejudiceSubPopulation-man.json", "contributor": {"name": "Yiding Tan", "github": "https://github.com/Tannidy"}}, "PrejudiceSubPopulation-woman": {"trans": 85.92, "sample_num": 713, "ori_download_link": "https://www.textflint.com/static/Tasks/NER/trans_dataset/OntoNotes v5/ori_PrejudiceSubPopulation-woman.json", "trans_download_link": "https://www.textflint.com/static/Tasks/NER/trans_dataset/OntoNotes v5/trans_PrejudiceSubPopulation-woman.json", "contributor": {"name": "Yiding Tan", "github": "https://github.com/Tannidy"}}}}]