[{"model": "BiLSTM-CNN-CRF", "attack_results": {"WordCase-title": {"ori": 86.43, "trans": 41.54, "sample_num": 6815, "ori_download_link": "https://www.textflint.com/static/Tasks/NER/trans_dataset/OntoNotes v5/ori_WordCase-title.json", "trans_download_link": "https://www.textflint.com/static/Tasks/NER/trans_dataset/OntoNotes v5/trans_WordCase-title.json", "contributor": {"name": "Yiding Tan", "github": "https://github.com/Tannidy"}}, "WordCase-upper": {"ori": 86.42, "trans": 8.95, "sample_num": 6812, "ori_download_link": "https://www.textflint.com/static/Tasks/NER/trans_dataset/OntoNotes v5/ori_WordCase-upper.json", "trans_download_link": "https://www.textflint.com/static/Tasks/NER/trans_dataset/OntoNotes v5/trans_WordCase-upper.json", "contributor": {"name": "Yiding Tan", "github": "https://github.com/Tannidy"}}, "Keyboard": {"ori": 86.42, "trans": 54.91, "sample_num": 6792, "ori_download_link": "https://www.textflint.com/static/Tasks/NER/trans_dataset/OntoNotes v5/ori_Keyboard.json", "trans_download_link": "https://www.textflint.com/static/Tasks/NER/trans_dataset/OntoNotes v5/trans_Keyboard.json", "contributor": {"name": "Yiding Tan", "github": "https://github.com/Tannidy"}}, "MLMSuggestion": {"ori": 86.42, "trans": 70.17, "sample_num": 6740, "ori_download_link": "https://www.textflint.com/static/Tasks/NER/trans_dataset/OntoNotes v5/ori_MLMSuggestion.json", "trans_download_link": "https://www.textflint.com/static/Tasks/NER/trans_dataset/OntoNotes v5/trans_MLMSuggestion.json", "contributor": {"name": "Yiding Tan", "github": "https://github.com/Tannidy"}}, "SwapNum": {"ori": 86.31, "trans": 80.21, "sample_num": 771, "ori_download_link": "https://www.textflint.com/static/Tasks/NER/trans_dataset/OntoNotes v5/ori_SwapNum.json", "trans_download_link": "https://www.textflint.com/static/Tasks/NER/trans_dataset/OntoNotes v5/trans_SwapNum.json", "contributor": {"name": "Yiding Tan", "github": "https://github.com/Tannidy"}}, "Ocr": {"ori": 86.42, "trans": 57.47, "sample_num": 6597, "ori_download_link": "https://www.textflint.com/static/Tasks/NER/trans_dataset/OntoNotes v5/ori_Ocr.json", "trans_download_link": "https://www.textflint.com/static/Tasks/NER/trans_dataset/OntoNotes v5/trans_Ocr.json", "contributor": {"name": "Yiding Tan", "github": "https://github.com/Tannidy"}}, "RevNeg": {"ori": 86.55, "trans": 85.51, "sample_num": 4702, "ori_download_link": "https://www.textflint.com/static/Tasks/NER/trans_dataset/OntoNotes v5/ori_RevNeg.json", "trans_download_link": "https://www.textflint.com/static/Tasks/NER/trans_dataset/OntoNotes v5/trans_RevNeg.json", "contributor": {"name": "Yiding Tan", "github": "https://github.com/Tannidy"}}, "SpellingError": {"ori": 86.56, "trans": 64.3, "sample_num": 6302, "ori_download_link": "https://www.textflint.com/static/Tasks/NER/trans_dataset/OntoNotes v5/ori_SpellingError.json", "trans_download_link": "https://www.textflint.com/static/Tasks/NER/trans_dataset/OntoNotes v5/trans_SpellingError.json", "contributor": {"name": "Yiding Tan", "github": "https://github.com/Tannidy"}}, "Tense": {"ori": 86.66, "trans": 86.74, "sample_num": 4853, "ori_download_link": "https://www.textflint.com/static/Tasks/NER/trans_dataset/OntoNotes v5/ori_Tense.json", "trans_download_link": "https://www.textflint.com/static/Tasks/NER/trans_dataset/OntoNotes v5/trans_Tense.json", "contributor": {"name": "Yiding Tan", "github": "https://github.com/Tannidy"}}, "SwapSyn-WordNet": {"ori": 86.3, "trans": 84.14, "sample_num": 6244, "ori_download_link": "https://www.textflint.com/static/Tasks/NER/trans_dataset/OntoNotes v5/ori_SwapSyn-WordNet.json", "trans_download_link": "https://www.textflint.com/static/Tasks/NER/trans_dataset/OntoNotes v5/trans_SwapSyn-WordNet.json", "contributor": {"name": "Yiding Tan", "github": "https://github.com/Tannidy"}}, "SwapAnt-WordNet": {"ori": 86.51, "trans": 79.46, "sample_num": 3185, "ori_download_link": "https://www.textflint.com/static/Tasks/NER/trans_dataset/OntoNotes v5/ori_SwapAnt-WordNet.json", "trans_download_link": "https://www.textflint.com/static/Tasks/NER/trans_dataset/OntoNotes v5/trans_SwapAnt-WordNet.json", "contributor": {"name": "Yiding Tan", "github": "https://github.com/Tannidy"}}, "TwitterType": {"ori": 86.42, "trans": 79.45, "sample_num": 6812, "ori_download_link": "https://www.textflint.com/static/Tasks/NER/trans_dataset/OntoNotes v5/ori_TwitterType.json", "trans_download_link": "https://www.textflint.com/static/Tasks/NER/trans_dataset/OntoNotes v5/trans_TwitterType.json", "contributor": {"name": "Yiding Tan", "github": "https://github.com/Tannidy"}}, "Typos-random": {"ori": 86.41, "trans": 61.66, "sample_num": 6696, "ori_download_link": "https://www.textflint.com/static/Tasks/NER/trans_dataset/OntoNotes v5/ori_Typos-random.json", "trans_download_link": "https://www.textflint.com/static/Tasks/NER/trans_dataset/OntoNotes v5/trans_Typos-random.json", "contributor": {"name": "Yiding Tan", "github": "https://github.com/Tannidy"}}, "SwapSyn-WordEmbedding": {"ori": 86.61, "trans": 84.86, "sample_num": 5934, "ori_download_link": "https://www.textflint.com/static/Tasks/NER/trans_dataset/OntoNotes v5/ori_SwapSyn-WordEmbedding.json", "trans_download_link": "https://www.textflint.com/static/Tasks/NER/trans_dataset/OntoNotes v5/trans_SwapSyn-WordEmbedding.json", "contributor": {"name": "Yiding Tan", "github": "https://github.com/Tannidy"}}, "InsertAdv": {"ori": 86.44, "trans": 84.5, "sample_num": 5628, "ori_download_link": "https://www.textflint.com/static/Tasks/NER/trans_dataset/OntoNotes v5/ori_InsertAdv.json", "trans_download_link": "https://www.textflint.com/static/Tasks/NER/trans_dataset/OntoNotes v5/trans_InsertAdv.json", "contributor": {"name": "Yiding Tan", "github": "https://github.com/Tannidy"}}, "AppendIrr": {"ori": 86.42, "trans": 80.96, "sample_num": 6812, "ori_download_link": "https://www.textflint.com/static/Tasks/NER/trans_dataset/OntoNotes v5/ori_AppendIrr.json", "trans_download_link": "https://www.textflint.com/static/Tasks/NER/trans_dataset/OntoNotes v5/trans_AppendIrr.json", "contributor": {"name": "Yiding Tan", "github": "https://github.com/Tannidy"}}, "Contraction": {"ori": 85.63, "trans": 84.44, "sample_num": 1477, "ori_download_link": "https://www.textflint.com/static/Tasks/NER/trans_dataset/OntoNotes v5/ori_Contraction.json", "trans_download_link": "https://www.textflint.com/static/Tasks/NER/trans_dataset/OntoNotes v5/trans_Contraction.json", "contributor": {"name": "Yiding Tan", "github": "https://github.com/Tannidy"}}, "AddRmvPunc": {"ori": 86.42, "trans": 84.43, "sample_num": 6807, "ori_download_link": "https://www.textflint.com/static/Tasks/NER/trans_dataset/OntoNotes v5/ori_AddRmvPunc.json", "trans_download_link": "https://www.textflint.com/static/Tasks/NER/trans_dataset/OntoNotes v5/trans_AddRmvPunc.json", "contributor": {"name": "Yiding Tan", "github": "https://github.com/Tannidy"}}, "WordCase-lower": {"ori": 85.95, "trans": 40.54, "sample_num": 8469, "ori_download_link": "https://www.textflint.com/static/Tasks/NER/trans_dataset/OntoNotes v5/ori_WordCase-lower.json", "trans_download_link": "https://www.textflint.com/static/Tasks/NER/trans_dataset/OntoNotes v5/trans_WordCase-lower.json", "contributor": {"name": "Yiding Tan", "github": "https://github.com/Tannidy"}}}}, {"model": "BiLSTM-CRF", "attack_results": {"WordCase-title": {"ori": 85.39, "trans": 59.34, "sample_num": 6815, "ori_download_link": "https://www.textflint.com/static/Tasks/NER/trans_dataset/OntoNotes v5/ori_WordCase-title.json", "trans_download_link": "https://www.textflint.com/static/Tasks/NER/trans_dataset/OntoNotes v5/trans_WordCase-title.json", "contributor": {"name": "Yiding Tan", "github": "https://github.com/Tannidy"}}, "WordCase-upper": {"ori": 85.38, "trans": 28.67, "sample_num": 6812, "ori_download_link": "https://www.textflint.com/static/Tasks/NER/trans_dataset/OntoNotes v5/ori_WordCase-upper.json", "trans_download_link": "https://www.textflint.com/static/Tasks/NER/trans_dataset/OntoNotes v5/trans_WordCase-upper.json", "contributor": {"name": "Yiding Tan", "github": "https://github.com/Tannidy"}}, "Keyboard": {"ori": 85.38, "trans": 65.2, "sample_num": 6792, "ori_download_link": "https://www.textflint.com/static/Tasks/NER/trans_dataset/OntoNotes v5/ori_Keyboard.json", "trans_download_link": "https://www.textflint.com/static/Tasks/NER/trans_dataset/OntoNotes v5/trans_Keyboard.json", "contributor": {"name": "Yiding Tan", "github": "https://github.com/Tannidy"}}, "MLMSuggestion": {"ori": 85.38, "trans": 70.39, "sample_num": 6740, "ori_download_link": "https://www.textflint.com/static/Tasks/NER/trans_dataset/OntoNotes v5/ori_MLMSuggestion.json", "trans_download_link": "https://www.textflint.com/static/Tasks/NER/trans_dataset/OntoNotes v5/trans_MLMSuggestion.json", "contributor": {"name": "Yiding Tan", "github": "https://github.com/Tannidy"}}, "SwapNum": {"ori": 85.51, "trans": 79.71, "sample_num": 771, "ori_download_link": "https://www.textflint.com/static/Tasks/NER/trans_dataset/OntoNotes v5/ori_SwapNum.json", "trans_download_link": "https://www.textflint.com/static/Tasks/NER/trans_dataset/OntoNotes v5/trans_SwapNum.json", "contributor": {"name": "Yiding Tan", "github": "https://github.com/Tannidy"}}, "Ocr": {"ori": 85.38, "trans": 65.3, "sample_num": 6597, "ori_download_link": "https://www.textflint.com/static/Tasks/NER/trans_dataset/OntoNotes v5/ori_Ocr.json", "trans_download_link": "https://www.textflint.com/static/Tasks/NER/trans_dataset/OntoNotes v5/trans_Ocr.json", "contributor": {"name": "Yiding Tan", "github": "https://github.com/Tannidy"}}, "RevNeg": {"ori": 85.53, "trans": 84.26, "sample_num": 4702, "ori_download_link": "https://www.textflint.com/static/Tasks/NER/trans_dataset/OntoNotes v5/ori_RevNeg.json", "trans_download_link": "https://www.textflint.com/static/Tasks/NER/trans_dataset/OntoNotes v5/trans_RevNeg.json", "contributor": {"name": "Yiding Tan", "github": "https://github.com/Tannidy"}}, "SpellingError": {"ori": 85.54, "trans": 60.76, "sample_num": 6302, "ori_download_link": "https://www.textflint.com/static/Tasks/NER/trans_dataset/OntoNotes v5/ori_SpellingError.json", "trans_download_link": "https://www.textflint.com/static/Tasks/NER/trans_dataset/OntoNotes v5/trans_SpellingError.json", "contributor": {"name": "Yiding Tan", "github": "https://github.com/Tannidy"}}, "Tense": {"ori": 85.61, "trans": 85.46, "sample_num": 4853, "ori_download_link": "https://www.textflint.com/static/Tasks/NER/trans_dataset/OntoNotes v5/ori_Tense.json", "trans_download_link": "https://www.textflint.com/static/Tasks/NER/trans_dataset/OntoNotes v5/trans_Tense.json", "contributor": {"name": "Yiding Tan", "github": "https://github.com/Tannidy"}}, "SwapSyn-WordNet": {"ori": 85.78, "trans": 82.82, "sample_num": 6244, "ori_download_link": "https://www.textflint.com/static/Tasks/NER/trans_dataset/OntoNotes v5/ori_SwapSyn-WordNet.json", "trans_download_link": "https://www.textflint.com/static/Tasks/NER/trans_dataset/OntoNotes v5/trans_SwapSyn-WordNet.json", "contributor": {"name": "Yiding Tan", "github": "https://github.com/Tannidy"}}, "SwapAnt-WordNet": {"ori": 85.49, "trans": 78.29, "sample_num": 3185, "ori_download_link": "https://www.textflint.com/static/Tasks/NER/trans_dataset/OntoNotes v5/ori_SwapAnt-WordNet.json", "trans_download_link": "https://www.textflint.com/static/Tasks/NER/trans_dataset/OntoNotes v5/trans_SwapAnt-WordNet.json", "contributor": {"name": "Yiding Tan", "github": "https://github.com/Tannidy"}}, "TwitterType": {"ori": 85.38, "trans": 83.8, "sample_num": 6812, "ori_download_link": "https://www.textflint.com/static/Tasks/NER/trans_dataset/OntoNotes v5/ori_TwitterType.json", "trans_download_link": "https://www.textflint.com/static/Tasks/NER/trans_dataset/OntoNotes v5/trans_TwitterType.json", "contributor": {"name": "Yiding Tan", "github": "https://github.com/Tannidy"}}, "Typos-random": {"ori": 85.37, "trans": 57.43, "sample_num": 6696, "ori_download_link": "https://www.textflint.com/static/Tasks/NER/trans_dataset/OntoNotes v5/ori_Typos-random.json", "trans_download_link": "https://www.textflint.com/static/Tasks/NER/trans_dataset/OntoNotes v5/trans_Typos-random.json", "contributor": {"name": "Yiding Tan", "github": "https://github.com/Tannidy"}}, "SwapSyn-WordEmbedding": {"ori": 85.59, "trans": 83.47, "sample_num": 5934, "ori_download_link": "https://www.textflint.com/static/Tasks/NER/trans_dataset/OntoNotes v5/ori_SwapSyn-WordEmbedding.json", "trans_download_link": "https://www.textflint.com/static/Tasks/NER/trans_dataset/OntoNotes v5/trans_SwapSyn-WordEmbedding.json", "contributor": {"name": "Yiding Tan", "github": "https://github.com/Tannidy"}}, "InsertAdv": {"ori": 85.46, "trans": 83.23, "sample_num": 5628, "ori_download_link": "https://www.textflint.com/static/Tasks/NER/trans_dataset/OntoNotes v5/ori_InsertAdv.json", "trans_download_link": "https://www.textflint.com/static/Tasks/NER/trans_dataset/OntoNotes v5/trans_InsertAdv.json", "contributor": {"name": "Yiding Tan", "github": "https://github.com/Tannidy"}}, "AppendIrr": {"ori": 85.38, "trans": 83.05, "sample_num": 6812, "ori_download_link": "https://www.textflint.com/static/Tasks/NER/trans_dataset/OntoNotes v5/ori_AppendIrr.json", "trans_download_link": "https://www.textflint.com/static/Tasks/NER/trans_dataset/OntoNotes v5/trans_AppendIrr.json", "contributor": {"name": "Yiding Tan", "github": "https://github.com/Tannidy"}}, "Contraction": {"ori": 84.5, "trans": 82.93, "sample_num": 1477, "ori_download_link": "https://www.textflint.com/static/Tasks/NER/trans_dataset/OntoNotes v5/ori_Contraction.json", "trans_download_link": "https://www.textflint.com/static/Tasks/NER/trans_dataset/OntoNotes v5/trans_Contraction.json", "contributor": {"name": "Yiding Tan", "github": "https://github.com/Tannidy"}}, "AddRmvPunc": {"ori": 85.38, "trans": 83.35, "sample_num": 6807, "ori_download_link": "https://www.textflint.com/static/Tasks/NER/trans_dataset/OntoNotes v5/ori_AddRmvPunc.json", "trans_download_link": "https://www.textflint.com/static/Tasks/NER/trans_dataset/OntoNotes v5/trans_AddRmvPunc.json", "contributor": {"name": "Yiding Tan", "github": "https://github.com/Tannidy"}}, "WordCase-lower": {"ori": 82.31, "trans": 50.34, "sample_num": 8469, "ori_download_link": "https://www.textflint.com/static/Tasks/NER/trans_dataset/OntoNotes v5/ori_WordCase-lower.json", "trans_download_link": "https://www.textflint.com/static/Tasks/NER/trans_dataset/OntoNotes v5/trans_WordCase-lower.json", "contributor": {"name": "Yiding Tan", "github": "https://github.com/Tannidy"}}}}, {"model": "LM-LSTM-CRF", "attack_results": {"WordCase-title": {"ori": 88.09, "trans": 64.56, "sample_num": 6815, "ori_download_link": "https://www.textflint.com/static/Tasks/NER/trans_dataset/OntoNotes v5/ori_WordCase-title.json", "trans_download_link": "https://www.textflint.com/static/Tasks/NER/trans_dataset/OntoNotes v5/trans_WordCase-title.json", "contributor": {"name": "Yiding Tan", "github": "https://github.com/Tannidy"}}, "WordCase-upper": {"ori": 88.09, "trans": 74.26, "sample_num": 6812, "ori_download_link": "https://www.textflint.com/static/Tasks/NER/trans_dataset/OntoNotes v5/ori_WordCase-upper.json", "trans_download_link": "https://www.textflint.com/static/Tasks/NER/trans_dataset/OntoNotes v5/trans_WordCase-upper.json", "contributor": {"name": "Yiding Tan", "github": "https://github.com/Tannidy"}}, "Keyboard": {"ori": 88.07, "trans": 65.04, "sample_num": 6792, "ori_download_link": "https://www.textflint.com/static/Tasks/NER/trans_dataset/OntoNotes v5/ori_Keyboard.json", "trans_download_link": "https://www.textflint.com/static/Tasks/NER/trans_dataset/OntoNotes v5/trans_Keyboard.json", "contributor": {"name": "Yiding Tan", "github": "https://github.com/Tannidy"}}, "MLMSuggestion": {"ori": 88.08, "trans": 72.32, "sample_num": 6740, "ori_download_link": "https://www.textflint.com/static/Tasks/NER/trans_dataset/OntoNotes v5/ori_MLMSuggestion.json", "trans_download_link": "https://www.textflint.com/static/Tasks/NER/trans_dataset/OntoNotes v5/trans_MLMSuggestion.json", "contributor": {"name": "Yiding Tan", "github": "https://github.com/Tannidy"}}, "SwapNum": {"ori": 87.54, "trans": 84.33, "sample_num": 771, "ori_download_link": "https://www.textflint.com/static/Tasks/NER/trans_dataset/OntoNotes v5/ori_SwapNum.json", "trans_download_link": "https://www.textflint.com/static/Tasks/NER/trans_dataset/OntoNotes v5/trans_SwapNum.json", "contributor": {"name": "Yiding Tan", "github": "https://github.com/Tannidy"}}, "Ocr": {"ori": 88.06, "trans": 63.84, "sample_num": 6597, "ori_download_link": "https://www.textflint.com/static/Tasks/NER/trans_dataset/OntoNotes v5/ori_Ocr.json", "trans_download_link": "https://www.textflint.com/static/Tasks/NER/trans_dataset/OntoNotes v5/trans_Ocr.json", "contributor": {"name": "Yiding Tan", "github": "https://github.com/Tannidy"}}, "RevNeg": {"ori": 88.25, "trans": 87.12, "sample_num": 4702, "ori_download_link": "https://www.textflint.com/static/Tasks/NER/trans_dataset/OntoNotes v5/ori_RevNeg.json", "trans_download_link": "https://www.textflint.com/static/Tasks/NER/trans_dataset/OntoNotes v5/trans_RevNeg.json", "contributor": {"name": "Yiding Tan", "github": "https://github.com/Tannidy"}}, "SpellingError": {"ori": 88.16, "trans": 68.82, "sample_num": 6302, "ori_download_link": "https://www.textflint.com/static/Tasks/NER/trans_dataset/OntoNotes v5/ori_SpellingError.json", "trans_download_link": "https://www.textflint.com/static/Tasks/NER/trans_dataset/OntoNotes v5/trans_SpellingError.json", "contributor": {"name": "Yiding Tan", "github": "https://github.com/Tannidy"}}, "Tense": {"ori": 88.31, "trans": 88.26, "sample_num": 4853, "ori_download_link": "https://www.textflint.com/static/Tasks/NER/trans_dataset/OntoNotes v5/ori_Tense.json", "trans_download_link": "https://www.textflint.com/static/Tasks/NER/trans_dataset/OntoNotes v5/trans_Tense.json", "contributor": {"name": "Yiding Tan", "github": "https://github.com/Tannidy"}}, "SwapSyn-WordNet": {"ori": 87.71, "trans": 85.62, "sample_num": 6244, "ori_download_link": "https://www.textflint.com/static/Tasks/NER/trans_dataset/OntoNotes v5/ori_SwapSyn-WordNet.json", "trans_download_link": "https://www.textflint.com/static/Tasks/NER/trans_dataset/OntoNotes v5/trans_SwapSyn-WordNet.json", "contributor": {"name": "Yiding Tan", "github": "https://github.com/Tannidy"}}, "SwapAnt-WordNet": {"ori": 88.13, "trans": 81.12, "sample_num": 3185, "ori_download_link": "https://www.textflint.com/static/Tasks/NER/trans_dataset/OntoNotes v5/ori_SwapAnt-WordNet.json", "trans_download_link": "https://www.textflint.com/static/Tasks/NER/trans_dataset/OntoNotes v5/trans_SwapAnt-WordNet.json", "contributor": {"name": "Yiding Tan", "github": "https://github.com/Tannidy"}}, "TwitterType": {"ori": 88.09, "trans": 81.04, "sample_num": 6812, "ori_download_link": "https://www.textflint.com/static/Tasks/NER/trans_dataset/OntoNotes v5/ori_TwitterType.json", "trans_download_link": "https://www.textflint.com/static/Tasks/NER/trans_dataset/OntoNotes v5/trans_TwitterType.json", "contributor": {"name": "Yiding Tan", "github": "https://github.com/Tannidy"}}, "Typos-random": {"ori": 88.06, "trans": 68.4, "sample_num": 6696, "ori_download_link": "https://www.textflint.com/static/Tasks/NER/trans_dataset/OntoNotes v5/ori_Typos-random.json", "trans_download_link": "https://www.textflint.com/static/Tasks/NER/trans_dataset/OntoNotes v5/trans_Typos-random.json", "contributor": {"name": "Yiding Tan", "github": "https://github.com/Tannidy"}}, "SwapSyn-WordEmbedding": {"ori": 88.18, "trans": 86.31, "sample_num": 5934, "ori_download_link": "https://www.textflint.com/static/Tasks/NER/trans_dataset/OntoNotes v5/ori_SwapSyn-WordEmbedding.json", "trans_download_link": "https://www.textflint.com/static/Tasks/NER/trans_dataset/OntoNotes v5/trans_SwapSyn-WordEmbedding.json", "contributor": {"name": "Yiding Tan", "github": "https://github.com/Tannidy"}}, "InsertAdv": {"ori": 88.06, "trans": 86.28, "sample_num": 5628, "ori_download_link": "https://www.textflint.com/static/Tasks/NER/trans_dataset/OntoNotes v5/ori_InsertAdv.json", "trans_download_link": "https://www.textflint.com/static/Tasks/NER/trans_dataset/OntoNotes v5/trans_InsertAdv.json", "contributor": {"name": "Yiding Tan", "github": "https://github.com/Tannidy"}}, "AppendIrr": {"ori": 88.09, "trans": 82.96, "sample_num": 6812, "ori_download_link": "https://www.textflint.com/static/Tasks/NER/trans_dataset/OntoNotes v5/ori_AppendIrr.json", "trans_download_link": "https://www.textflint.com/static/Tasks/NER/trans_dataset/OntoNotes v5/trans_AppendIrr.json", "contributor": {"name": "Yiding Tan", "github": "https://github.com/Tannidy"}}, "Contraction": {"ori": 86.9, "trans": 86.06, "sample_num": 1477, "ori_download_link": "https://www.textflint.com/static/Tasks/NER/trans_dataset/OntoNotes v5/ori_Contraction.json", "trans_download_link": "https://www.textflint.com/static/Tasks/NER/trans_dataset/OntoNotes v5/trans_Contraction.json", "contributor": {"name": "Yiding Tan", "github": "https://github.com/Tannidy"}}, "AddRmvPunc": {"ori": 88.08, "trans": 87.43, "sample_num": 6807, "ori_download_link": "https://www.textflint.com/static/Tasks/NER/trans_dataset/OntoNotes v5/ori_AddRmvPunc.json", "trans_download_link": "https://www.textflint.com/static/Tasks/NER/trans_dataset/OntoNotes v5/trans_AddRmvPunc.json", "contributor": {"name": "Yiding Tan", "github": "https://github.com/Tannidy"}}, "WordCase-lower": {"ori": 87.92, "trans": 61.23, "sample_num": 8469, "ori_download_link": "https://www.textflint.com/static/Tasks/NER/trans_dataset/OntoNotes v5/ori_WordCase-lower.json", "trans_download_link": "https://www.textflint.com/static/Tasks/NER/trans_dataset/OntoNotes v5/trans_WordCase-lower.json", "contributor": {"name": "Yiding Tan", "github": "https://github.com/Tannidy"}}}}, {"model": "BERT-base(cased)", "attack_results": {"WordCase-title": {"ori": 89.06, "trans": 74.69, "sample_num": 6815, "ori_download_link": "https://www.textflint.com/static/Tasks/NER/trans_dataset/OntoNotes v5/ori_WordCase-title.json", "trans_download_link": "https://www.textflint.com/static/Tasks/NER/trans_dataset/OntoNotes v5/trans_WordCase-title.json", "contributor": {"name": "Yiding Tan", "github": "https://github.com/Tannidy"}}, "WordCase-upper": {"ori": 89.07, "trans": 20.68, "sample_num": 6812, "ori_download_link": "https://www.textflint.com/static/Tasks/NER/trans_dataset/OntoNotes v5/ori_WordCase-upper.json", "trans_download_link": "https://www.textflint.com/static/Tasks/NER/trans_dataset/OntoNotes v5/trans_WordCase-upper.json", "contributor": {"name": "Yiding Tan", "github": "https://github.com/Tannidy"}}, "Keyboard": {"ori": 89.07, "trans": 69.94, "sample_num": 6792, "ori_download_link": "https://www.textflint.com/static/Tasks/NER/trans_dataset/OntoNotes v5/ori_Keyboard.json", "trans_download_link": "https://www.textflint.com/static/Tasks/NER/trans_dataset/OntoNotes v5/trans_Keyboard.json", "contributor": {"name": "Yiding Tan", "github": "https://github.com/Tannidy"}}, "MLMSuggestion": {"ori": 89.07, "trans": 72.66, "sample_num": 6740, "ori_download_link": "https://www.textflint.com/static/Tasks/NER/trans_dataset/OntoNotes v5/ori_MLMSuggestion.json", "trans_download_link": "https://www.textflint.com/static/Tasks/NER/trans_dataset/OntoNotes v5/trans_MLMSuggestion.json", "contributor": {"name": "Yiding Tan", "github": "https://github.com/Tannidy"}}, "SwapNum": {"ori": 89.19, "trans": 85.56, "sample_num": 771, "ori_download_link": "https://www.textflint.com/static/Tasks/NER/trans_dataset/OntoNotes v5/ori_SwapNum.json", "trans_download_link": "https://www.textflint.com/static/Tasks/NER/trans_dataset/OntoNotes v5/trans_SwapNum.json", "contributor": {"name": "Yiding Tan", "github": "https://github.com/Tannidy"}}, "Ocr": {"ori": 89.08, "trans": 71.92, "sample_num": 6597, "ori_download_link": "https://www.textflint.com/static/Tasks/NER/trans_dataset/OntoNotes v5/ori_Ocr.json", "trans_download_link": "https://www.textflint.com/static/Tasks/NER/trans_dataset/OntoNotes v5/trans_Ocr.json", "contributor": {"name": "Yiding Tan", "github": "https://github.com/Tannidy"}}, "RevNeg": {"ori": 89.11, "trans": 87.89, "sample_num": 4702, "ori_download_link": "https://www.textflint.com/static/Tasks/NER/trans_dataset/OntoNotes v5/ori_RevNeg.json", "trans_download_link": "https://www.textflint.com/static/Tasks/NER/trans_dataset/OntoNotes v5/trans_RevNeg.json", "contributor": {"name": "Yiding Tan", "github": "https://github.com/Tannidy"}}, "SpellingError": {"ori": 89.16, "trans": 68.65, "sample_num": 6302, "ori_download_link": "https://www.textflint.com/static/Tasks/NER/trans_dataset/OntoNotes v5/ori_SpellingError.json", "trans_download_link": "https://www.textflint.com/static/Tasks/NER/trans_dataset/OntoNotes v5/trans_SpellingError.json", "contributor": {"name": "Yiding Tan", "github": "https://github.com/Tannidy"}}, "Tense": {"ori": 89.36, "trans": 89.58, "sample_num": 4853, "ori_download_link": "https://www.textflint.com/static/Tasks/NER/trans_dataset/OntoNotes v5/ori_Tense.json", "trans_download_link": "https://www.textflint.com/static/Tasks/NER/trans_dataset/OntoNotes v5/trans_Tense.json", "contributor": {"name": "Yiding Tan", "github": "https://github.com/Tannidy"}}, "SwapSyn-WordNet": {"ori": 88.87, "trans": 86.74, "sample_num": 6244, "ori_download_link": "https://www.textflint.com/static/Tasks/NER/trans_dataset/OntoNotes v5/ori_SwapSyn-WordNet.json", "trans_download_link": "https://www.textflint.com/static/Tasks/NER/trans_dataset/OntoNotes v5/trans_SwapSyn-WordNet.json", "contributor": {"name": "Yiding Tan", "github": "https://github.com/Tannidy"}}, "SwapAnt-WordNet": {"ori": 89.11, "trans": 81.41, "sample_num": 3185, "ori_download_link": "https://www.textflint.com/static/Tasks/NER/trans_dataset/OntoNotes v5/ori_SwapAnt-WordNet.json", "trans_download_link": "https://www.textflint.com/static/Tasks/NER/trans_dataset/OntoNotes v5/trans_SwapAnt-WordNet.json", "contributor": {"name": "Yiding Tan", "github": "https://github.com/Tannidy"}}, "TwitterType": {"ori": 89.07, "trans": 88.3, "sample_num": 6812, "ori_download_link": "https://www.textflint.com/static/Tasks/NER/trans_dataset/OntoNotes v5/ori_TwitterType.json", "trans_download_link": "https://www.textflint.com/static/Tasks/NER/trans_dataset/OntoNotes v5/trans_TwitterType.json", "contributor": {"name": "Yiding Tan", "github": "https://github.com/Tannidy"}}, "Typos-random": {"ori": 89.07, "trans": 69.05, "sample_num": 6696, "ori_download_link": "https://www.textflint.com/static/Tasks/NER/trans_dataset/OntoNotes v5/ori_Typos-random.json", "trans_download_link": "https://www.textflint.com/static/Tasks/NER/trans_dataset/OntoNotes v5/trans_Typos-random.json", "contributor": {"name": "Yiding Tan", "github": "https://github.com/Tannidy"}}, "SwapSyn-WordEmbedding": {"ori": 89.21, "trans": 86.7, "sample_num": 5934, "ori_download_link": "https://www.textflint.com/static/Tasks/NER/trans_dataset/OntoNotes v5/ori_SwapSyn-WordEmbedding.json", "trans_download_link": "https://www.textflint.com/static/Tasks/NER/trans_dataset/OntoNotes v5/trans_SwapSyn-WordEmbedding.json", "contributor": {"name": "Yiding Tan", "github": "https://github.com/Tannidy"}}, "InsertAdv": {"ori": 89.08, "trans": 86.77, "sample_num": 5628, "ori_download_link": "https://www.textflint.com/static/Tasks/NER/trans_dataset/OntoNotes v5/ori_InsertAdv.json", "trans_download_link": "https://www.textflint.com/static/Tasks/NER/trans_dataset/OntoNotes v5/trans_InsertAdv.json", "contributor": {"name": "Yiding Tan", "github": "https://github.com/Tannidy"}}, "AppendIrr": {"ori": 89.07, "trans": 86.06, "sample_num": 6812, "ori_download_link": "https://www.textflint.com/static/Tasks/NER/trans_dataset/OntoNotes v5/ori_AppendIrr.json", "trans_download_link": "https://www.textflint.com/static/Tasks/NER/trans_dataset/OntoNotes v5/trans_AppendIrr.json", "contributor": {"name": "Yiding Tan", "github": "https://github.com/Tannidy"}}, "Contraction": {"ori": 88.07, "trans": 87.72, "sample_num": 1477, "ori_download_link": "https://www.textflint.com/static/Tasks/NER/trans_dataset/OntoNotes v5/ori_Contraction.json", "trans_download_link": "https://www.textflint.com/static/Tasks/NER/trans_dataset/OntoNotes v5/trans_Contraction.json", "contributor": {"name": "Yiding Tan", "github": "https://github.com/Tannidy"}}, "AddRmvPunc": {"ori": 89.07, "trans": 88.35, "sample_num": 6807, "ori_download_link": "https://www.textflint.com/static/Tasks/NER/trans_dataset/OntoNotes v5/ori_AddRmvPunc.json", "trans_download_link": "https://www.textflint.com/static/Tasks/NER/trans_dataset/OntoNotes v5/trans_AddRmvPunc.json", "contributor": {"name": "Yiding Tan", "github": "https://github.com/Tannidy"}}, "WordCase-lower": {"ori": 88.85, "trans": 50.73, "sample_num": 8469, "ori_download_link": "https://www.textflint.com/static/Tasks/NER/trans_dataset/OntoNotes v5/ori_WordCase-lower.json", "trans_download_link": "https://www.textflint.com/static/Tasks/NER/trans_dataset/OntoNotes v5/trans_WordCase-lower.json", "contributor": {"name": "Yiding Tan", "github": "https://github.com/Tannidy"}}}}, {"model": "BERT-base(uncased)", "attack_results": {"WordCase-title": {"ori": 86.86, "trans": 86.72, "sample_num": 6815, "ori_download_link": "https://www.textflint.com/static/Tasks/NER/trans_dataset/OntoNotes v5/ori_WordCase-title.json", "trans_download_link": "https://www.textflint.com/static/Tasks/NER/trans_dataset/OntoNotes v5/trans_WordCase-title.json", "contributor": {"name": "Yiding Tan", "github": "https://github.com/Tannidy"}}, "WordCase-upper": {"ori": 86.87, "trans": 86.74, "sample_num": 6812, "ori_download_link": "https://www.textflint.com/static/Tasks/NER/trans_dataset/OntoNotes v5/ori_WordCase-upper.json", "trans_download_link": "https://www.textflint.com/static/Tasks/NER/trans_dataset/OntoNotes v5/trans_WordCase-upper.json", "contributor": {"name": "Yiding Tan", "github": "https://github.com/Tannidy"}}, "Keyboard": {"ori": 86.87, "trans": 64.56, "sample_num": 6792, "ori_download_link": "https://www.textflint.com/static/Tasks/NER/trans_dataset/OntoNotes v5/ori_Keyboard.json", "trans_download_link": "https://www.textflint.com/static/Tasks/NER/trans_dataset/OntoNotes v5/trans_Keyboard.json", "contributor": {"name": "Yiding Tan", "github": "https://github.com/Tannidy"}}, "MLMSuggestion": {"ori": 86.87, "trans": 71.89, "sample_num": 6740, "ori_download_link": "https://www.textflint.com/static/Tasks/NER/trans_dataset/OntoNotes v5/ori_MLMSuggestion.json", "trans_download_link": "https://www.textflint.com/static/Tasks/NER/trans_dataset/OntoNotes v5/trans_MLMSuggestion.json", "contributor": {"name": "Yiding Tan", "github": "https://github.com/Tannidy"}}, "SwapNum": {"ori": 86.56, "trans": 84.8, "sample_num": 771, "ori_download_link": "https://www.textflint.com/static/Tasks/NER/trans_dataset/OntoNotes v5/ori_SwapNum.json", "trans_download_link": "https://www.textflint.com/static/Tasks/NER/trans_dataset/OntoNotes v5/trans_SwapNum.json", "contributor": {"name": "Yiding Tan", "github": "https://github.com/Tannidy"}}, "Ocr": {"ori": 86.87, "trans": 65.26, "sample_num": 6597, "ori_download_link": "https://www.textflint.com/static/Tasks/NER/trans_dataset/OntoNotes v5/ori_Ocr.json", "trans_download_link": "https://www.textflint.com/static/Tasks/NER/trans_dataset/OntoNotes v5/trans_Ocr.json", "contributor": {"name": "Yiding Tan", "github": "https://github.com/Tannidy"}}, "RevNeg": {"ori": 87.08, "trans": 84.96, "sample_num": 4702, "ori_download_link": "https://www.textflint.com/static/Tasks/NER/trans_dataset/OntoNotes v5/ori_RevNeg.json", "trans_download_link": "https://www.textflint.com/static/Tasks/NER/trans_dataset/OntoNotes v5/trans_RevNeg.json", "contributor": {"name": "Yiding Tan", "github": "https://github.com/Tannidy"}}, "SpellingError": {"ori": 86.93, "trans": 60.44, "sample_num": 6302, "ori_download_link": "https://www.textflint.com/static/Tasks/NER/trans_dataset/OntoNotes v5/ori_SpellingError.json", "trans_download_link": "https://www.textflint.com/static/Tasks/NER/trans_dataset/OntoNotes v5/trans_SpellingError.json", "contributor": {"name": "Yiding Tan", "github": "https://github.com/Tannidy"}}, "Tense": {"ori": 86.88, "trans": 86.62, "sample_num": 4853, "ori_download_link": "https://www.textflint.com/static/Tasks/NER/trans_dataset/OntoNotes v5/ori_Tense.json", "trans_download_link": "https://www.textflint.com/static/Tasks/NER/trans_dataset/OntoNotes v5/trans_Tense.json", "contributor": {"name": "Yiding Tan", "github": "https://github.com/Tannidy"}}, "SwapSyn-WordNet": {"ori": 86.54, "trans": 85.0, "sample_num": 6244, "ori_download_link": "https://www.textflint.com/static/Tasks/NER/trans_dataset/OntoNotes v5/ori_SwapSyn-WordNet.json", "trans_download_link": "https://www.textflint.com/static/Tasks/NER/trans_dataset/OntoNotes v5/trans_SwapSyn-WordNet.json", "contributor": {"name": "Yiding Tan", "github": "https://github.com/Tannidy"}}, "SwapAnt-WordNet": {"ori": 86.87, "trans": 81.49, "sample_num": 3185, "ori_download_link": "https://www.textflint.com/static/Tasks/NER/trans_dataset/OntoNotes v5/ori_SwapAnt-WordNet.json", "trans_download_link": "https://www.textflint.com/static/Tasks/NER/trans_dataset/OntoNotes v5/trans_SwapAnt-WordNet.json", "contributor": {"name": "Yiding Tan", "github": "https://github.com/Tannidy"}}, "TwitterType": {"ori": 86.87, "trans": 85.33, "sample_num": 6812, "ori_download_link": "https://www.textflint.com/static/Tasks/NER/trans_dataset/OntoNotes v5/ori_TwitterType.json", "trans_download_link": "https://www.textflint.com/static/Tasks/NER/trans_dataset/OntoNotes v5/trans_TwitterType.json", "contributor": {"name": "Yiding Tan", "github": "https://github.com/Tannidy"}}, "Typos-random": {"ori": 86.87, "trans": 56.33, "sample_num": 6696, "ori_download_link": "https://www.textflint.com/static/Tasks/NER/trans_dataset/OntoNotes v5/ori_Typos-random.json", "trans_download_link": "https://www.textflint.com/static/Tasks/NER/trans_dataset/OntoNotes v5/trans_Typos-random.json", "contributor": {"name": "Yiding Tan", "github": "https://github.com/Tannidy"}}, "SwapSyn-WordEmbedding": {"ori": 86.87, "trans": 83.78, "sample_num": 5934, "ori_download_link": "https://www.textflint.com/static/Tasks/NER/trans_dataset/OntoNotes v5/ori_SwapSyn-WordEmbedding.json", "trans_download_link": "https://www.textflint.com/static/Tasks/NER/trans_dataset/OntoNotes v5/trans_SwapSyn-WordEmbedding.json", "contributor": {"name": "Yiding Tan", "github": "https://github.com/Tannidy"}}, "InsertAdv": {"ori": 86.73, "trans": 81.66, "sample_num": 5628, "ori_download_link": "https://www.textflint.com/static/Tasks/NER/trans_dataset/OntoNotes v5/ori_InsertAdv.json", "trans_download_link": "https://www.textflint.com/static/Tasks/NER/trans_dataset/OntoNotes v5/trans_InsertAdv.json", "contributor": {"name": "Yiding Tan", "github": "https://github.com/Tannidy"}}, "AppendIrr": {"ori": 86.87, "trans": 83.82, "sample_num": 6812, "ori_download_link": "https://www.textflint.com/static/Tasks/NER/trans_dataset/OntoNotes v5/ori_AppendIrr.json", "trans_download_link": "https://www.textflint.com/static/Tasks/NER/trans_dataset/OntoNotes v5/trans_AppendIrr.json", "contributor": {"name": "Yiding Tan", "github": "https://github.com/Tannidy"}}, "Contraction": {"ori": 86.03, "trans": 85.98, "sample_num": 1477, "ori_download_link": "https://www.textflint.com/static/Tasks/NER/trans_dataset/OntoNotes v5/ori_Contraction.json", "trans_download_link": "https://www.textflint.com/static/Tasks/NER/trans_dataset/OntoNotes v5/trans_Contraction.json", "contributor": {"name": "Yiding Tan", "github": "https://github.com/Tannidy"}}, "AddRmvPunc": {"ori": 86.87, "trans": 86.2, "sample_num": 6807, "ori_download_link": "https://www.textflint.com/static/Tasks/NER/trans_dataset/OntoNotes v5/ori_AddRmvPunc.json", "trans_download_link": "https://www.textflint.com/static/Tasks/NER/trans_dataset/OntoNotes v5/trans_AddRmvPunc.json", "contributor": {"name": "Yiding Tan", "github": "https://github.com/Tannidy"}}, "WordCase-lower": {"ori": 86.85, "trans": 86.85, "sample_num": 8469, "ori_download_link": "https://www.textflint.com/static/Tasks/NER/trans_dataset/OntoNotes v5/ori_WordCase-lower.json", "trans_download_link": "https://www.textflint.com/static/Tasks/NER/trans_dataset/OntoNotes v5/trans_WordCase-lower.json", "contributor": {"name": "Yiding Tan", "github": "https://github.com/Tannidy"}}}}, {"model": "TENER", "attack_results": {"WordCase-title": {"ori": 87.83, "trans": 70.03, "sample_num": 6815, "ori_download_link": "https://www.textflint.com/static/Tasks/NER/trans_dataset/OntoNotes v5/ori_WordCase-title.json", "trans_download_link": "https://www.textflint.com/static/Tasks/NER/trans_dataset/OntoNotes v5/trans_WordCase-title.json", "contributor": {"name": "Yiding Tan", "github": "https://github.com/Tannidy"}}, "WordCase-upper": {"ori": 87.82, "trans": 35.56, "sample_num": 6812, "ori_download_link": "https://www.textflint.com/static/Tasks/NER/trans_dataset/OntoNotes v5/ori_WordCase-upper.json", "trans_download_link": "https://www.textflint.com/static/Tasks/NER/trans_dataset/OntoNotes v5/trans_WordCase-upper.json", "contributor": {"name": "Yiding Tan", "github": "https://github.com/Tannidy"}}, "Keyboard": {"ori": 87.82, "trans": 72.23, "sample_num": 6792, "ori_download_link": "https://www.textflint.com/static/Tasks/NER/trans_dataset/OntoNotes v5/ori_Keyboard.json", "trans_download_link": "https://www.textflint.com/static/Tasks/NER/trans_dataset/OntoNotes v5/trans_Keyboard.json", "contributor": {"name": "Yiding Tan", "github": "https://github.com/Tannidy"}}, "MLMSuggestion": {"ori": 87.81, "trans": 73.0, "sample_num": 6740, "ori_download_link": "https://www.textflint.com/static/Tasks/NER/trans_dataset/OntoNotes v5/ori_MLMSuggestion.json", "trans_download_link": "https://www.textflint.com/static/Tasks/NER/trans_dataset/OntoNotes v5/trans_MLMSuggestion.json", "contributor": {"name": "Yiding Tan", "github": "https://github.com/Tannidy"}}, "SwapNum": {"ori": 87.7, "trans": 84.92, "sample_num": 771, "ori_download_link": "https://www.textflint.com/static/Tasks/NER/trans_dataset/OntoNotes v5/ori_SwapNum.json", "trans_download_link": "https://www.textflint.com/static/Tasks/NER/trans_dataset/OntoNotes v5/trans_SwapNum.json", "contributor": {"name": "Yiding Tan", "github": "https://github.com/Tannidy"}}, "Ocr": {"ori": 87.81, "trans": 72.43, "sample_num": 6597, "ori_download_link": "https://www.textflint.com/static/Tasks/NER/trans_dataset/OntoNotes v5/ori_Ocr.json", "trans_download_link": "https://www.textflint.com/static/Tasks/NER/trans_dataset/OntoNotes v5/trans_Ocr.json", "contributor": {"name": "Yiding Tan", "github": "https://github.com/Tannidy"}}, "RevNeg": {"ori": 87.91, "trans": 86.76, "sample_num": 4702, "ori_download_link": "https://www.textflint.com/static/Tasks/NER/trans_dataset/OntoNotes v5/ori_RevNeg.json", "trans_download_link": "https://www.textflint.com/static/Tasks/NER/trans_dataset/OntoNotes v5/trans_RevNeg.json", "contributor": {"name": "Yiding Tan", "github": "https://github.com/Tannidy"}}, "SpellingError": {"ori": 87.91, "trans": 69.31, "sample_num": 6302, "ori_download_link": "https://www.textflint.com/static/Tasks/NER/trans_dataset/OntoNotes v5/ori_SpellingError.json", "trans_download_link": "https://www.textflint.com/static/Tasks/NER/trans_dataset/OntoNotes v5/trans_SpellingError.json", "contributor": {"name": "Yiding Tan", "github": "https://github.com/Tannidy"}}, "Tense": {"ori": 88.0, "trans": 88.2, "sample_num": 4853, "ori_download_link": "https://www.textflint.com/static/Tasks/NER/trans_dataset/OntoNotes v5/ori_Tense.json", "trans_download_link": "https://www.textflint.com/static/Tasks/NER/trans_dataset/OntoNotes v5/trans_Tense.json", "contributor": {"name": "Yiding Tan", "github": "https://github.com/Tannidy"}}, "SwapSyn-WordNet": {"ori": 87.88, "trans": 85.75, "sample_num": 6244, "ori_download_link": "https://www.textflint.com/static/Tasks/NER/trans_dataset/OntoNotes v5/ori_SwapSyn-WordNet.json", "trans_download_link": "https://www.textflint.com/static/Tasks/NER/trans_dataset/OntoNotes v5/trans_SwapSyn-WordNet.json", "contributor": {"name": "Yiding Tan", "github": "https://github.com/Tannidy"}}, "SwapAnt-WordNet": {"ori": 87.89, "trans": 81.99, "sample_num": 3185, "ori_download_link": "https://www.textflint.com/static/Tasks/NER/trans_dataset/OntoNotes v5/ori_SwapAnt-WordNet.json", "trans_download_link": "https://www.textflint.com/static/Tasks/NER/trans_dataset/OntoNotes v5/trans_SwapAnt-WordNet.json", "contributor": {"name": "Yiding Tan", "github": "https://github.com/Tannidy"}}, "TwitterType": {"ori": 87.82, "trans": 86.53, "sample_num": 6812, "ori_download_link": "https://www.textflint.com/static/Tasks/NER/trans_dataset/OntoNotes v5/ori_TwitterType.json", "trans_download_link": "https://www.textflint.com/static/Tasks/NER/trans_dataset/OntoNotes v5/trans_TwitterType.json", "contributor": {"name": "Yiding Tan", "github": "https://github.com/Tannidy"}}, "Typos-random": {"ori": 87.8, "trans": 65.87, "sample_num": 6696, "ori_download_link": "https://www.textflint.com/static/Tasks/NER/trans_dataset/OntoNotes v5/ori_Typos-random.json", "trans_download_link": "https://www.textflint.com/static/Tasks/NER/trans_dataset/OntoNotes v5/trans_Typos-random.json", "contributor": {"name": "Yiding Tan", "github": "https://github.com/Tannidy"}}, "SwapSyn-WordEmbedding": {"ori": 87.95, "trans": 86.06, "sample_num": 5934, "ori_download_link": "https://www.textflint.com/static/Tasks/NER/trans_dataset/OntoNotes v5/ori_SwapSyn-WordEmbedding.json", "trans_download_link": "https://www.textflint.com/static/Tasks/NER/trans_dataset/OntoNotes v5/trans_SwapSyn-WordEmbedding.json", "contributor": {"name": "Yiding Tan", "github": "https://github.com/Tannidy"}}, "InsertAdv": {"ori": 87.81, "trans": 85.57, "sample_num": 5628, "ori_download_link": "https://www.textflint.com/static/Tasks/NER/trans_dataset/OntoNotes v5/ori_InsertAdv.json", "trans_download_link": "https://www.textflint.com/static/Tasks/NER/trans_dataset/OntoNotes v5/trans_InsertAdv.json", "contributor": {"name": "Yiding Tan", "github": "https://github.com/Tannidy"}}, "AppendIrr": {"ori": 87.82, "trans": 83.37, "sample_num": 6812, "ori_download_link": "https://www.textflint.com/static/Tasks/NER/trans_dataset/OntoNotes v5/ori_AppendIrr.json", "trans_download_link": "https://www.textflint.com/static/Tasks/NER/trans_dataset/OntoNotes v5/trans_AppendIrr.json", "contributor": {"name": "Yiding Tan", "github": "https://github.com/Tannidy"}}, "Contraction": {"ori": 86.77, "trans": 86.42, "sample_num": 1477, "ori_download_link": "https://www.textflint.com/static/Tasks/NER/trans_dataset/OntoNotes v5/ori_Contraction.json", "trans_download_link": "https://www.textflint.com/static/Tasks/NER/trans_dataset/OntoNotes v5/trans_Contraction.json", "contributor": {"name": "Yiding Tan", "github": "https://github.com/Tannidy"}}, "AddRmvPunc": {"ori": 87.82, "trans": 86.5, "sample_num": 6807, "ori_download_link": "https://www.textflint.com/static/Tasks/NER/trans_dataset/OntoNotes v5/ori_AddRmvPunc.json", "trans_download_link": "https://www.textflint.com/static/Tasks/NER/trans_dataset/OntoNotes v5/trans_AddRmvPunc.json", "contributor": {"name": "Yiding Tan", "github": "https://github.com/Tannidy"}}, "WordCase-lower": {"ori": 87.92, "trans": 47.97, "sample_num": 8469, "ori_download_link": "https://www.textflint.com/static/Tasks/NER/trans_dataset/OntoNotes v5/ori_WordCase-lower.json", "trans_download_link": "https://www.textflint.com/static/Tasks/NER/trans_dataset/OntoNotes v5/trans_WordCase-lower.json", "contributor": {"name": "Yiding Tan", "github": "https://github.com/Tannidy"}}}}, {"model": "GRN", "attack_results": {"WordCase-title": {"ori": 87.37, "trans": 69.59, "sample_num": 6815, "ori_download_link": "https://www.textflint.com/static/Tasks/NER/trans_dataset/OntoNotes v5/ori_WordCase-title.json", "trans_download_link": "https://www.textflint.com/static/Tasks/NER/trans_dataset/OntoNotes v5/trans_WordCase-title.json", "contributor": {"name": "Yiding Tan", "github": "https://github.com/Tannidy"}}, "WordCase-upper": {"ori": 87.37, "trans": 67.84, "sample_num": 6812, "ori_download_link": "https://www.textflint.com/static/Tasks/NER/trans_dataset/OntoNotes v5/ori_WordCase-upper.json", "trans_download_link": "https://www.textflint.com/static/Tasks/NER/trans_dataset/OntoNotes v5/trans_WordCase-upper.json", "contributor": {"name": "Yiding Tan", "github": "https://github.com/Tannidy"}}, "Keyboard": {"ori": 87.37, "trans": 59.9, "sample_num": 6792, "ori_download_link": "https://www.textflint.com/static/Tasks/NER/trans_dataset/OntoNotes v5/ori_Keyboard.json", "trans_download_link": "https://www.textflint.com/static/Tasks/NER/trans_dataset/OntoNotes v5/trans_Keyboard.json", "contributor": {"name": "Yiding Tan", "github": "https://github.com/Tannidy"}}, "MLMSuggestion": {"ori": 87.37, "trans": 72.03, "sample_num": 6740, "ori_download_link": "https://www.textflint.com/static/Tasks/NER/trans_dataset/OntoNotes v5/ori_MLMSuggestion.json", "trans_download_link": "https://www.textflint.com/static/Tasks/NER/trans_dataset/OntoNotes v5/trans_MLMSuggestion.json", "contributor": {"name": "Yiding Tan", "github": "https://github.com/Tannidy"}}, "SwapNum": {"ori": 87.47, "trans": 83.09, "sample_num": 771, "ori_download_link": "https://www.textflint.com/static/Tasks/NER/trans_dataset/OntoNotes v5/ori_SwapNum.json", "trans_download_link": "https://www.textflint.com/static/Tasks/NER/trans_dataset/OntoNotes v5/trans_SwapNum.json", "contributor": {"name": "Yiding Tan", "github": "https://github.com/Tannidy"}}, "Ocr": {"ori": 87.37, "trans": 63.46, "sample_num": 6597, "ori_download_link": "https://www.textflint.com/static/Tasks/NER/trans_dataset/OntoNotes v5/ori_Ocr.json", "trans_download_link": "https://www.textflint.com/static/Tasks/NER/trans_dataset/OntoNotes v5/trans_Ocr.json", "contributor": {"name": "Yiding Tan", "github": "https://github.com/Tannidy"}}, "RevNeg": {"ori": 87.53, "trans": 86.41, "sample_num": 4702, "ori_download_link": "https://www.textflint.com/static/Tasks/NER/trans_dataset/OntoNotes v5/ori_RevNeg.json", "trans_download_link": "https://www.textflint.com/static/Tasks/NER/trans_dataset/OntoNotes v5/trans_RevNeg.json", "contributor": {"name": "Yiding Tan", "github": "https://github.com/Tannidy"}}, "SpellingError": {"ori": 87.45, "trans": 67.59, "sample_num": 6302, "ori_download_link": "https://www.textflint.com/static/Tasks/NER/trans_dataset/OntoNotes v5/ori_SpellingError.json", "trans_download_link": "https://www.textflint.com/static/Tasks/NER/trans_dataset/OntoNotes v5/trans_SpellingError.json", "contributor": {"name": "Yiding Tan", "github": "https://github.com/Tannidy"}}, "Tense": {"ori": 87.52, "trans": 87.61, "sample_num": 4853, "ori_download_link": "https://www.textflint.com/static/Tasks/NER/trans_dataset/OntoNotes v5/ori_Tense.json", "trans_download_link": "https://www.textflint.com/static/Tasks/NER/trans_dataset/OntoNotes v5/trans_Tense.json", "contributor": {"name": "Yiding Tan", "github": "https://github.com/Tannidy"}}, "SwapSyn-WordNet": {"ori": 87.2, "trans": 84.76, "sample_num": 6244, "ori_download_link": "https://www.textflint.com/static/Tasks/NER/trans_dataset/OntoNotes v5/ori_SwapSyn-WordNet.json", "trans_download_link": "https://www.textflint.com/static/Tasks/NER/trans_dataset/OntoNotes v5/trans_SwapSyn-WordNet.json", "contributor": {"name": "Yiding Tan", "github": "https://github.com/Tannidy"}}, "SwapAnt-WordNet": {"ori": 87.48, "trans": 80.79, "sample_num": 3185, "ori_download_link": "https://www.textflint.com/static/Tasks/NER/trans_dataset/OntoNotes v5/ori_SwapAnt-WordNet.json", "trans_download_link": "https://www.textflint.com/static/Tasks/NER/trans_dataset/OntoNotes v5/trans_SwapAnt-WordNet.json", "contributor": {"name": "Yiding Tan", "github": "https://github.com/Tannidy"}}, "TwitterType": {"ori": 87.37, "trans": 81.68, "sample_num": 6812, "ori_download_link": "https://www.textflint.com/static/Tasks/NER/trans_dataset/OntoNotes v5/ori_TwitterType.json", "trans_download_link": "https://www.textflint.com/static/Tasks/NER/trans_dataset/OntoNotes v5/trans_TwitterType.json", "contributor": {"name": "Yiding Tan", "github": "https://github.com/Tannidy"}}, "Typos-random": {"ori": 87.38, "trans": 68.35, "sample_num": 6696, "ori_download_link": "https://www.textflint.com/static/Tasks/NER/trans_dataset/OntoNotes v5/ori_Typos-random.json", "trans_download_link": "https://www.textflint.com/static/Tasks/NER/trans_dataset/OntoNotes v5/trans_Typos-random.json", "contributor": {"name": "Yiding Tan", "github": "https://github.com/Tannidy"}}, "SwapSyn-WordEmbedding": {"ori": 87.49, "trans": 85.82, "sample_num": 5934, "ori_download_link": "https://www.textflint.com/static/Tasks/NER/trans_dataset/OntoNotes v5/ori_SwapSyn-WordEmbedding.json", "trans_download_link": "https://www.textflint.com/static/Tasks/NER/trans_dataset/OntoNotes v5/trans_SwapSyn-WordEmbedding.json", "contributor": {"name": "Yiding Tan", "github": "https://github.com/Tannidy"}}, "InsertAdv": {"ori": 87.29, "trans": 84.96, "sample_num": 5628, "ori_download_link": "https://www.textflint.com/static/Tasks/NER/trans_dataset/OntoNotes v5/ori_InsertAdv.json", "trans_download_link": "https://www.textflint.com/static/Tasks/NER/trans_dataset/OntoNotes v5/trans_InsertAdv.json", "contributor": {"name": "Yiding Tan", "github": "https://github.com/Tannidy"}}, "AppendIrr": {"ori": 87.37, "trans": 81.81, "sample_num": 6812, "ori_download_link": "https://www.textflint.com/static/Tasks/NER/trans_dataset/OntoNotes v5/ori_AppendIrr.json", "trans_download_link": "https://www.textflint.com/static/Tasks/NER/trans_dataset/OntoNotes v5/trans_AppendIrr.json", "contributor": {"name": "Yiding Tan", "github": "https://github.com/Tannidy"}}, "Contraction": {"ori": 85.6, "trans": 84.55, "sample_num": 1477, "ori_download_link": "https://www.textflint.com/static/Tasks/NER/trans_dataset/OntoNotes v5/ori_Contraction.json", "trans_download_link": "https://www.textflint.com/static/Tasks/NER/trans_dataset/OntoNotes v5/trans_Contraction.json", "contributor": {"name": "Yiding Tan", "github": "https://github.com/Tannidy"}}, "AddRmvPunc": {"ori": 87.37, "trans": 86.51, "sample_num": 6807, "ori_download_link": "https://www.textflint.com/static/Tasks/NER/trans_dataset/OntoNotes v5/ori_AddRmvPunc.json", "trans_download_link": "https://www.textflint.com/static/Tasks/NER/trans_dataset/OntoNotes v5/trans_AddRmvPunc.json", "contributor": {"name": "Yiding Tan", "github": "https://github.com/Tannidy"}}, "WordCase-lower": {"ori": 87.84, "trans": 56.81, "sample_num": 8469, "ori_download_link": "https://www.textflint.com/static/Tasks/NER/trans_dataset/OntoNotes v5/ori_WordCase-lower.json", "trans_download_link": "https://www.textflint.com/static/Tasks/NER/trans_dataset/OntoNotes v5/trans_WordCase-lower.json", "contributor": {"name": "Yiding Tan", "github": "https://github.com/Tannidy"}}}}, {"model": "flair embeddings", "attack_results": {"WordCase-title": {"ori": 87.37, "trans": 57.57, "sample_num": 6815, "ori_download_link": "https://www.textflint.com/static/Tasks/NER/trans_dataset/OntoNotes v5/ori_WordCase-title.json", "trans_download_link": "https://www.textflint.com/static/Tasks/NER/trans_dataset/OntoNotes v5/trans_WordCase-title.json", "contributor": {"name": "Yiding Tan", "github": "https://github.com/Tannidy"}}, "WordCase-upper": {"ori": 87.37, "trans": 79.65, "sample_num": 6812, "ori_download_link": "https://www.textflint.com/static/Tasks/NER/trans_dataset/OntoNotes v5/ori_WordCase-upper.json", "trans_download_link": "https://www.textflint.com/static/Tasks/NER/trans_dataset/OntoNotes v5/trans_WordCase-upper.json", "contributor": {"name": "Yiding Tan", "github": "https://github.com/Tannidy"}}, "Keyboard": {"ori": 87.37, "trans": 72.63, "sample_num": 6792, "ori_download_link": "https://www.textflint.com/static/Tasks/NER/trans_dataset/OntoNotes v5/ori_Keyboard.json", "trans_download_link": "https://www.textflint.com/static/Tasks/NER/trans_dataset/OntoNotes v5/trans_Keyboard.json", "contributor": {"name": "Yiding Tan", "github": "https://github.com/Tannidy"}}, "MLMSuggestion": {"ori": 87.38, "trans": 72.42, "sample_num": 6740, "ori_download_link": "https://www.textflint.com/static/Tasks/NER/trans_dataset/OntoNotes v5/ori_MLMSuggestion.json", "trans_download_link": "https://www.textflint.com/static/Tasks/NER/trans_dataset/OntoNotes v5/trans_MLMSuggestion.json", "contributor": {"name": "Yiding Tan", "github": "https://github.com/Tannidy"}}, "SwapNum": {"ori": 85.74, "trans": 83.37, "sample_num": 771, "ori_download_link": "https://www.textflint.com/static/Tasks/NER/trans_dataset/OntoNotes v5/ori_SwapNum.json", "trans_download_link": "https://www.textflint.com/static/Tasks/NER/trans_dataset/OntoNotes v5/trans_SwapNum.json", "contributor": {"name": "Yiding Tan", "github": "https://github.com/Tannidy"}}, "Ocr": {"ori": 87.37, "trans": 75.37, "sample_num": 6597, "ori_download_link": "https://www.textflint.com/static/Tasks/NER/trans_dataset/OntoNotes v5/ori_Ocr.json", "trans_download_link": "https://www.textflint.com/static/Tasks/NER/trans_dataset/OntoNotes v5/trans_Ocr.json", "contributor": {"name": "Yiding Tan", "github": "https://github.com/Tannidy"}}, "RevNeg": {"ori": 87.45, "trans": 86.14, "sample_num": 4702, "ori_download_link": "https://www.textflint.com/static/Tasks/NER/trans_dataset/OntoNotes v5/ori_RevNeg.json", "trans_download_link": "https://www.textflint.com/static/Tasks/NER/trans_dataset/OntoNotes v5/trans_RevNeg.json", "contributor": {"name": "Yiding Tan", "github": "https://github.com/Tannidy"}}, "SpellingError": {"ori": 87.53, "trans": 72.05, "sample_num": 6302, "ori_download_link": "https://www.textflint.com/static/Tasks/NER/trans_dataset/OntoNotes v5/ori_SpellingError.json", "trans_download_link": "https://www.textflint.com/static/Tasks/NER/trans_dataset/OntoNotes v5/trans_SpellingError.json", "contributor": {"name": "Yiding Tan", "github": "https://github.com/Tannidy"}}, "Tense": {"ori": 87.84, "trans": 87.76, "sample_num": 4853, "ori_download_link": "https://www.textflint.com/static/Tasks/NER/trans_dataset/OntoNotes v5/ori_Tense.json", "trans_download_link": "https://www.textflint.com/static/Tasks/NER/trans_dataset/OntoNotes v5/trans_Tense.json", "contributor": {"name": "Yiding Tan", "github": "https://github.com/Tannidy"}}, "SwapSyn-WordNet": {"ori": 87.38, "trans": 84.67, "sample_num": 6244, "ori_download_link": "https://www.textflint.com/static/Tasks/NER/trans_dataset/OntoNotes v5/ori_SwapSyn-WordNet.json", "trans_download_link": "https://www.textflint.com/static/Tasks/NER/trans_dataset/OntoNotes v5/trans_SwapSyn-WordNet.json", "contributor": {"name": "Yiding Tan", "github": "https://github.com/Tannidy"}}, "SwapAnt-WordNet": {"ori": 87.48, "trans": 81.32, "sample_num": 3185, "ori_download_link": "https://www.textflint.com/static/Tasks/NER/trans_dataset/OntoNotes v5/ori_SwapAnt-WordNet.json", "trans_download_link": "https://www.textflint.com/static/Tasks/NER/trans_dataset/OntoNotes v5/trans_SwapAnt-WordNet.json", "contributor": {"name": "Yiding Tan", "github": "https://github.com/Tannidy"}}, "TwitterType": {"ori": 87.37, "trans": 83.68, "sample_num": 6812, "ori_download_link": "https://www.textflint.com/static/Tasks/NER/trans_dataset/OntoNotes v5/ori_TwitterType.json", "trans_download_link": "https://www.textflint.com/static/Tasks/NER/trans_dataset/OntoNotes v5/trans_TwitterType.json", "contributor": {"name": "Yiding Tan", "github": "https://github.com/Tannidy"}}, "Typos-random": {"ori": 87.37, "trans": 73.09, "sample_num": 6696, "ori_download_link": "https://www.textflint.com/static/Tasks/NER/trans_dataset/OntoNotes v5/ori_Typos-random.json", "trans_download_link": "https://www.textflint.com/static/Tasks/NER/trans_dataset/OntoNotes v5/trans_Typos-random.json", "contributor": {"name": "Yiding Tan", "github": "https://github.com/Tannidy"}}, "SwapSyn-WordEmbedding": {"ori": 87.69, "trans": 85.49, "sample_num": 5934, "ori_download_link": "https://www.textflint.com/static/Tasks/NER/trans_dataset/OntoNotes v5/ori_SwapSyn-WordEmbedding.json", "trans_download_link": "https://www.textflint.com/static/Tasks/NER/trans_dataset/OntoNotes v5/trans_SwapSyn-WordEmbedding.json", "contributor": {"name": "Yiding Tan", "github": "https://github.com/Tannidy"}}, "InsertAdv": {"ori": 87.54, "trans": 86.3, "sample_num": 5628, "ori_download_link": "https://www.textflint.com/static/Tasks/NER/trans_dataset/OntoNotes v5/ori_InsertAdv.json", "trans_download_link": "https://www.textflint.com/static/Tasks/NER/trans_dataset/OntoNotes v5/trans_InsertAdv.json", "contributor": {"name": "Yiding Tan", "github": "https://github.com/Tannidy"}}, "AppendIrr": {"ori": 87.37, "trans": 83.54, "sample_num": 6812, "ori_download_link": "https://www.textflint.com/static/Tasks/NER/trans_dataset/OntoNotes v5/ori_AppendIrr.json", "trans_download_link": "https://www.textflint.com/static/Tasks/NER/trans_dataset/OntoNotes v5/trans_AppendIrr.json", "contributor": {"name": "Yiding Tan", "github": "https://github.com/Tannidy"}}, "Contraction": {"ori": 86.54, "trans": 85.74, "sample_num": 1477, "ori_download_link": "https://www.textflint.com/static/Tasks/NER/trans_dataset/OntoNotes v5/ori_Contraction.json", "trans_download_link": "https://www.textflint.com/static/Tasks/NER/trans_dataset/OntoNotes v5/trans_Contraction.json", "contributor": {"name": "Yiding Tan", "github": "https://github.com/Tannidy"}}, "AddRmvPunc": {"ori": 87.37, "trans": 86.75, "sample_num": 6807, "ori_download_link": "https://www.textflint.com/static/Tasks/NER/trans_dataset/OntoNotes v5/ori_AddRmvPunc.json", "trans_download_link": "https://www.textflint.com/static/Tasks/NER/trans_dataset/OntoNotes v5/trans_AddRmvPunc.json", "contributor": {"name": "Yiding Tan", "github": "https://github.com/Tannidy"}}, "WordCase-lower": {"ori": 86.91, "trans": 74.53, "sample_num": 8469, "ori_download_link": "https://www.textflint.com/static/Tasks/NER/trans_dataset/OntoNotes v5/ori_WordCase-lower.json", "trans_download_link": "https://www.textflint.com/static/Tasks/NER/trans_dataset/OntoNotes v5/trans_WordCase-lower.json", "contributor": {"name": "Yiding Tan", "github": "https://github.com/Tannidy"}}}}, {"model": "BiLSTM-CRF+ELMo", "attack_results": {"WordCase-title": {"ori": 87.43, "trans": 62.39, "sample_num": 6815, "ori_download_link": "https://www.textflint.com/static/Tasks/NER/trans_dataset/OntoNotes v5/ori_WordCase-title.json", "trans_download_link": "https://www.textflint.com/static/Tasks/NER/trans_dataset/OntoNotes v5/trans_WordCase-title.json", "contributor": {"name": "Yiding Tan", "github": "https://github.com/Tannidy"}}, "WordCase-upper": {"ori": 87.43, "trans": 44.15, "sample_num": 6812, "ori_download_link": "https://www.textflint.com/static/Tasks/NER/trans_dataset/OntoNotes v5/ori_WordCase-upper.json", "trans_download_link": "https://www.textflint.com/static/Tasks/NER/trans_dataset/OntoNotes v5/trans_WordCase-upper.json", "contributor": {"name": "Yiding Tan", "github": "https://github.com/Tannidy"}}, "Keyboard": {"ori": 87.45, "trans": 71.27, "sample_num": 6792, "ori_download_link": "https://www.textflint.com/static/Tasks/NER/trans_dataset/OntoNotes v5/ori_Keyboard.json", "trans_download_link": "https://www.textflint.com/static/Tasks/NER/trans_dataset/OntoNotes v5/trans_Keyboard.json", "contributor": {"name": "Yiding Tan", "github": "https://github.com/Tannidy"}}, "MLMSuggestion": {"ori": 87.47, "trans": 71.57, "sample_num": 6740, "ori_download_link": "https://www.textflint.com/static/Tasks/NER/trans_dataset/OntoNotes v5/ori_MLMSuggestion.json", "trans_download_link": "https://www.textflint.com/static/Tasks/NER/trans_dataset/OntoNotes v5/trans_MLMSuggestion.json", "contributor": {"name": "Yiding Tan", "github": "https://github.com/Tannidy"}}, "SwapNum": {"ori": 85.61, "trans": 82.67, "sample_num": 771, "ori_download_link": "https://www.textflint.com/static/Tasks/NER/trans_dataset/OntoNotes v5/ori_SwapNum.json", "trans_download_link": "https://www.textflint.com/static/Tasks/NER/trans_dataset/OntoNotes v5/trans_SwapNum.json", "contributor": {"name": "Yiding Tan", "github": "https://github.com/Tannidy"}}, "Ocr": {"ori": 87.45, "trans": 75.58, "sample_num": 6597, "ori_download_link": "https://www.textflint.com/static/Tasks/NER/trans_dataset/OntoNotes v5/ori_Ocr.json", "trans_download_link": "https://www.textflint.com/static/Tasks/NER/trans_dataset/OntoNotes v5/trans_Ocr.json", "contributor": {"name": "Yiding Tan", "github": "https://github.com/Tannidy"}}, "RevNeg": {"ori": 87.55, "trans": 85.83, "sample_num": 4702, "ori_download_link": "https://www.textflint.com/static/Tasks/NER/trans_dataset/OntoNotes v5/ori_RevNeg.json", "trans_download_link": "https://www.textflint.com/static/Tasks/NER/trans_dataset/OntoNotes v5/trans_RevNeg.json", "contributor": {"name": "Yiding Tan", "github": "https://github.com/Tannidy"}}, "SpellingError": {"ori": 87.6, "trans": 71.14, "sample_num": 6302, "ori_download_link": "https://www.textflint.com/static/Tasks/NER/trans_dataset/OntoNotes v5/ori_SpellingError.json", "trans_download_link": "https://www.textflint.com/static/Tasks/NER/trans_dataset/OntoNotes v5/trans_SpellingError.json", "contributor": {"name": "Yiding Tan", "github": "https://github.com/Tannidy"}}, "Tense": {"ori": 87.91, "trans": 87.69, "sample_num": 4853, "ori_download_link": "https://www.textflint.com/static/Tasks/NER/trans_dataset/OntoNotes v5/ori_Tense.json", "trans_download_link": "https://www.textflint.com/static/Tasks/NER/trans_dataset/OntoNotes v5/trans_Tense.json", "contributor": {"name": "Yiding Tan", "github": "https://github.com/Tannidy"}}, "SwapSyn-WordNet": {"ori": 87.37, "trans": 84.37, "sample_num": 6244, "ori_download_link": "https://www.textflint.com/static/Tasks/NER/trans_dataset/OntoNotes v5/ori_SwapSyn-WordNet.json", "trans_download_link": "https://www.textflint.com/static/Tasks/NER/trans_dataset/OntoNotes v5/trans_SwapSyn-WordNet.json", "contributor": {"name": "Yiding Tan", "github": "https://github.com/Tannidy"}}, "SwapAnt-WordNet": {"ori": 87.52, "trans": 80.84, "sample_num": 3185, "ori_download_link": "https://www.textflint.com/static/Tasks/NER/trans_dataset/OntoNotes v5/ori_SwapAnt-WordNet.json", "trans_download_link": "https://www.textflint.com/static/Tasks/NER/trans_dataset/OntoNotes v5/trans_SwapAnt-WordNet.json", "contributor": {"name": "Yiding Tan", "github": "https://github.com/Tannidy"}}, "TwitterType": {"ori": 87.43, "trans": 84.73, "sample_num": 6812, "ori_download_link": "https://www.textflint.com/static/Tasks/NER/trans_dataset/OntoNotes v5/ori_TwitterType.json", "trans_download_link": "https://www.textflint.com/static/Tasks/NER/trans_dataset/OntoNotes v5/trans_TwitterType.json", "contributor": {"name": "Yiding Tan", "github": "https://github.com/Tannidy"}}, "Typos-random": {"ori": 87.44, "trans": 71.9, "sample_num": 6696, "ori_download_link": "https://www.textflint.com/static/Tasks/NER/trans_dataset/OntoNotes v5/ori_Typos-random.json", "trans_download_link": "https://www.textflint.com/static/Tasks/NER/trans_dataset/OntoNotes v5/trans_Typos-random.json", "contributor": {"name": "Yiding Tan", "github": "https://github.com/Tannidy"}}, "SwapSyn-WordEmbedding": {"ori": 87.67, "trans": 85.36, "sample_num": 5934, "ori_download_link": "https://www.textflint.com/static/Tasks/NER/trans_dataset/OntoNotes v5/ori_SwapSyn-WordEmbedding.json", "trans_download_link": "https://www.textflint.com/static/Tasks/NER/trans_dataset/OntoNotes v5/trans_SwapSyn-WordEmbedding.json", "contributor": {"name": "Yiding Tan", "github": "https://github.com/Tannidy"}}, "InsertAdv": {"ori": 87.64, "trans": 86.2, "sample_num": 5628, "ori_download_link": "https://www.textflint.com/static/Tasks/NER/trans_dataset/OntoNotes v5/ori_InsertAdv.json", "trans_download_link": "https://www.textflint.com/static/Tasks/NER/trans_dataset/OntoNotes v5/trans_InsertAdv.json", "contributor": {"name": "Yiding Tan", "github": "https://github.com/Tannidy"}}, "AppendIrr": {"ori": 87.43, "trans": 84.23, "sample_num": 6812, "ori_download_link": "https://www.textflint.com/static/Tasks/NER/trans_dataset/OntoNotes v5/ori_AppendIrr.json", "trans_download_link": "https://www.textflint.com/static/Tasks/NER/trans_dataset/OntoNotes v5/trans_AppendIrr.json", "contributor": {"name": "Yiding Tan", "github": "https://github.com/Tannidy"}}, "Contraction": {"ori": 86.71, "trans": 84.73, "sample_num": 1477, "ori_download_link": "https://www.textflint.com/static/Tasks/NER/trans_dataset/OntoNotes v5/ori_Contraction.json", "trans_download_link": "https://www.textflint.com/static/Tasks/NER/trans_dataset/OntoNotes v5/trans_Contraction.json", "contributor": {"name": "Yiding Tan", "github": "https://github.com/Tannidy"}}, "AddRmvPunc": {"ori": 87.43, "trans": 84.97, "sample_num": 6807, "ori_download_link": "https://www.textflint.com/static/Tasks/NER/trans_dataset/OntoNotes v5/ori_AddRmvPunc.json", "trans_download_link": "https://www.textflint.com/static/Tasks/NER/trans_dataset/OntoNotes v5/trans_AddRmvPunc.json", "contributor": {"name": "Yiding Tan", "github": "https://github.com/Tannidy"}}, "WordCase-lower": {"ori": 85.62, "trans": 52.51, "sample_num": 8469, "ori_download_link": "https://www.textflint.com/static/Tasks/NER/trans_dataset/OntoNotes v5/ori_WordCase-lower.json", "trans_download_link": "https://www.textflint.com/static/Tasks/NER/trans_dataset/OntoNotes v5/trans_WordCase-lower.json", "contributor": {"name": "Yiding Tan", "github": "https://github.com/Tannidy"}}}}, {"model": "Flair embeddings + Pooling", "attack_results": {"WordCase-title": {"ori": 85.99, "trans": 44.81, "sample_num": 6815, "ori_download_link": "https://www.textflint.com/static/Tasks/NER/trans_dataset/OntoNotes v5/ori_WordCase-title.json", "trans_download_link": "https://www.textflint.com/static/Tasks/NER/trans_dataset/OntoNotes v5/trans_WordCase-title.json", "contributor": {"name": "Yiding Tan", "github": "https://github.com/Tannidy"}}, "WordCase-upper": {"ori": 85.99, "trans": 80.46, "sample_num": 6812, "ori_download_link": "https://www.textflint.com/static/Tasks/NER/trans_dataset/OntoNotes v5/ori_WordCase-upper.json", "trans_download_link": "https://www.textflint.com/static/Tasks/NER/trans_dataset/OntoNotes v5/trans_WordCase-upper.json", "contributor": {"name": "Yiding Tan", "github": "https://github.com/Tannidy"}}, "Keyboard": {"ori": 85.98, "trans": 70.75, "sample_num": 6792, "ori_download_link": "https://www.textflint.com/static/Tasks/NER/trans_dataset/OntoNotes v5/ori_Keyboard.json", "trans_download_link": "https://www.textflint.com/static/Tasks/NER/trans_dataset/OntoNotes v5/trans_Keyboard.json", "contributor": {"name": "Yiding Tan", "github": "https://github.com/Tannidy"}}, "MLMSuggestion": {"ori": 86.0, "trans": 71.5, "sample_num": 6740, "ori_download_link": "https://www.textflint.com/static/Tasks/NER/trans_dataset/OntoNotes v5/ori_MLMSuggestion.json", "trans_download_link": "https://www.textflint.com/static/Tasks/NER/trans_dataset/OntoNotes v5/trans_MLMSuggestion.json", "contributor": {"name": "Yiding Tan", "github": "https://github.com/Tannidy"}}, "SwapNum": {"ori": 84.82, "trans": 81.35, "sample_num": 771, "ori_download_link": "https://www.textflint.com/static/Tasks/NER/trans_dataset/OntoNotes v5/ori_SwapNum.json", "trans_download_link": "https://www.textflint.com/static/Tasks/NER/trans_dataset/OntoNotes v5/trans_SwapNum.json", "contributor": {"name": "Yiding Tan", "github": "https://github.com/Tannidy"}}, "Ocr": {"ori": 86.01, "trans": 74.77, "sample_num": 6597, "ori_download_link": "https://www.textflint.com/static/Tasks/NER/trans_dataset/OntoNotes v5/ori_Ocr.json", "trans_download_link": "https://www.textflint.com/static/Tasks/NER/trans_dataset/OntoNotes v5/trans_Ocr.json", "contributor": {"name": "Yiding Tan", "github": "https://github.com/Tannidy"}}, "RevNeg": {"ori": 86.21, "trans": 84.97, "sample_num": 4702, "ori_download_link": "https://www.textflint.com/static/Tasks/NER/trans_dataset/OntoNotes v5/ori_RevNeg.json", "trans_download_link": "https://www.textflint.com/static/Tasks/NER/trans_dataset/OntoNotes v5/trans_RevNeg.json", "contributor": {"name": "Yiding Tan", "github": "https://github.com/Tannidy"}}, "SpellingError": {"ori": 86.13, "trans": 71.59, "sample_num": 6302, "ori_download_link": "https://www.textflint.com/static/Tasks/NER/trans_dataset/OntoNotes v5/ori_SpellingError.json", "trans_download_link": "https://www.textflint.com/static/Tasks/NER/trans_dataset/OntoNotes v5/trans_SpellingError.json", "contributor": {"name": "Yiding Tan", "github": "https://github.com/Tannidy"}}, "Tense": {"ori": 86.28, "trans": 86.19, "sample_num": 4853, "ori_download_link": "https://www.textflint.com/static/Tasks/NER/trans_dataset/OntoNotes v5/ori_Tense.json", "trans_download_link": "https://www.textflint.com/static/Tasks/NER/trans_dataset/OntoNotes v5/trans_Tense.json", "contributor": {"name": "Yiding Tan", "github": "https://github.com/Tannidy"}}, "SwapSyn-WordNet": {"ori": 86.04, "trans": 82.81, "sample_num": 6244, "ori_download_link": "https://www.textflint.com/static/Tasks/NER/trans_dataset/OntoNotes v5/ori_SwapSyn-WordNet.json", "trans_download_link": "https://www.textflint.com/static/Tasks/NER/trans_dataset/OntoNotes v5/trans_SwapSyn-WordNet.json", "contributor": {"name": "Yiding Tan", "github": "https://github.com/Tannidy"}}, "SwapAnt-WordNet": {"ori": 86.1, "trans": 79.87, "sample_num": 3185, "ori_download_link": "https://www.textflint.com/static/Tasks/NER/trans_dataset/OntoNotes v5/ori_SwapAnt-WordNet.json", "trans_download_link": "https://www.textflint.com/static/Tasks/NER/trans_dataset/OntoNotes v5/trans_SwapAnt-WordNet.json", "contributor": {"name": "Yiding Tan", "github": "https://github.com/Tannidy"}}, "TwitterType": {"ori": 85.99, "trans": 83.33, "sample_num": 6812, "ori_download_link": "https://www.textflint.com/static/Tasks/NER/trans_dataset/OntoNotes v5/ori_TwitterType.json", "trans_download_link": "https://www.textflint.com/static/Tasks/NER/trans_dataset/OntoNotes v5/trans_TwitterType.json", "contributor": {"name": "Yiding Tan", "github": "https://github.com/Tannidy"}}, "Typos-random": {"ori": 86.01, "trans": 70.91, "sample_num": 6696, "ori_download_link": "https://www.textflint.com/static/Tasks/NER/trans_dataset/OntoNotes v5/ori_Typos-random.json", "trans_download_link": "https://www.textflint.com/static/Tasks/NER/trans_dataset/OntoNotes v5/trans_Typos-random.json", "contributor": {"name": "Yiding Tan", "github": "https://github.com/Tannidy"}}, "SwapSyn-WordEmbedding": {"ori": 86.2, "trans": 83.89, "sample_num": 5934, "ori_download_link": "https://www.textflint.com/static/Tasks/NER/trans_dataset/OntoNotes v5/ori_SwapSyn-WordEmbedding.json", "trans_download_link": "https://www.textflint.com/static/Tasks/NER/trans_dataset/OntoNotes v5/trans_SwapSyn-WordEmbedding.json", "contributor": {"name": "Yiding Tan", "github": "https://github.com/Tannidy"}}, "InsertAdv": {"ori": 86.17, "trans": 85.31, "sample_num": 5628, "ori_download_link": "https://www.textflint.com/static/Tasks/NER/trans_dataset/OntoNotes v5/ori_InsertAdv.json", "trans_download_link": "https://www.textflint.com/static/Tasks/NER/trans_dataset/OntoNotes v5/trans_InsertAdv.json", "contributor": {"name": "Yiding Tan", "github": "https://github.com/Tannidy"}}, "AppendIrr": {"ori": 85.99, "trans": 82.08, "sample_num": 6812, "ori_download_link": "https://www.textflint.com/static/Tasks/NER/trans_dataset/OntoNotes v5/ori_AppendIrr.json", "trans_download_link": "https://www.textflint.com/static/Tasks/NER/trans_dataset/OntoNotes v5/trans_AppendIrr.json", "contributor": {"name": "Yiding Tan", "github": "https://github.com/Tannidy"}}, "Contraction": {"ori": 84.52, "trans": 83.75, "sample_num": 1477, "ori_download_link": "https://www.textflint.com/static/Tasks/NER/trans_dataset/OntoNotes v5/ori_Contraction.json", "trans_download_link": "https://www.textflint.com/static/Tasks/NER/trans_dataset/OntoNotes v5/trans_Contraction.json", "contributor": {"name": "Yiding Tan", "github": "https://github.com/Tannidy"}}, "AddRmvPunc": {"ori": 85.9, "trans": 85.2, "sample_num": 6807, "ori_download_link": "https://www.textflint.com/static/Tasks/NER/trans_dataset/OntoNotes v5/ori_AddRmvPunc.json", "trans_download_link": "https://www.textflint.com/static/Tasks/NER/trans_dataset/OntoNotes v5/trans_AddRmvPunc.json", "contributor": {"name": "Yiding Tan", "github": "https://github.com/Tannidy"}}, "WordCase-lower": {"ori": 85.57, "trans": 72.59, "sample_num": 8469, "ori_download_link": "https://www.textflint.com/static/Tasks/NER/trans_dataset/OntoNotes v5/ori_WordCase-lower.json", "trans_download_link": "https://www.textflint.com/static/Tasks/NER/trans_dataset/OntoNotes v5/trans_WordCase-lower.json", "contributor": {"name": "Yiding Tan", "github": "https://github.com/Tannidy"}}}}]